k_in,k_out,side,entry,exit,isl,sl_exit,lots,pnl,swap,mfe_px,mae_px,k_mfe,reason,j_in,j_pend,risk_usd,balance,spread_entry,atr_entry,adx_entry,sl_src,k_pend,be_hit,prot_active,min_equity,slip_usd,max_sl,k_mae,pend_px,pend_sl0,stage,time_in,time_out,time_mfe,time_pend,hold_min,bars_held,mfe_usd,mae_usd,gross_usd,r,mfe_r,mae_r,giveback_usd,giveback_pct,exit_reason,hour_in,weekday_in,session,fill_delay_bars,regime_trend,regime_direction,regime_vol,regime_breakout,regime_sharp_reversal,regime_big_move,regime
213,215,1,1989.62,1987.66,1987.76,1987.76,0.01,-1.959999999999809,0.0,-0.37999999999988177,1.9399999999998272,213,1,213,212,1.8599999999999,198.0400000000002,0.31,0.8918181818181768,33.18297799589665,1,213,0.0,0.0,198.06000000000017,0.2,1987.76,215,1989.52,1987.76,0,2020-09-01 06:33:00,2020-09-01 06:35:00,2020-09-01 06:33:00,2020-09-01 06:33:00,2.0,3,0.0,1.9399999999998272,-1.959999999999809,-1.053763440860169,0.0,1.0430107526881351,1.959999999999809,,SL_initial,6,1,Asia,0,weak_trend,bull,high_vol,False,False,False,weak_trend/high_vol
330,330,1,1988.7399999999998,1987.25,1987.35,1987.35,0.01,-1.4899999999997817,0.0,-0.31999999999970896,1.6599999999998545,330,1,330,329,1.3899999999998727,196.5500000000004,0.325,0.6072727272727124,26.303848730640876,1,330,0.0,0.0,196.38000000000034,0.2,1987.35,330,1988.6399999999999,1987.35,0,2020-09-01 08:30:00,2020-09-01 08:30:00,2020-09-01 08:30:00,2020-09-01 08:30:00,0.0,1,0.0,1.6599999999998545,-1.4899999999997817,-1.0719424460431066,0.0,1.1942446043165516,1.4899999999997817,,SL_initial,8,1,London,0,weak_trend,bull,high_vol,False,False,False,weak_trend/high_vol
390,401,-1,1984.5800000000002,1985.5189999999998,1986.4,1986.4,0.01,-0.9389999999996235,0.0,2.241000000000213,1.1189999999999145,391,8,390,389,1.8199999999999363,195.6110000000008,0.319,0.6072727272727227,19.8674523210866,1,390,0.0,0.0,195.4310000000005,0.2,1986.4,400,1984.68,1986.4,0,2020-09-01 09:30:00,2020-09-01 09:41:00,2020-09-01 09:31:00,2020-09-01 09:30:00,11.0,12,2.241000000000213,1.1189999999999145,-0.9389999999996235,-0.5159340659338771,1.2313186813188413,0.6148351648351393,3.1799999999998363,141.9009370816392,MA18_exit,9,1,London,0,weak_trend,bull,high_vol,False,False,False,weak_trend/high_vol
420,429,1,1988.87,1988.3200000000002,1987.41,1987.41,0.01,-0.5499999999997272,0.0,0.8100000000001728,0.849999999999909,423,8,420,419,1.459999999999809,195.06100000000106,0.319,0.8009090909090962,23.812624017019058,1,420,0.0,0.0,194.76100000000088,0.2,1987.41,420,1988.77,1987.41,0,2020-09-01 10:00:00,2020-09-01 10:09:00,2020-09-01 10:03:00,2020-09-01 10:00:00,9.0,10,0.8100000000001728,0.849999999999909,-0.5499999999997272,-0.3767123287669857,0.5547945205481362,0.5821917808219317,1.3599999999999,167.90123456785307,MA18_exit,10,1,London,0,weak_trend,bull,high_vol,False,False,False,weak_trend/high_vol
504,505,1,1990.08,1988.8600000000001,1988.26,1988.26,0.01,-1.2199999999998,0.0,-0.34999999999990905,1.25,504,8,504,502,1.8199999999999363,193.84100000000126,0.319,0.7931818181818202,19.32716854776098,1,503,0.0,0.0,193.81100000000106,0.2,1988.26,504,1989.98,1988.26,0,2020-09-01 11:24:00,2020-09-01 11:25:00,2020-09-01 11:24:00,2020-09-01 11:23:00,1.0,2,0.0,1.25,-1.2199999999998,-0.6703296703295838,0.0,0.6868131868132108,1.2199999999998,,MA18_exit,11,1,London,1,weak_trend,bull,high_vol,False,False,False,weak_trend/high_vol
541,542,1,1989.4199999999998,1988.5400000000002,1987.49,1987.49,0.01,-0.8799999999996544,0.0,-0.209999999999809,1.4899999999997817,541,8,541,540,1.9299999999998363,192.9610000000016,0.319,0.7031818181818298,23.920250858300257,1,541,0.0,0.0,192.35100000000148,0.2,1987.49,541,1989.32,1987.49,0,2020-09-01 12:01:00,2020-09-01 12:02:00,2020-09-01 12:01:00,2020-09-01 12:01:00,1.0,2,0.0,1.4899999999997817,-0.8799999999996544,-0.45595854922265755,0.0,0.7720207253885534,0.8799999999996544,,MA18_exit,12,1,London,0,weak_trend,bull,high_vol,False,False,False,weak_trend/high_vol
600,600,-1,1987.2000000000003,1988.2189999999998,1988.08,1988.08,0.01,-1.0189999999995507,0.0,0.9010000000002947,0.9789999999995871,600,1,600,591,0.8799999999996544,191.94200000000205,0.319,0.4431818181818182,18.814090509014846,1,592,0.0,0.0,191.98200000000202,0.2,1988.08,600,1987.3000000000002,1988.98,0,2020-09-01 13:00:00,2020-09-01 13:00:00,2020-09-01 13:00:00,2020-09-01 12:52:00,0.0,1,0.9010000000002947,0.9789999999995871,-1.0189999999995507,-1.1579545454544897,1.0238636363643734,1.1124999999999676,1.9199999999998454,213.09655937838153,SL_initial,13,1,London/NY,8,weak_trend,bull,high_vol,False,False,False,weak_trend/high_vol
651,657,1,1989.83,1989.0900000000001,1988.65,1988.65,0.01,-0.7399999999997817,0.0,0.4800000000000182,0.6899999999998272,654,8,651,650,1.1799999999998363,191.20200000000227,0.319,0.4886363636363843,21.55417733074091,1,651,0.0,0.0,191.25200000000223,0.2,1988.65,656,1989.73,1988.65,0,2020-09-01 13:51:00,2020-09-01 13:57:00,2020-09-01 13:54:00,2020-09-01 13:51:00,6.0,7,0.4800000000000182,0.6899999999998272,-0.7399999999997817,-0.6271186440676987,0.406779661017021,0.5847457627117991,1.2199999999998,254.16666666661536,MA18_exit,13,1,London/NY,0,weak_trend,bull,high_vol,False,False,False,weak_trend/high_vol
661,662,1,1990.1,1989.3100000000002,1988.89,1988.89,0.01,-0.7899999999997362,0.0,-0.13999999999987267,0.6899999999998272,661,8,661,660,1.209999999999809,190.41200000000254,0.319,0.5163636363636215,20.133021507060718,1,661,0.0,0.0,190.51200000000244,0.2,1988.89,661,1990.0,1988.89,0,2020-09-01 14:01:00,2020-09-01 14:02:00,2020-09-01 14:01:00,2020-09-01 14:01:00,1.0,2,0.0,0.6899999999998272,-0.7899999999997362,-0.6528925619833561,0.0,0.5702479338842448,0.7899999999997362,,MA18_exit,14,1,London/NY,0,weak_trend,bull,high_vol,False,False,False,weak_trend/high_vol
855,858,-1,1973.2600000000002,1974.1589999999999,1974.94,1974.94,0.01,-0.8989999999996598,0.0,1.3410000000003492,1.1589999999996508,855,8,855,853,1.6799999999998363,189.51300000000288,0.319,2.3272727272726983,23.040337821187553,1,854,0.0,0.0,189.25300000000288,0.2,1974.94,857,1973.3600000000001,1974.94,0,2020-09-01 17:15:00,2020-09-01 17:18:00,2020-09-01 17:15:00,2020-09-01 17:14:00,3.0,4,1.3410000000003492,1.1589999999996508,-0.8989999999996598,-0.5351190476188973,0.7982142857145714,0.6898809523808117,2.240000000000009,167.0395227441779,MA18_exit,17,1,NewYork,1,weak_trend,bull,high_vol,False,False,False,weak_trend/high_vol
957,959,-1,1971.6000000000001,1973.6699999999998,1973.57,1973.57,0.01,-2.069999999999709,0.0,-0.19899999999984175,1.9989999999997963,957,1,957,956,1.9699999999998,187.44300000000317,0.319,0.8986363636363938,48.164637314840235,1,957,0.0,0.0,187.51400000000308,0.2,1973.57,959,1971.7,1973.57,0,2020-09-01 18:57:00,2020-09-01 18:59:00,2020-09-01 18:57:00,2020-09-01 18:57:00,2.0,3,0.0,1.9989999999997963,-2.069999999999709,-1.050761421319756,0.0,1.0147208121827407,2.069999999999709,,SL_initial,18,1,NewYork,0,weak_trend,bull,high_vol,False,False,False,weak_trend/high_vol
1068,1087,-1,1971.0400000000002,1971.299,1972.58,1972.58,0.01,-0.2589999999997872,0.0,1.6310000000003129,1.138999999999669,1071,8,1068,1065,1.5399999999997362,187.18400000000338,0.319,0.7699999999999921,21.76188926229841,1,1066,0.0,0.0,186.3040000000035,0.2,1972.58,1077,1971.14,1972.82,0,2020-09-01 20:48:00,2020-09-01 21:07:00,2020-09-01 20:51:00,2020-09-01 20:46:00,19.0,20,1.6310000000003129,1.138999999999669,-0.2589999999997872,-0.1681818181817088,1.0590909090912937,0.7396103896103013,1.8900000000001,115.87982832616416,MA18_exit,20,1,NewYork,2,weak_trend,bull,high_vol,False,False,False,weak_trend/high_vol
1164,1165,-1,1965.5600000000002,1966.7389999999998,1966.78,1966.78,0.01,-1.1789999999996326,0.0,-0.2589999999997872,1.1989999999998417,1164,8,1164,1163,1.2199999999998,186.00500000000375,0.319,0.6827272727272409,18.096340140409374,1,1164,0.0,0.0,185.98500000000354,0.2,1966.78,1164,1965.66,1966.78,0,2020-09-01 22:24:00,2020-09-01 22:25:00,2020-09-01 22:24:00,2020-09-01 22:24:00,1.0,2,0.0,1.1989999999998417,-1.1789999999996326,-0.9663934426228081,0.0,0.9827868852459332,1.1789999999996326,,MA18_exit,22,1,Sydney,0,weak_trend,bull,high_vol,False,False,False,weak_trend/high_vol
1231,1238,1,1969.9899999999998,1969.26,1968.89,1968.89,0.01,-0.7299999999997908,0.0,-0.1899999999998272,0.7299999999997908,1235,8,1231,1230,1.0999999999996817,185.27500000000396,0.302,0.35727272727272275,23.39413209235219,1,1231,0.0,0.0,185.27500000000396,0.2,1968.89,1237,1969.8899999999999,1968.89,0,2020-09-01 23:31:00,2020-09-01 23:38:00,2020-09-01 23:35:00,2020-09-01 23:31:00,7.0,8,0.0,0.7299999999997908,-0.7299999999997908,-0.6636363636363655,0.0,0.6636363636363655,0.7299999999997908,,MA18_exit,23,1,Sydney,0,weak_trend,bull,high_vol,False,False,False,weak_trend/high_vol
1250,1259,1,1970.4499999999998,1969.1000000000001,1969.2,1969.2,0.01,-2.218399999999682,-0.8684000000000001,0.45000000000027285,2.099999999999909,1251,1,1250,1249,1.2499999999997726,183.05660000000427,0.302,0.2531818181818256,19.229643554541493,1,1250,0.0,0.0,183.17500000000405,0.2,1969.2,1259,1970.35,1969.2,0,2020-09-01 23:50:00,2020-09-02 01:00:00,2020-09-01 23:51:00,2020-09-01 23:50:00,70.0,10,0.45000000000027285,2.099999999999909,-1.349999999999682,-1.7747200000000685,0.36000000000028376,1.6800000000002329,2.668399999999955,592.9777777774082,SL_initial,23,1,Sydney,0,weak_trend,bull,high_vol,False,False,False,weak_trend/high_vol
1370,1386,1,1972.3199999999997,1971.93,1970.8,1970.8,0.01,-0.3899999999996453,0.0,0.6100000000003547,0.5899999999996908,1372,8,1370,1369,1.5199999999997544,182.66660000000462,0.3,0.33409090909091527,23.863774568766704,1,1370,0.0,0.0,182.46660000000458,0.2,1970.8,1373,1972.2199999999998,1970.8,0,2020-09-02 02:51:00,2020-09-02 03:07:00,2020-09-02 02:53:00,2020-09-02 02:51:00,16.0,17,0.6100000000003547,0.5899999999996908,-0.3899999999996453,-0.25657894736822917,0.4013157894739824,0.38815789473670137,1.0,163.93442622941288,MA18_exit,2,2,Asia,0,strong_trend,bull,high_vol,False,False,False,strong_trend/high_vol
1426,1440,-1,1969.4300000000003,1968.405,1970.43,1970.43,0.01,1.0250000000003183,0.0,3.8590000000003783,0.6109999999996489,1433,8,1426,1425,0.9999999999997726,183.69160000000494,0.331,0.4181818181818306,31.372991187071943,1,1426,0.0,0.0,182.05560000000497,0.2,1970.43,1426,1969.5300000000002,1970.43,0,2020-09-02 03:47:00,2020-09-02 04:01:00,2020-09-02 03:54:00,2020-09-02 03:47:00,14.0,15,3.8590000000003783,0.6109999999996489,1.0250000000003183,1.0250000000005515,3.859000000001256,0.6109999999997878,2.83400000000006,73.43871469291999,MA18_exit,3,2,Asia,0,strong_trend,bull,high_vol,False,False,False,strong_trend/high_vol
1548,1561,-1,1964.7700000000002,1965.2299999999998,1966.44,1966.44,0.01,-0.45999999999958163,0.0,-0.16999999999984539,0.7149999999999181,1560,8,1548,1547,1.6699999999998454,183.23160000000536,0.325,0.4063636363636492,44.181049661576125,1,1548,0.0,0.0,182.97660000000502,0.2,1966.44,1548,1964.8700000000001,1966.44,0,2020-09-02 05:49:00,2020-09-02 06:02:00,2020-09-02 06:01:00,2020-09-02 05:49:00,13.0,14,0.0,0.7149999999999181,-0.45999999999958163,-0.27544910179618215,0.0,0.4281437125748409,0.45999999999958163,,MA18_exit,5,2,Asia,0,strong_trend,bull,high_vol,False,False,False,strong_trend/high_vol
1567,1585,-1,1963.2000000000003,1963.87,1964.88,1964.88,0.01,-0.669999999999618,0.0,0.8400000000003729,1.3499999999996817,1581,8,1567,1565,1.6799999999998363,182.56160000000574,0.31,0.2904545454544673,34.07110039611854,1,1566,0.0,0.0,181.88160000000568,0.2,1964.88,1571,1963.3000000000002,1964.88,0,2020-09-02 06:08:00,2020-09-02 06:26:00,2020-09-02 06:22:00,2020-09-02 06:07:00,18.0,19,0.8400000000003729,1.3499999999996817,-0.669999999999618,-0.3988095238093353,0.5000000000002707,0.8035714285713174,1.509999999999991,179.76190476182387,MA18_exit,6,2,Asia,1,strong_trend,bull,high_vol,False,False,False,strong_trend/high_vol
1630,1647,1,1965.6399999999999,1965.44,1964.34,1964.34,0.01,-0.1999999999998181,0.0,1.1200000000001182,0.6799999999998363,1645,8,1630,1629,1.2999999999999545,182.36160000000592,0.325,0.419090909090962,28.45693412192627,1,1630,0.0,0.0,181.8816000000059,0.2,1964.34,1630,1965.54,1964.34,0,2020-09-02 07:11:00,2020-09-02 07:28:00,2020-09-02 07:26:00,2020-09-02 07:11:00,17.0,18,1.1200000000001182,0.6799999999998363,-0.1999999999998181,-0.1538461538460193,0.8615384615385826,0.5230769230768154,1.3199999999999363,117.85714285712473,MA18_exit,7,2,Asia,0,strong_trend,bull,high_vol,False,False,False,strong_trend/high_vol
1674,1678,-1,1962.66,1963.7199999999998,1963.62,1963.62,0.01,-1.059999999999718,0.0,0.015000000000100044,1.0049999999998818,1674,1,1674,1671,0.959999999999809,181.3016000000062,0.325,0.4004545454545223,40.05777685901485,1,1672,0.0,0.0,181.35660000000604,0.2,1963.62,1678,1962.76,1963.92,0,2020-09-02 07:55:00,2020-09-02 07:59:00,2020-09-02 07:55:00,2020-09-02 07:53:00,4.0,5,0.015000000000100044,1.0049999999998818,-1.059999999999718,-1.1041666666665926,0.01562500000010732,1.046875000000085,1.074999999999818,7166.666666617655,SL_initial,7,2,Asia,2,strong_trend,bull,high_vol,False,False,False,strong_trend/high_vol
1679,1685,-1,1962.5000000000002,1963.7199999999998,1963.62,1963.62,0.01,-1.2199999999995725,0.0,-0.2749999999998636,1.3049999999998363,1679,1,1679,1678,1.1199999999996635,180.08160000000663,0.325,0.45590909090907933,35.07977129135488,1,1679,0.0,0.0,179.99660000000637,0.2,1963.62,1685,1962.6000000000001,1963.62,0,2020-09-02 08:00:00,2020-09-02 08:06:00,2020-09-02 08:00:00,2020-09-02 08:00:00,6.0,7,0.0,1.3049999999998363,-1.2199999999995725,-1.08928571428566,0.0,1.1651785714287755,1.2199999999995725,,SL_initial,8,2,London,0,strong_trend,bull,high_vol,False,False,False,strong_trend/high_vol
1709,1711,-1,1962.1200000000001,1963.6399999999999,1963.54,1963.54,0.01,-1.5199999999997544,0.0,1.0550000000000637,1.5349999999998545,1709,1,1709,1708,1.4199999999998454,178.56160000000688,0.325,0.5350000000000198,18.468829992701313,1,1709,0.0,0.0,178.54660000000678,0.2,1963.54,1711,1962.22,1963.54,0,2020-09-02 08:30:00,2020-09-02 08:32:00,2020-09-02 08:30:00,2020-09-02 08:30:00,2.0,3,1.0550000000000637,1.5349999999998545,-1.5199999999997544,-1.0704225352112113,0.7429577464789989,1.080985915492973,2.574999999999818,244.07582938385428,SL_initial,8,2,London,0,strong_trend,bull,high_vol,False,False,False,strong_trend/high_vol
1779,1780,-1,1962.1000000000001,1963.6999999999998,1963.6,1963.6,0.01,-1.5999999999996817,0.0,0.4210000000002765,1.778999999999769,1779,1,1779,1777,1.4999999999997726,176.9616000000072,0.319,0.6654545454545396,24.979497245765156,1,1778,0.0,0.0,176.7826000000071,0.2,1963.6,1780,1962.2,1963.6,0,2020-09-02 09:40:00,2020-09-02 09:41:00,2020-09-02 09:40:00,2020-09-02 09:39:00,1.0,2,0.4210000000002765,1.778999999999769,-1.5999999999996817,-1.0666666666666162,0.28066666666689355,1.1860000000000257,2.020999999999958,480.0475059379171,SL_initial,9,2,London,1,strong_trend,bull,high_vol,False,False,False,strong_trend/high_vol
2495,2504,1,1940.4799999999998,1940.1000000000001,1939.2,1939.2,0.01,-0.3799999999996544,0.0,0.9400000000002819,0.6199999999998909,2498,8,2495,2494,1.2799999999997453,176.58160000000754,0.319,0.724090909090943,10.81981822399995,1,2495,0.0,0.0,176.3416000000073,0.2,1939.2,2502,1940.3799999999999,1939.2,0,2020-09-02 21:36:00,2020-09-02 21:45:00,2020-09-02 21:39:00,2020-09-02 21:36:00,9.0,10,0.9400000000002819,0.6199999999998909,-0.3799999999996544,-0.29687499999978906,0.7343750000003664,0.4843750000000111,1.3199999999999363,140.42553191484473,MA18_exit,21,2,NewYork,0,strong_trend,bull,high_vol,False,False,False,strong_trend/high_vol
2507,2522,1,1941.12,1940.8600000000001,1939.86,1939.86,0.01,-0.25999999999976353,0.0,0.7000000000000455,0.7399999999997817,2517,8,2507,2506,1.259999999999991,176.32160000000778,0.319,0.5572727272727165,19.145697308275818,1,2507,0.0,0.0,175.84160000000776,0.2,1939.86,2509,1941.02,1939.86,0,2020-09-02 21:48:00,2020-09-02 22:03:00,2020-09-02 21:58:00,2020-09-02 21:48:00,15.0,16,0.7000000000000455,0.7399999999997817,-0.25999999999976353,-0.20634920634902015,0.5555555555555957,0.5873015873014183,0.959999999999809,137.14285714282096,MA18_exit,21,2,NewYork,0,strong_trend,bull,high_vol,False,False,False,strong_trend/high_vol
2540,2548,1,1943.1999999999998,1942.6000000000001,1941.88,1941.88,0.01,-0.5999999999996817,0.0,2.2800000000002,0.569999999999709,2544,8,2540,2539,1.319999999999709,175.7216000000081,0.319,0.33454545454542933,65.71445770937322,1,2540,0.0,0.0,175.75160000000807,0.2,1941.88,2547,1943.1,1941.88,0,2020-09-02 22:21:00,2020-09-02 22:29:00,2020-09-02 22:25:00,2020-09-02 22:21:00,8.0,9,2.2800000000002,0.569999999999709,-0.5999999999996817,-0.4545454545453136,1.7272727272732598,0.43181818181805653,2.8799999999998818,126.31578947366793,MA18_exit,22,2,Sydney,0,strong_trend,bull,high_vol,False,False,False,strong_trend/high_vol
2575,2580,1,1943.12,1942.0800000000002,1941.42,1941.42,0.01,-1.0399999999997362,0.0,0.7600000000002183,1.0199999999999818,2578,8,2575,2574,1.699999999999818,174.68160000000836,0.319,0.7072727272727352,27.805330362963904,1,2575,0.0,0.0,174.7016000000081,0.2,1941.42,2579,1943.02,1941.42,0,2020-09-02 22:56:00,2020-09-02 23:01:00,2020-09-02 22:59:00,2020-09-02 22:56:00,5.0,6,0.7600000000002183,1.0199999999999818,-1.0399999999997362,-0.6117647058822633,0.447058823529588,0.6000000000000535,1.7999999999999545,236.84210526308388,MA18_exit,22,2,Sydney,0,strong_trend,bull,high_vol,False,False,False,strong_trend/high_vol
2702,2715,-1,1940.1900000000003,1940.9999999999998,1941.85,1941.85,0.01,-0.8099999999994907,0.0,-0.25999999999976353,0.8299999999996999,2706,8,2702,2701,1.659999999999627,173.87160000000887,0.3,0.2331818181818438,27.306014221795305,1,2702,0.0,0.0,173.85160000000866,0.2,1941.85,2714,1940.2900000000002,1941.85,0,2020-09-03 02:04:00,2020-09-03 02:17:00,2020-09-03 02:08:00,2020-09-03 02:04:00,13.0,14,0.0,0.8299999999996999,-0.8099999999994907,-0.48795180722871845,0.0,0.4999999999999315,0.8099999999994907,,MA18_exit,2,3,Asia,0,weak_trend,bull,high_vol,False,False,False,weak_trend/high_vol
2744,2744,1,1943.8199999999997,1943.1200000000001,1943.3,1943.3,0.01,-0.6999999999995907,0.0,0.7400000000002365,0.819999999999709,2744,1,2744,2743,0.5199999999997544,173.17160000000928,0.3,0.24454545454546983,28.249139094362093,1,2744,0.0,0.0,173.05160000000916,0.2,1943.3,2744,1943.7199999999998,1943.3,0,2020-09-03 02:46:00,2020-09-03 02:46:00,2020-09-03 02:46:00,2020-09-03 02:46:00,0.0,1,0.7400000000002365,0.819999999999709,-0.6999999999995907,-1.3461538461536948,1.4230769230780498,1.5769230769232618,1.4399999999998272,194.59459459450906,SL_initial,2,3,Asia,0,weak_trend,bull,high_vol,False,False,False,weak_trend/high_vol
2755,2758,1,1944.9499999999998,1944.27,1944.37,1944.37,0.01,-0.6799999999998363,0.0,-0.14999999999986358,0.9799999999997908,2756,1,2755,2754,0.5799999999999272,172.49160000000944,0.3,0.3836363636363868,40.92396087462711,1,2755,0.0,0.0,172.1916000000095,0.2,1944.37,2758,1944.85,1944.37,0,2020-09-03 02:57:00,2020-09-03 03:00:00,2020-09-03 02:58:00,2020-09-03 02:57:00,3.0,4,0.0,0.9799999999997908,-0.6799999999998363,-1.1724137931033132,0.0,1.6896551724136444,0.6799999999998363,,SL_initial,2,3,Asia,0,weak_trend,bull,high_vol,False,False,False,weak_trend/high_vol
2770,2771,1,1944.9199999999998,1944.27,1944.37,1944.37,0.01,-0.6499999999998636,0.0,0.060000000000172804,0.6299999999998818,2770,1,2770,2769,0.5499999999999545,171.84160000000958,0.331,0.3290909090909405,42.19687122898662,1,2770,0.0,0.0,171.86160000000956,0.2,1944.37,2771,1944.82,1944.37,0,2020-09-03 03:12:00,2020-09-03 03:13:00,2020-09-03 03:12:00,2020-09-03 03:12:00,1.0,2,0.060000000000172804,0.6299999999998818,-0.6499999999998636,-1.1818181818180316,0.1090909090912323,1.1454545454544252,0.7100000000000364,1183.3333333299859,SL_initial,3,3,Asia,0,weak_trend,bull,high_vol,False,False,False,weak_trend/high_vol
2774,2785,1,1945.1599999999999,1944.26,1943.5,1943.5,0.01,-0.8999999999998636,0.0,-0.1799999999998363,0.8299999999999272,2774,8,2774,2771,1.6599999999998545,170.94160000000971,0.331,0.3431818181818471,55.07617953576973,1,2772,0.0,0.0,171.01160000000965,0.2,1943.5,2778,1945.06,1943.5,0,2020-09-03 03:16:00,2020-09-03 03:27:00,2020-09-03 03:16:00,2020-09-03 03:14:00,11.0,12,0.0,0.8299999999999272,-0.8999999999998636,-0.5421686746987605,0.0,0.5,0.8999999999998636,,MA18_exit,3,3,Asia,2,weak_trend,bull,high_vol,False,False,False,weak_trend/high_vol
2983,2990,-1,1944.66,1945.85,1946.11,1946.11,0.01,-1.1899999999998272,0.0,-0.36999999999989086,1.1899999999998272,2984,8,2983,2981,1.449999999999818,169.7516000000099,0.31,0.3427272727272607,45.90716723090831,1,2982,0.0,0.0,169.7516000000099,0.2,1946.11,2989,1944.76,1946.11,0,2020-09-03 06:45:00,2020-09-03 06:52:00,2020-09-03 06:46:00,2020-09-03 06:44:00,7.0,8,0.0,1.1899999999998272,-1.1899999999998272,-0.8206896551723976,0.0,0.8206896551723976,1.1899999999998272,,MA18_exit,6,3,Asia,1,weak_trend,bull,high_vol,False,False,False,weak_trend/high_vol
3014,3064,-1,1944.8200000000002,1938.1,1946.4,1938.0,0.01,6.720000000000255,0.0,8.64500000000021,0.6849999999999454,3059,3,3014,3013,1.5799999999999272,176.47160000001014,0.325,0.3613636363636281,17.15278705953647,3,3014,0.0,1.0,169.06660000000994,0.2,1938.0,3015,1944.92,1946.4,0,2020-09-03 07:16:00,2020-09-03 08:06:00,2020-09-03 08:01:00,2020-09-03 07:16:00,50.0,51,8.64500000000021,0.6849999999999454,6.720000000000255,4.253164556962382,5.471518987342156,0.4335443037974538,1.9249999999999545,22.26720647773173,SL_swing,7,3,Asia,0,weak_trend,bull,high_vol,False,False,False,weak_trend/high_vol
3292,3297,1,1937.09,1935.6000000000001,1935.38,1935.38,0.01,-1.4899999999997817,0.0,-0.2899999999999636,1.5899999999999181,3292,8,3292,3291,1.709999999999809,174.98160000001036,0.319,0.6868181818181772,30.86507076882508,1,3292,0.0,0.0,174.88160000001022,0.2,1935.38,3295,1936.99,1935.38,0,2020-09-03 11:54:00,2020-09-03 11:59:00,2020-09-03 11:54:00,2020-09-03 11:54:00,5.0,6,0.0,1.5899999999999181,-1.4899999999997817,-0.8713450292397358,0.0,0.9298245614035647,1.4899999999997817,,MA18_exit,11,3,London,0,weak_trend,bull,high_vol,False,False,False,weak_trend/high_vol
3302,3305,1,1936.6499999999999,1935.94,1935.36,1935.36,0.01,-0.709999999999809,0.0,0.09000000000014552,1.0299999999999727,3302,8,3302,3301,1.2899999999999636,174.27160000001055,0.319,0.6018181818182029,20.685222835738188,1,3302,0.0,0.0,173.9516000000104,0.2,1935.36,3303,1936.55,1935.36,0,2020-09-03 12:04:00,2020-09-03 12:07:00,2020-09-03 12:04:00,2020-09-03 12:04:00,3.0,4,0.09000000000014552,1.0299999999999727,-0.709999999999809,-0.5503875968990922,0.06976744186057988,0.7984496124031022,0.7999999999999545,888.8888888874011,MA18_exit,12,3,London,0,weak_trend,bull,high_vol,False,False,False,weak_trend/high_vol
3402,3419,-1,1931.66,1932.2389999999998,1932.96,1932.96,0.01,-0.5789999999997235,0.0,1.0510000000001583,0.8989999999998872,3417,8,3402,3401,1.2999999999999545,173.69260000001083,0.319,0.5704545454545744,26.05784309327062,1,3402,0.0,0.0,173.37260000001066,0.2,1932.96,3418,1931.76,1932.96,0,2020-09-03 13:44:00,2020-09-03 14:01:00,2020-09-03 13:59:00,2020-09-03 13:44:00,17.0,18,1.0510000000001583,0.8989999999998872,-0.5789999999997235,-0.44538461538441826,0.8084615384616884,0.6915384615383989,1.6299999999998818,155.09039010462763,MA18_exit,13,3,London/NY,0,weak_trend,bull,high_vol,False,False,False,weak_trend/high_vol
3477,3478,1,1935.1399999999999,1933.3400000000001,1933.44,1933.44,0.01,-1.7999999999997272,0.0,-0.35999999999989996,2.1599999999998545,3477,1,3477,3476,1.699999999999818,171.8926000000111,0.319,0.7704545454545578,16.057824687766633,1,3477,0.0,0.0,171.53260000001097,0.2,1933.44,3478,1935.04,1933.44,0,2020-09-03 14:59:00,2020-09-03 15:00:00,2020-09-03 14:59:00,2020-09-03 14:59:00,1.0,2,0.0,2.1599999999998545,-1.7999999999997272,-1.0588235294117174,0.0,1.270588235294168,1.7999999999997272,,SL_initial,14,3,London/NY,0,weak_trend,bull,high_vol,False,False,False,weak_trend/high_vol
3992,4009,-1,1929.6900000000003,1930.3819999999998,1931.48,1931.48,0.01,-0.6919999999995525,0.0,0.24800000000027467,0.8319999999996526,4007,8,3992,3991,1.7899999999997362,171.20060000001155,0.302,0.4859090909091037,19.18354823321445,1,3992,0.0,0.0,171.06060000001145,0.2,1931.48,3992,1929.7900000000002,1931.48,0,2020-09-03 23:34:00,2020-09-03 23:51:00,2020-09-03 23:49:00,2020-09-03 23:34:00,17.0,18,0.24800000000027467,0.8319999999996526,-0.6919999999995525,-0.3865921787707567,0.1385474860336934,0.4648044692736174,0.9399999999998272,379.0322580640267,MA18_exit,23,3,Sydney,0,weak_trend,bull,high_vol,False,False,False,weak_trend/high_vol
4060,4064,-1,1930.64,1932.4299999999998,1932.33,1932.33,0.01,-1.7899999999997362,0.0,0.5950000000000273,1.7749999999998636,4062,1,4060,4059,1.6899999999998272,169.4106000000118,0.355,0.4368181818181773,23.423115446679795,1,4060,0.0,0.0,169.42560000001168,0.2,1932.33,4064,1930.74,1932.33,0,2020-09-04 01:43:00,2020-09-04 01:47:00,2020-09-04 01:45:00,2020-09-04 01:43:00,4.0,5,0.5950000000000273,1.7749999999998636,-1.7899999999997362,-1.0591715976330884,0.3520710059172119,1.0502958579881922,2.3849999999997635,400.84033613439567,SL_initial,1,4,Asia,0,weak_trend,bull,high_vol,False,False,False,weak_trend/high_vol
4132,4137,-1,1928.5200000000002,1930.1799999999998,1930.08,1930.08,0.01,-1.659999999999627,0.0,2.2200000000002547,1.7209999999997763,4133,1,4132,4131,1.559999999999718,167.75060000001218,0.3,0.39500000000001284,52.37790283570149,1,4132,0.0,0.0,167.68960000001204,0.2,1930.08,4137,1928.6200000000001,1930.08,0,2020-09-04 02:55:00,2020-09-04 03:00:00,2020-09-04 02:56:00,2020-09-04 02:55:00,5.0,6,2.2200000000002547,1.7209999999997763,-1.659999999999627,-1.0641025641025175,1.4230769230773435,1.1032051282051842,3.8799999999998818,174.7747747747494,SL_initial,2,4,Asia,0,weak_trend,bull,high_vol,False,False,False,weak_trend/high_vol
4185,4197,1,1934.8099999999997,1934.5800000000002,1933.78,1933.78,0.01,-0.22999999999956344,0.0,2.090000000000373,0.709999999999809,4192,8,4185,4184,1.0299999999997453,167.52060000001262,0.331,0.8336363636364322,37.29895798290389,1,4185,0.0,0.0,167.04060000001238,0.2,1933.78,4187,1934.7099999999998,1933.78,0,2020-09-04 03:48:00,2020-09-04 04:00:00,2020-09-04 03:55:00,2020-09-04 03:48:00,12.0,13,2.090000000000373,0.709999999999809,-0.22999999999956344,-0.22330097087341777,2.0291262135930968,0.6893203883494996,2.3199999999999363,111.00478468897236,MA18_exit,3,4,Asia,0,weak_trend,bull,high_vol,False,False,False,weak_trend/high_vol
4245,4254,1,1940.4799999999998,1939.5600000000002,1938.82,1938.82,0.01,-0.919999999999618,0.0,0.42000000000030013,0.8799999999998818,4246,8,4245,4244,1.6599999999998545,166.600600000013,0.325,0.7809090909091041,42.923553012551814,1,4245,0.0,0.0,166.64060000001274,0.2,1938.82,4253,1940.3799999999999,1938.82,0,2020-09-04 04:48:00,2020-09-04 04:57:00,2020-09-04 04:49:00,2020-09-04 04:48:00,9.0,10,0.42000000000030013,0.8799999999998818,-0.919999999999618,-0.554216867469698,0.25301204819297407,0.5301204819276861,1.3399999999999181,319.04761904737154,MA18_exit,4,4,Asia,0,weak_trend,bull,high_vol,False,False,False,weak_trend/high_vol
4350,4353,1,1939.09,1937.4,1937.5,1937.5,0.01,-1.6899999999998272,0.0,0.08000000000015461,1.990000000000009,4352,1,4350,4349,1.5899999999999181,164.91060000001318,0.31,0.5545454545454049,25.350674341130837,1,4350,0.0,0.0,164.610600000013,0.2,1937.5,4353,1938.99,1937.5,0,2020-09-04 06:33:00,2020-09-04 06:36:00,2020-09-04 06:35:00,2020-09-04 06:33:00,3.0,4,0.08000000000015461,1.990000000000009,-1.6899999999998272,-1.0628930817609523,0.050314465408904864,1.2515723270440953,1.7699999999999818,2212.4999999957013,SL_initial,6,4,Asia,0,weak_trend,bull,high_vol,False,False,False,weak_trend/high_vol
4373,4385,-1,1936.65,1937.905,1938.36,1938.36,0.01,-1.2549999999998818,0.0,0.6050000000000182,1.1949999999999363,4377,8,4373,4372,1.709999999999809,163.6556000000133,0.31,0.4504545454545182,30.370792243445543,1,4373,0.0,0.0,163.71560000001324,0.2,1938.36,4384,1936.75,1938.36,0,2020-09-04 06:56:00,2020-09-04 07:08:00,2020-09-04 07:00:00,2020-09-04 06:56:00,12.0,13,0.6050000000000182,1.1949999999999363,-1.2549999999998818,-0.7339181286549836,0.3538011695906934,0.698830409356766,1.8599999999999,307.4380165288998,MA18_exit,6,4,Asia,0,weak_trend,bull,high_vol,False,False,False,weak_trend/high_vol
4452,4461,-1,1935.3200000000002,1936.2849999999999,1936.95,1936.95,0.01,-0.9649999999996908,0.0,0.4350000000001728,0.8649999999997817,4453,8,4452,4446,1.6299999999998818,162.6906000000136,0.325,0.4536363636363955,22.389447197523783,1,4447,0.0,0.0,162.7906000000135,0.2,1936.95,4460,1935.42,1936.95,0,2020-09-04 08:15:00,2020-09-04 08:24:00,2020-09-04 08:16:00,2020-09-04 08:10:00,9.0,10,0.4350000000001728,0.8649999999997817,-0.9649999999996908,-0.5920245398771539,0.26687116564429714,0.5306748466256714,1.3999999999998636,321.8390804596109,MA18_exit,8,4,London,5,weak_trend,bull,high_vol,False,False,False,weak_trend/high_vol
4513,4514,-1,1932.9600000000003,1934.299,1934.66,1934.66,0.01,-1.3389999999997144,0.0,-0.23899999999980537,1.638999999999669,4513,8,4513,4512,1.699999999999818,161.3516000000139,0.319,0.9899999999999988,12.578968039697198,1,4513,0.0,0.0,161.05160000001393,0.2,1934.66,4513,1933.0600000000002,1934.66,0,2020-09-04 09:16:00,2020-09-04 09:17:00,2020-09-04 09:16:00,2020-09-04 09:16:00,1.0,2,0.0,1.638999999999669,-1.3389999999997144,-0.7876470588234457,0.0,0.9641176470587319,1.3389999999997144,,MA18_exit,9,4,London,0,weak_trend,bull,high_vol,False,False,False,weak_trend/high_vol
4546,4548,-1,1933.7400000000002,1935.4599999999998,1935.36,1935.36,0.01,-1.7199999999995725,0.0,0.0010000000002037268,2.008999999999787,4547,1,4546,4545,1.6199999999996635,159.63160000001432,0.319,0.9650000000000318,20.463049403857088,1,4546,0.0,0.0,159.3426000000141,0.2,1935.36,4548,1933.8400000000001,1935.36,0,2020-09-04 09:49:00,2020-09-04 09:51:00,2020-09-04 09:50:00,2020-09-04 09:49:00,2.0,3,0.0010000000002037268,2.008999999999787,-1.7199999999995725,-1.0617283950616851,0.0006172839507431695,1.2401234567902497,1.7209999999997763,172099.99996491623,SL_initial,9,4,London,0,weak_trend,bull,high_vol,False,False,False,weak_trend/high_vol
4558,4560,-1,1934.16,1935.79,1935.69,1935.69,0.01,-1.6299999999998818,0.0,0.8010000000001583,2.1089999999999236,4559,1,4558,4557,1.5299999999999727,158.00160000001443,0.319,0.8313636363636348,18.754550454685443,1,4558,0.0,0.0,157.5226000000144,0.2,1935.69,4560,1934.26,1935.69,0,2020-09-04 10:01:00,2020-09-04 10:03:00,2020-09-04 10:02:00,2020-09-04 10:01:00,2.0,3,0.8010000000001583,2.1089999999999236,-1.6299999999998818,-1.0653594771241248,0.5235294117648186,1.3784313725489943,2.43100000000004,303.4956304618676,SL_initial,10,4,London,0,weak_trend,bull,high_vol,False,False,False,weak_trend/high_vol
4852,4860,1,1940.1299999999999,1938.7900000000002,1938.89,1938.89,0.01,-1.3399999999996908,0.0,0.790000000000191,1.3999999999998636,4857,1,4852,4850,1.2399999999997817,156.66160000001474,0.319,0.5359090909090686,38.48915613017715,1,4851,0.0,0.0,156.60160000001457,0.2,1938.89,4860,1940.03,1938.89,0,2020-09-04 14:55:00,2020-09-04 15:03:00,2020-09-04 15:00:00,2020-09-04 14:54:00,8.0,9,0.790000000000191,1.3999999999998636,-1.3399999999996908,-1.0806451612902634,0.6370967741938146,1.1290322580646048,2.1299999999998818,269.6202531644768,SL_initial,14,4,London/NY,1,weak_trend,bull,high_vol,False,False,False,weak_trend/high_vol
5299,5299,1,1935.4599999999998,1934.7,1934.8,1934.8,0.01,-0.7599999999997635,0.0,-0.33999999999991815,0.9799999999997908,5299,1,5299,5298,0.6599999999998545,155.90160000001498,0.319,0.8077272727272823,22.203757351673033,1,5299,0.0,0.0,155.68160000001495,0.2,1934.8,5299,1935.36,1934.8,0,2020-09-04 22:22:00,2020-09-04 22:22:00,2020-09-04 22:22:00,2020-09-04 22:22:00,0.0,1,0.0,0.9799999999997908,-0.7599999999997635,-1.151515151515047,0.0,1.4848484848484953,0.7599999999997635,,SL_initial,22,4,Sydney,0,weak_trend,bull,high_vol,False,False,False,weak_trend/high_vol
5302,5303,1,1936.1,1934.7,1934.48,1934.48,0.01,-1.3999999999998636,0.0,-0.3999999999998636,1.5399999999999636,5302,8,5302,5301,1.6199999999998909,154.50160000001512,0.319,0.7668181818181872,22.22855404811376,1,5302,0.0,0.0,154.36160000001502,0.2,1934.48,5302,1936.0,1934.48,0,2020-09-04 22:25:00,2020-09-04 22:26:00,2020-09-04 22:25:00,2020-09-04 22:25:00,1.0,2,0.0,1.5399999999999636,-1.3999999999998636,-0.8641975308641715,0.0,0.9506172839506589,1.3999999999998636,,MA18_exit,22,4,Sydney,0,weak_trend,bull,high_vol,False,False,False,weak_trend/high_vol
5584,5586,-1,1932.6000000000001,1933.59,1933.49,1933.49,0.01,-0.9899999999997817,0.0,-0.3249999999998181,1.2649999999998727,5584,1,5584,5583,0.8899999999998727,153.51160000001533,0.325,0.5059090909091062,56.25811582746259,1,5584,0.0,0.0,153.23660000001524,0.2,1933.49,5586,1932.7,1933.49,0,2020-09-07 04:08:00,2020-09-07 04:10:00,2020-09-07 04:08:00,2020-09-07 04:08:00,2.0,3,0.0,1.2649999999998727,-0.9899999999997817,-1.1123595505617117,0.0,1.4213483146068018,0.9899999999997817,,SL_initial,4,0,Asia,0,,,,,,,nan/nan
5608,5612,1,1938.9899999999998,1937.2900000000002,1937.39,1937.39,0.01,-1.6999999999995907,0.0,0.8400000000001455,1.9399999999998272,5610,1,5608,5607,1.5999999999996817,151.81160000001574,0.325,0.7499999999999793,54.128189167048106,1,5608,0.0,0.0,151.5716000000155,0.2,1937.39,5612,1938.8899999999999,1937.39,0,2020-09-07 04:32:00,2020-09-07 04:36:00,2020-09-07 04:34:00,2020-09-07 04:32:00,4.0,5,0.8400000000001455,1.9399999999998272,-1.6999999999995907,-1.0624999999999556,0.5250000000001954,1.2125000000001331,2.5399999999997362,302.3809523808686,SL_initial,4,0,Asia,0,,,,,,,nan/nan
5687,5706,1,1938.3899999999999,1937.6000000000001,1936.88,1936.88,0.01,-0.7899999999997362,0.0,0.4700000000000273,0.8699999999998909,5704,8,5687,5686,1.5099999999997635,151.021600000016,0.325,0.5177272727272876,31.42965562410199,1,5687,0.0,0.0,150.94160000001585,0.2,1936.88,5695,1938.29,1936.88,0,2020-09-07 05:51:00,2020-09-07 06:10:00,2020-09-07 06:08:00,2020-09-07 05:51:00,19.0,20,0.4700000000000273,0.8699999999998909,-0.7899999999997362,-0.5231788079469272,0.3112582781457622,0.5761589403973689,1.2599999999997635,268.08510638291284,MA18_exit,5,0,Asia,0,,,,,,,nan/nan
5738,5739,-1,1935.0600000000002,1936.6599999999999,1936.56,1936.56,0.01,-1.5999999999996817,0.0,-0.10999999999967258,1.8299999999996999,5738,1,5738,5737,1.4999999999997726,149.42160000001633,0.31,0.2850000000000302,39.09300720692699,1,5738,0.0,0.0,149.1916000000163,0.2,1936.56,5739,1935.16,1936.56,0,2020-09-07 06:42:00,2020-09-07 06:43:00,2020-09-07 06:42:00,2020-09-07 06:42:00,1.0,2,0.0,1.8299999999996999,-1.5999999999996817,-1.0666666666666162,0.0,1.2199999999999849,1.5999999999996817,,SL_initial,6,0,Asia,0,,,,,,,nan/nan
5743,5758,-1,1935.5000000000002,1936.345,1936.58,1936.58,0.01,-0.8449999999997999,0.0,0.25500000000010914,0.7499999999997726,5756,8,5743,5742,1.0799999999996999,148.57660000001653,0.31,0.36181818181820413,46.56453773835824,1,5743,0.0,0.0,148.67160000001655,0.2,1936.58,5743,1935.6000000000001,1936.58,0,2020-09-07 06:47:00,2020-09-07 07:02:00,2020-09-07 07:00:00,2020-09-07 06:47:00,15.0,16,0.25500000000010914,0.7499999999997726,-0.8449999999997999,-0.7824074074074395,0.23611111111127778,0.6944444444444269,1.099999999999909,431.3725490193876,MA18_exit,6,0,Asia,0,,,,,,,nan/nan
5775,5775,-1,1934.92,1935.585,1935.4,1935.4,0.01,-0.6649999999999636,0.0,0.5350000000000819,0.5850000000000364,5775,1,5775,5771,0.4800000000000182,147.91160000001656,0.325,0.2781818181818339,18.171112272892724,1,5772,0.0,0.0,147.9916000000165,0.2,1935.4,5775,1935.02,1936.18,0,2020-09-07 07:19:00,2020-09-07 07:19:00,2020-09-07 07:19:00,2020-09-07 07:16:00,0.0,1,0.5350000000000819,0.5850000000000364,-0.6649999999999636,-1.3854166666665384,1.1145833333334616,1.2187500000000295,1.2000000000000455,224.29906542053493,SL_initial,7,0,Asia,3,,,,,,,nan/nan
5835,5835,-1,1934.6800000000003,1935.1699999999998,1935.07,1935.07,0.01,-0.48999999999955435,0.0,-0.42499999999972715,0.5649999999998272,5835,1,5835,5832,0.3899999999996453,147.421600000017,0.325,0.2659090909091178,21.775687143928597,1,5833,0.0,0.0,147.52160000001692,0.2,1935.07,5835,1934.7800000000002,1935.88,0,2020-09-07 08:19:00,2020-09-07 08:19:00,2020-09-07 08:19:00,2020-09-07 08:17:00,0.0,1,0.0,0.5649999999998272,-0.48999999999955435,-1.2564102564102564,0.0,1.4487179487188233,0.48999999999955435,,SL_initial,8,0,London,2,,,,,,,nan/nan
5836,5836,-1,1934.5800000000002,1935.205,1935.07,1935.07,0.01,-0.6249999999997726,0.0,-0.3249999999998181,0.625,5836,1,5836,5835,0.4899999999997817,146.79660000001724,0.325,0.24954545454548596,21.52725159812419,1,5836,0.0,0.0,146.796600000017,0.2,1935.07,5836,1934.68,1935.07,0,2020-09-07 08:20:00,2020-09-07 08:20:00,2020-09-07 08:20:00,2020-09-07 08:20:00,0.0,1,0.0,0.625,-0.6249999999997726,-1.2755102040817368,0.0,1.2755102040822008,0.6249999999997726,,SL_initial,8,0,London,0,,,,,,,nan/nan
5838,5838,-1,1934.38,1935.1699999999998,1935.07,1935.07,0.01,-0.7899999999997362,0.0,-0.26499999999987267,0.7049999999999272,5838,1,5838,5836,0.6899999999998272,146.0066000000175,0.325,0.24727272727277108,25.552431113163003,1,5837,0.0,0.0,146.0916000000173,0.2,1935.07,5838,1934.48,1935.07,0,2020-09-07 08:22:00,2020-09-07 08:22:00,2020-09-07 08:22:00,2020-09-07 08:21:00,0.0,1,0.0,0.7049999999999272,-0.7899999999997362,-1.1449275362317886,0.0,1.021739130434933,0.7899999999997362,,SL_initial,8,0,London,1,,,,,,,nan/nan
5846,5852,-1,1934.1200000000001,1935.0449999999998,1935.07,1935.07,0.01,-0.9249999999997272,0.0,0.06500000000005457,0.8249999999998181,5847,8,5846,5838,0.9499999999998181,145.08160000001777,0.325,0.23772727272732522,42.26219645159181,1,5839,0.0,0.0,145.18160000001768,0.2,1935.07,5851,1934.22,1935.07,0,2020-09-07 08:30:00,2020-09-07 08:36:00,2020-09-07 08:31:00,2020-09-07 08:23:00,6.0,7,0.06500000000005457,0.8249999999998181,-0.9249999999997272,-0.973684210526215,0.06842105263164949,0.8684210526315538,0.9899999999997817,1523.0769230753085,MA18_exit,8,0,London,7,,,,,,,nan/nan
5936,5956,-1,1930.0600000000002,1929.559,1931.56,1931.56,0.01,0.5010000000002037,0.0,1.5210000000001855,0.8589999999996962,5944,8,5936,5933,1.4999999999997726,145.58260000001798,0.319,0.481818181818157,36.71854452544515,1,5934,0.0,0.0,144.22260000001808,0.2,1931.56,5936,1930.16,1931.56,0,2020-09-07 10:00:00,2020-09-07 10:20:00,2020-09-07 10:08:00,2020-09-07 09:58:00,20.0,21,1.5210000000001855,0.8589999999996962,0.5010000000002037,0.3340000000001864,1.0140000000002773,0.572666666666551,1.0199999999999818,67.06114398421153,MA18_exit,10,0,London,2,,,,,,,nan/nan
6032,6036,1,1933.2099999999998,1931.92,1932.02,1932.02,0.01,-1.2899999999997362,0.0,-0.35999999999989996,1.8599999999999,6032,1,6032,6031,1.1899999999998272,144.29260000001824,0.319,0.48045454545456323,19.588476730836756,1,6032,0.0,0.0,143.72260000001808,0.2,1932.02,6036,1933.11,1932.02,0,2020-09-07 11:36:00,2020-09-07 11:40:00,2020-09-07 11:36:00,2020-09-07 11:36:00,4.0,5,0.0,1.8599999999999,-1.2899999999997362,-1.084033613445314,0.0,1.5630252100841766,1.2899999999997362,,SL_initial,11,0,London,0,,,,,,,nan/nan
6069,6074,-1,1929.64,1930.6899999999998,1930.59,1930.59,0.01,-1.0499999999997272,0.0,-0.018999999999778083,1.53899999999976,6070,1,6069,6068,0.9499999999998181,143.2426000000185,0.319,0.29500000000000043,29.126897382281182,1,6069,0.0,0.0,142.75360000001848,0.2,1930.59,6074,1929.74,1930.59,0,2020-09-07 12:13:00,2020-09-07 12:18:00,2020-09-07 12:14:00,2020-09-07 12:13:00,5.0,6,0.0,1.53899999999976,-1.0499999999997272,-1.1052631578946612,0.0,1.6200000000000574,1.0499999999997272,,SL_initial,12,0,London,0,,,,,,,nan/nan
6152,6155,-1,1925.4800000000002,1926.4289999999999,1926.68,1926.68,0.01,-0.9489999999996144,0.0,0.34100000000034925,0.8589999999996962,6152,8,6152,6150,1.199999999999818,142.2936000000189,0.319,0.6768181818181553,30.769273239648314,1,6151,0.0,0.0,142.38360000001882,0.2,1926.68,6152,1925.5800000000002,1926.68,0,2020-09-07 13:36:00,2020-09-07 13:39:00,2020-09-07 13:36:00,2020-09-07 13:35:00,3.0,4,0.34100000000034925,0.8589999999996962,-0.9489999999996144,-0.7908333333331319,0.2841666666670008,0.7158333333331887,1.2899999999999636,378.299120234206,MA18_exit,13,0,London/NY,1,,,,,,,nan/nan
6342,6347,1,1930.9099999999999,1930.1000000000001,1929.68,1929.68,0.01,-0.8099999999997181,0.0,0.9500000000000455,0.9099999999998545,6343,8,6342,6339,1.2299999999997908,141.48360000001918,0.319,0.6540909090909239,19.150060020799586,1,6340,0.0,0.0,141.38360000001904,0.2,1929.68,6342,1930.81,1929.68,0,2020-09-07 16:46:00,2020-09-07 16:51:00,2020-09-07 16:47:00,2020-09-07 16:44:00,5.0,6,0.9500000000000455,0.9099999999998545,-0.8099999999997181,-0.6585365853657364,0.7723577235774041,0.7398373983739912,1.7599999999997635,185.26315789470308,MA18_exit,16,0,London/NY,2,,,,,,,nan/nan
6500,6500,-1,1928.6100000000001,1929.379,1929.02,1929.02,0.01,-0.7689999999997781,0.0,-0.4089999999998781,0.6789999999998599,6500,1,6500,6497,0.4099999999998545,140.7146000000194,0.319,0.29090909090908473,49.09214253052207,1,6498,0.0,0.0,140.80460000001932,0.2,1929.02,6500,1928.71,1929.02,0,2020-09-07 19:24:00,2020-09-07 19:24:00,2020-09-07 19:24:00,2020-09-07 19:22:00,0.0,1,0.0,0.6789999999998599,-0.7689999999997781,-1.8756097560976854,0.0,1.656097560975856,0.7689999999997781,,SL_initial,19,0,NewYork,2,,,,,,,nan/nan
6501,6501,-1,1928.5000000000002,1929.12,1929.02,1929.02,0.01,-0.6199999999996635,0.0,0.2010000000002492,0.5389999999997599,6501,1,6501,6500,0.5199999999997544,140.09460000001974,0.319,0.29318181818180994,47.071685445447336,1,6501,0.0,0.0,140.17560000001964,0.2,1929.02,6501,1928.6000000000001,1929.02,0,2020-09-07 19:25:00,2020-09-07 19:25:00,2020-09-07 19:25:00,2020-09-07 19:25:00,0.0,1,0.2010000000002492,0.5389999999997599,-0.6199999999996635,-1.1923076923076081,0.3865384615391233,1.0365384615384894,0.8209999999999127,408.45771144223625,SL_initial,19,0,NewYork,0,,,,,,,nan/nan
6506,6507,-1,1927.7800000000002,1929.1699999999998,1929.07,1929.07,0.01,-1.3899999999996453,0.0,-0.35899999999969623,1.92899999999986,6506,1,6506,6501,1.2899999999997362,138.7046000000201,0.319,0.3422727272727467,43.41831205676962,1,6502,0.0,0.0,138.16560000001988,0.2,1929.07,6507,1927.88,1929.07,0,2020-09-07 19:30:00,2020-09-07 19:31:00,2020-09-07 19:30:00,2020-09-07 19:26:00,1.0,2,0.0,1.92899999999986,-1.3899999999996453,-1.0775193798449065,0.0,1.4953488372094994,1.3899999999996453,,SL_initial,19,0,NewYork,4,,,,,,,nan/nan
6651,6653,1,1931.1499999999999,1930.4,1930.33,1930.33,0.01,-0.7499999999997726,0.0,-0.33999999999991815,0.7399999999997817,6651,8,6651,6650,0.8199999999999363,137.95460000002032,0.3,0.20863636363637025,23.803251748184863,1,6651,0.0,0.0,137.9646000000203,0.2,1930.33,6652,1931.05,1930.33,0,2020-09-08 02:55:00,2020-09-08 02:57:00,2020-09-08 02:55:00,2020-09-08 02:55:00,2.0,3,0.0,0.7399999999997817,-0.7499999999997726,-0.9146341463412572,0.0,0.9024390243900478,0.7499999999997726,,MA18_exit,2,1,Asia,0,weak_trend,bull,high_vol,False,False,False,weak_trend/high_vol
6686,6686,-1,1928.3600000000001,1929.58,1929.48,1929.48,0.01,-1.2199999999998,0.0,0.1890000000003056,1.1709999999998217,6686,1,6686,6683,1.1199999999998909,136.73460000002052,0.331,0.4300000000000223,38.88318825763578,1,6684,0.0,0.0,136.7836000000205,0.2,1929.48,6686,1928.46,1929.48,0,2020-09-08 03:30:00,2020-09-08 03:30:00,2020-09-08 03:30:00,2020-09-08 03:28:00,0.0,1,0.1890000000003056,1.1709999999998217,-1.2199999999998,-1.0892857142856418,0.16875000000028928,1.045535714285657,1.4090000000001055,745.502645501496,SL_initial,3,1,Asia,2,weak_trend,bull,high_vol,False,False,False,weak_trend/high_vol
6760,6760,-1,1925.3600000000001,1925.945,1925.8,1925.8,0.01,-0.584999999999809,0.0,0.27500000000009095,0.5249999999998636,6760,1,6760,6753,0.4399999999998272,136.1496000000207,0.325,0.5054545454545405,26.289717009929472,1,6754,0.0,0.0,136.20960000002066,0.2,1925.8,6760,1925.46,1926.56,0,2020-09-08 04:44:00,2020-09-08 04:44:00,2020-09-08 04:44:00,2020-09-08 04:38:00,0.0,1,0.27500000000009095,0.5249999999998636,-0.584999999999809,-1.3295454545455427,0.6250000000004522,1.1931818181819767,0.8599999999999,312.7272727271329,SL_initial,4,1,Asia,6,weak_trend,bull,high_vol,False,False,False,weak_trend/high_vol
6764,6764,-1,1924.5600000000002,1925.8999999999999,1925.8,1925.8,0.01,-1.3399999999996908,0.0,-0.3649999999997817,1.7549999999998818,6764,1,6764,6760,1.2399999999997817,134.80960000002102,0.325,0.5022727272727252,29.280762179228034,1,6761,0.0,0.0,134.90960000002093,0.2,1925.8,6764,1924.66,1925.8,0,2020-09-08 04:48:00,2020-09-08 04:48:00,2020-09-08 04:48:00,2020-09-08 04:45:00,0.0,1,0.0,1.7549999999998818,-1.3399999999996908,-1.0806451612902634,0.0,1.4153225806453151,1.3399999999996908,,SL_initial,4,1,Asia,3,weak_trend,bull,high_vol,False,False,False,weak_trend/high_vol
6806,6820,-1,1925.9600000000003,1926.465,1927.2,1927.2,0.01,-0.5049999999996544,0.0,0.8150000000002819,0.7049999999996999,6816,8,6806,6804,1.2399999999997817,134.30460000002137,0.325,0.3209090909090884,25.548982419590843,1,6805,0.0,0.0,134.10460000002132,0.2,1927.2,6806,1926.0600000000002,1927.2,0,2020-09-08 05:30:00,2020-09-08 05:44:00,2020-09-08 05:40:00,2020-09-08 05:29:00,14.0,15,0.8150000000002819,0.7049999999996999,-0.5049999999996544,-0.407258064515922,0.6572580645164721,0.5685483870966322,1.3199999999999363,161.96319018398523,MA18_exit,5,1,Asia,1,weak_trend,bull,high_vol,False,False,False,weak_trend/high_vol
6839,6850,-1,1925.8200000000002,1926.0199999999998,1926.42,1926.42,0.01,-0.19999999999959073,0.0,0.9500000000002728,0.5099999999997635,6843,8,6839,6836,0.599999999999909,134.10460000002178,0.31,0.22954545454546282,17.15785105434226,1,6837,0.0,0.0,133.7946000000216,0.2,1926.42,6839,1925.92,1926.42,0,2020-09-08 06:03:00,2020-09-08 06:14:00,2020-09-08 06:07:00,2020-09-08 06:01:00,11.0,12,0.9500000000002728,0.5099999999997635,-0.19999999999959073,-0.33333333333270176,1.583333333334028,0.8499999999997347,1.1499999999998636,121.05263157889824,MA18_exit,6,1,Asia,2,weak_trend,bull,high_vol,False,False,False,weak_trend/high_vol
6866,6871,-1,1923.0400000000002,1924.55,1924.45,1924.45,0.01,-1.5099999999997635,0.0,-0.009999999999763531,1.6399999999996453,6867,1,6866,6865,1.4099999999998545,132.594600000022,0.31,0.4509090909091045,41.85680540938373,1,6866,0.0,0.0,132.46460000002213,0.2,1924.45,6871,1923.14,1924.45,0,2020-09-08 06:30:00,2020-09-08 06:35:00,2020-09-08 06:31:00,2020-09-08 06:30:00,5.0,6,0.0,1.6399999999996453,-1.5099999999997635,-1.0709219858155457,0.0,1.163120567375755,1.5099999999997635,,SL_initial,6,1,Asia,0,weak_trend,bull,high_vol,False,False,False,weak_trend/high_vol
6979,6999,1,1927.0499999999997,1926.94,1925.8,1925.8,0.01,-0.10999999999967258,0.0,1.6100000000003547,0.7499999999997726,6993,8,6979,6978,1.2499999999997726,132.48460000002234,0.325,0.34863636363636696,32.240827240841384,1,6979,0.0,0.0,131.84460000002224,0.2,1925.8,6988,1926.9499999999998,1925.8,0,2020-09-08 08:23:00,2020-09-08 08:43:00,2020-09-08 08:37:00,2020-09-08 08:23:00,20.0,21,1.6100000000003547,0.7499999999997726,-0.10999999999967258,-0.08799999999975407,1.288000000000518,0.5999999999999273,1.7200000000000273,106.83229813662412,MA18_exit,8,1,London,0,weak_trend,bull,high_vol,False,False,False,weak_trend/high_vol
7225,7225,-1,1924.6000000000001,1925.3999999999999,1925.3,1925.3,0.01,-0.7999999999997272,0.0,-0.11899999999991451,0.7189999999998236,7225,1,7225,7224,0.6999999999998181,131.6846000000226,0.319,0.38954545454545164,15.735001824512219,1,7225,0.0,0.0,131.76560000002252,0.2,1925.3,7225,1924.7,1925.3,0,2020-09-08 12:29:00,2020-09-08 12:29:00,2020-09-08 12:29:00,2020-09-08 12:29:00,0.0,1,0.0,0.7189999999998236,-0.7999999999997272,-1.14285714285705,0.0,1.027142857142872,0.7999999999997272,,SL_initial,12,1,London,0,weak_trend,bull,high_vol,False,False,False,weak_trend/high_vol
7226,7246,-1,1924.2000000000003,1920.23,1925.14,1920.13,0.01,3.9700000000002547,0.0,6.901000000000295,0.8589999999996962,7239,3,7226,7225,0.9399999999998272,135.65460000002287,0.319,0.3904545454545314,18.920224397486336,3,7226,0.0,1.0,130.82560000002292,0.2,1920.13,7226,1924.3000000000002,1925.14,0,2020-09-08 12:30:00,2020-09-08 12:50:00,2020-09-08 12:43:00,2020-09-08 12:30:00,20.0,21,6.901000000000295,0.8589999999996962,3.9700000000002547,4.2234042553201965,7.341489361703791,0.9138297872338874,2.93100000000004,42.472105491956455,SL_swing,12,1,London,0,weak_trend,bull,high_vol,False,False,False,weak_trend/high_vol
7877,7878,-1,1927.7500000000002,1929.28,1929.18,1929.18,0.01,-1.5299999999997453,0.0,-0.3319999999996526,2.5119999999997162,7877,1,7877,7876,1.4299999999998363,134.12460000002312,0.302,0.8045454545454462,26.96569662646838,1,7877,0.0,0.0,133.14260000002315,0.2,1929.18,7878,1927.8500000000001,1929.18,0,2020-09-08 23:21:00,2020-09-08 23:22:00,2020-09-08 23:21:00,2020-09-08 23:21:00,1.0,2,0.0,2.5119999999997162,-1.5299999999997453,-1.0699300699300143,0.0,1.7566433566433592,1.5299999999997453,,SL_initial,23,1,Sydney,0,weak_trend,bull,high_vol,False,False,False,weak_trend/high_vol
7906,7915,-1,1931.3400000000001,1932.28,1932.18,1932.18,0.01,-0.7420999999998272,0.1979,0.718000000000302,1.084999999999809,7906,1,7906,7905,0.8399999999999181,133.3825000000233,0.302,0.4427272727272938,19.35386362260251,1,7906,0.0,0.0,133.0396000000233,0.2,1932.18,7915,1931.44,1932.18,0,2020-09-08 23:50:00,2020-09-09 01:00:00,2020-09-08 23:50:00,2020-09-08 23:50:00,70.0,10,0.718000000000302,1.084999999999809,-0.9399999999998272,-0.8834523809522614,0.8547619047623475,1.2916666666665653,1.4601000000001292,203.35654596093525,SL_initial,23,1,Sydney,0,weak_trend,bull,high_vol,False,False,False,weak_trend/high_vol
7954,7962,-1,1929.92,1930.675,1930.96,1930.96,0.01,-0.7549999999998818,0.0,-0.07500000000004547,0.7849999999998545,7954,8,7954,7950,1.0399999999999636,132.62750000002342,0.355,0.26909090909096406,23.40581675961492,1,7951,0.0,0.0,132.59750000002344,0.2,1930.96,7959,1930.02,1930.96,0,2020-09-09 01:39:00,2020-09-09 01:47:00,2020-09-09 01:39:00,2020-09-09 01:36:00,8.0,9,0.0,0.7849999999998545,-0.7549999999998818,-0.7259615384614502,0.0,0.7548076923075788,0.7549999999998818,,MA18_exit,1,2,Asia,3,weak_trend,bull,high_vol,False,False,False,weak_trend/high_vol
8037,8037,-1,1929.9,1930.7109999999998,1930.39,1930.39,0.01,-0.8109999999996944,0.0,-0.390999999999849,0.9009999999998399,8037,1,8037,8035,0.4900000000000091,131.81650000002372,0.331,0.3395454545454971,34.88118870076481,1,8036,0.0,0.0,131.72650000002358,0.2,1930.39,8037,1930.0,1930.39,0,2020-09-09 03:02:00,2020-09-09 03:02:00,2020-09-09 03:02:00,2020-09-09 03:01:00,0.0,1,0.0,0.9009999999998399,-0.8109999999996944,-1.6551020408156722,0.0,1.8387755102037209,0.8109999999996944,,SL_initial,3,2,Asia,1,weak_trend,bull,high_vol,False,False,False,weak_trend/high_vol
8038,8051,-1,1929.7600000000002,1930.4109999999998,1930.52,1930.52,0.01,-0.6509999999996126,0.0,1.2290000000002692,0.6809999999995853,8042,8,8038,8037,0.7599999999997635,131.1655000000241,0.331,0.3513636363636785,33.5683210620096,1,8038,0.0,0.0,131.13550000002414,0.2,1930.52,8038,1929.8600000000001,1930.52,0,2020-09-09 03:03:00,2020-09-09 03:16:00,2020-09-09 03:07:00,2020-09-09 03:03:00,13.0,14,1.2290000000002692,0.6809999999995853,-0.6509999999996126,-0.8565789473681777,1.6171052631587521,0.8960526315786804,1.8799999999998818,152.96989422290235,MA18_exit,3,2,Asia,0,weak_trend,bull,high_vol,False,False,False,weak_trend/high_vol
8094,8095,-1,1928.3600000000001,1929.74,1929.64,1929.64,0.01,-1.3799999999998818,0.0,-0.3509999999998854,1.365000000000009,8094,1,8094,8091,1.2799999999999727,129.78550000002423,0.331,0.4600000000000364,12.996537425981975,1,8092,0.0,0.0,129.8005000000241,0.2,1929.64,8095,1928.46,1929.64,0,2020-09-09 03:59:00,2020-09-09 04:00:00,2020-09-09 03:59:00,2020-09-09 03:57:00,1.0,2,0.0,1.365000000000009,-1.3799999999998818,-1.0781249999999305,0.0,1.0664062500000298,1.3799999999998818,,SL_initial,3,2,Asia,2,weak_trend,bull,high_vol,False,False,False,weak_trend/high_vol
8217,8223,-1,1925.3600000000001,1926.5199999999998,1926.72,1926.72,0.01,-1.159999999999627,0.0,-0.33999999999991815,1.209999999999809,8219,8,8217,8216,1.3599999999999,128.6255000000246,0.31,0.4059090909090731,33.44508006119942,1,8217,0.0,0.0,128.57550000002442,0.2,1926.72,8222,1925.46,1926.72,0,2020-09-09 06:02:00,2020-09-09 06:08:00,2020-09-09 06:04:00,2020-09-09 06:02:00,6.0,7,0.0,1.209999999999809,-1.159999999999627,-0.8529411764703768,0.0,0.8897058823528662,1.159999999999627,,MA18_exit,6,2,Asia,0,weak_trend,bull,high_vol,False,False,False,weak_trend/high_vol
8339,8376,1,1929.7299999999998,1932.1000000000001,1929.06,1929.06,0.01,2.3700000000003456,0.0,4.630000000000109,0.6099999999999,8367,8,8339,8338,0.6699999999998454,130.99550000002495,0.325,0.19045454545454793,14.606702849710024,1,8339,0.0,0.0,128.0155000000247,0.2,1929.06,8339,1929.6299999999999,1929.06,0,2020-09-09 08:04:00,2020-09-09 08:41:00,2020-09-09 08:32:00,2020-09-09 08:04:00,37.0,38,4.630000000000109,0.6099999999999,2.3700000000003456,3.537313432837153,6.910447761195788,0.9104477611940907,2.2599999999997635,48.81209503239115,MA18_exit,8,2,London,0,weak_trend,bull,high_vol,False,False,False,weak_trend/high_vol
8404,8423,-1,1928.1200000000001,1926.1989999999998,1928.83,1928.83,0.01,1.9210000000002765,0.0,3.981000000000222,0.5789999999999509,8414,8,8404,8402,0.709999999999809,132.91650000002522,0.319,0.5159090909091177,22.130315648410203,1,8403,0.0,0.0,130.416500000025,0.2,1928.83,8404,1928.22,1928.83,0,2020-09-09 09:09:00,2020-09-09 09:28:00,2020-09-09 09:19:00,2020-09-09 09:08:00,19.0,20,3.981000000000222,0.5789999999999509,1.9210000000002765,2.7056338028180185,5.607042253522947,0.8154929577466291,2.0599999999999454,51.74579251443935,MA18_exit,9,2,London,1,weak_trend,bull,high_vol,False,False,False,weak_trend/high_vol
8482,8486,-1,1927.3200000000002,1928.48,1928.38,1928.38,0.01,-1.1599999999998545,0.0,-0.11899999999968713,1.528999999999769,8482,1,8482,8480,1.0599999999999454,131.75650000002537,0.319,0.6022727272726963,22.691686869164037,1,8481,0.0,0.0,131.38750000002545,0.2,1928.38,8486,1927.42,1928.38,0,2020-09-09 10:27:00,2020-09-09 10:31:00,2020-09-09 10:27:00,2020-09-09 10:26:00,4.0,5,0.0,1.528999999999769,-1.1599999999998545,-1.0943396226414286,0.0,1.4424528301885355,1.1599999999998545,,SL_initial,10,2,London,1,weak_trend,bull,high_vol,False,False,False,weak_trend/high_vol
8552,8561,-1,1928.1000000000001,1929.1989999999998,1929.33,1929.33,0.01,-1.0989999999997053,0.0,0.9210000000002765,1.1589999999998781,8555,8,8552,8551,1.2299999999997908,130.65750000002566,0.319,0.6249999999999897,47.7055115582663,1,8552,0.0,0.0,130.5975000000255,0.2,1929.33,8560,1928.2,1929.33,0,2020-09-09 11:37:00,2020-09-09 11:46:00,2020-09-09 11:40:00,2020-09-09 11:37:00,9.0,10,0.9210000000002765,1.1589999999998781,-1.0989999999997053,-0.8934959349592619,0.7487804878052302,0.9422764227642888,2.019999999999982,219.32681867528507,MA18_exit,11,2,London,0,weak_trend,bull,high_vol,False,False,False,weak_trend/high_vol
8575,8575,1,1932.34,1931.6200000000001,1931.84,1931.84,0.01,-0.7199999999997999,0.0,-0.2999999999999545,1.0199999999999818,8575,1,8575,8574,0.5,129.93750000002586,0.319,0.6813636363636367,51.65937829139238,1,8575,0.0,0.0,129.63750000002568,0.2,1931.84,8575,1932.24,1931.84,0,2020-09-09 12:00:00,2020-09-09 12:00:00,2020-09-09 12:00:00,2020-09-09 12:00:00,0.0,1,0.0,1.0199999999999818,-0.7199999999997999,-1.4399999999995998,0.0,2.0399999999999636,0.7199999999997999,,SL_initial,12,2,London,0,weak_trend,bull,high_vol,False,False,False,weak_trend/high_vol
8661,8675,-1,1925.9700000000003,1926.099,1927.07,1927.07,0.01,-0.12899999999967804,0.0,0.8310000000003583,0.9589999999996053,8665,8,8661,8659,1.0999999999996817,129.80850000002619,0.319,0.4559090909091207,23.472031010925676,1,8660,0.0,0.0,128.97850000002626,0.2,1927.07,8661,1926.0700000000002,1927.07,0,2020-09-09 13:26:00,2020-09-09 13:40:00,2020-09-09 13:30:00,2020-09-09 13:25:00,14.0,15,0.8310000000003583,0.9589999999996053,-0.12899999999967804,-0.11727272727246851,0.7554545454550898,0.8718181818180752,0.9600000000000364,115.52346570392568,MA18_exit,13,2,London/NY,1,weak_trend,bull,high_vol,False,False,False,weak_trend/high_vol
8677,8705,-1,1925.0800000000002,1922.819,1925.76,1925.76,0.01,2.2610000000001946,0.0,3.82100000000014,0.6789999999998599,8688,8,8677,8676,0.6799999999998363,132.06950000002638,0.319,0.42545454545455125,23.917980153406855,1,8677,0.0,0.0,129.12950000002633,0.2,1925.76,8677,1925.18,1925.76,0,2020-09-09 13:42:00,2020-09-09 14:10:00,2020-09-09 13:53:00,2020-09-09 13:42:00,28.0,29,3.82100000000014,0.6789999999998599,2.2610000000001946,3.325000000001087,5.619117647060382,0.9985294117647403,1.5599999999999454,40.82700863647967,MA18_exit,13,2,London/NY,0,weak_trend,bull,high_vol,False,False,False,weak_trend/high_vol
9042,9055,1,1948.1399999999999,1948.15,1947.46,1947.46,0.01,0.010000000000218279,0.0,0.8100000000001728,0.5199999999999818,9048,8,9042,9041,0.6799999999998363,132.0795000000266,0.319,0.5281818181818442,47.06469150915346,1,9042,0.0,0.0,131.5495000000264,0.2,1947.46,9042,1948.04,1947.46,0,2020-09-09 19:47:00,2020-09-09 20:00:00,2020-09-09 19:53:00,2020-09-09 19:47:00,13.0,14,0.8100000000001728,0.5199999999999818,0.010000000000218279,0.014705882353265715,1.1911764705887762,0.7647058823530986,0.7999999999999545,98.76543209873874,MA18_exit,19,2,NewYork,0,weak_trend,bull,high_vol,False,False,False,weak_trend/high_vol
9094,9095,1,1947.1499999999999,1946.3100000000002,1946.03,1946.03,0.01,-0.8399999999996908,0.0,-0.3999999999998636,0.7599999999997635,9094,8,9094,9093,1.1199999999998909,131.2395000000269,0.319,0.5168181818181665,26.31635483353883,1,9094,0.0,0.0,131.31950000002684,0.2,1946.03,9094,1947.05,1946.03,0,2020-09-09 20:39:00,2020-09-09 20:40:00,2020-09-09 20:39:00,2020-09-09 20:39:00,1.0,2,0.0,0.7599999999997635,-0.8399999999996908,-0.7499999999997969,0.0,0.6785714285712836,0.8399999999996908,,MA18_exit,20,2,NewYork,0,weak_trend,bull,high_vol,False,False,False,weak_trend/high_vol
9202,9208,1,1950.9199999999998,1949.92,1949.6,1949.6,0.01,-0.9999999999997726,0.0,-0.1999999999998181,1.199999999999818,9202,8,9202,9200,1.3199999999999363,130.23950000002714,0.319,0.7063636363636244,25.48855373641482,1,9201,0.0,0.0,130.0395000000271,0.2,1949.6,9205,1950.82,1949.6,0,2020-09-09 22:27:00,2020-09-09 22:33:00,2020-09-09 22:27:00,2020-09-09 22:26:00,6.0,7,0.0,1.199999999999818,-0.9999999999997726,-0.7575757575756219,0.0,0.9090909090908151,0.9999999999997726,,MA18_exit,22,2,Sydney,1,weak_trend,bull,high_vol,False,False,False,weak_trend/high_vol
9266,9271,-1,1946.63,1947.81,1947.71,1947.71,0.01,-1.1799999999998363,0.0,-0.4019999999998163,1.1119999999998527,9266,1,9266,9258,1.0799999999999272,129.0595000000273,0.302,0.31636363636364834,17.841455193450624,1,9259,0.0,0.0,129.12750000002728,0.2,1947.71,9271,1946.76,1947.99,0,2020-09-09 23:31:00,2020-09-09 23:36:00,2020-09-09 23:31:00,2020-09-09 23:24:00,5.0,6,0.0,1.1119999999998527,-1.1799999999998363,-1.0925925925925146,0.0,1.0296296296295626,1.1799999999998363,,SL_initial,23,2,Sydney,7,weak_trend,bull,high_vol,False,False,False,weak_trend/high_vol
9317,9317,-1,1945.4300000000003,1946.28,1946.18,1946.18,0.01,-0.8499999999996817,0.0,-0.40499999999974534,0.9249999999997272,9317,1,9317,9316,0.7499999999997726,128.20950000002762,0.355,0.42227272727270493,29.60224265477413,1,9317,0.0,0.0,128.13450000002757,0.2,1946.18,9317,1945.5300000000002,1946.18,0,2020-09-10 01:23:00,2020-09-10 01:23:00,2020-09-10 01:23:00,2020-09-10 01:23:00,0.0,1,0.0,0.9249999999997272,-0.8499999999996817,-1.1333333333332525,0.0,1.2333333333333434,0.8499999999996817,,SL_initial,1,3,Asia,0,weak_trend,bull,high_vol,False,False,False,weak_trend/high_vol
9319,9325,-1,1945.2800000000002,1946.175,1946.18,1946.18,0.01,-0.8949999999997544,0.0,0.7450000000001182,0.8149999999998272,9321,8,9319,9317,0.8999999999998636,127.31450000002786,0.355,0.38909090909088595,35.806058948337885,1,9318,0.0,0.0,127.39450000002779,0.2,1946.18,9324,1945.38,1946.18,0,2020-09-10 01:25:00,2020-09-10 01:31:00,2020-09-10 01:27:00,2020-09-10 01:24:00,6.0,7,0.7450000000001182,0.8149999999998272,-0.8949999999997544,-0.9944444444443223,0.8277777777780346,0.9055555555555008,1.6399999999998727,220.13422818786745,MA18_exit,1,3,Asia,1,weak_trend,bull,high_vol,False,False,False,weak_trend/high_vol
9376,9385,-1,1946.8000000000002,1947.7199999999998,1948.15,1948.15,0.01,-0.919999999999618,0.0,-0.22999999999979082,1.059999999999718,9378,8,9376,9375,1.349999999999909,126.39450000002824,0.3,0.3322727272727558,24.900898675808925,1,9376,0.0,0.0,126.25450000002814,0.2,1948.15,9384,1946.9,1948.15,0,2020-09-10 02:22:00,2020-09-10 02:31:00,2020-09-10 02:24:00,2020-09-10 02:22:00,9.0,10,0.0,1.059999999999718,-0.919999999999618,-0.6814814814812444,0.0,0.7851851851850292,0.919999999999618,,MA18_exit,2,3,Asia,0,weak_trend,bull,high_vol,False,False,False,weak_trend/high_vol
9496,9507,1,1949.9899999999998,1949.42,1948.67,1948.67,0.01,-0.569999999999709,0.0,0.7700000000002092,0.7499999999997726,9500,8,9496,9495,1.319999999999709,125.82450000002854,0.325,0.7559090909091165,44.941770950642976,1,9496,0.0,0.0,125.64450000002847,0.2,1948.67,9496,1949.8899999999999,1948.67,0,2020-09-10 04:22:00,2020-09-10 04:33:00,2020-09-10 04:26:00,2020-09-10 04:22:00,11.0,12,0.7700000000002092,0.7499999999997726,-0.569999999999709,-0.43181818181805653,0.5833333333336205,0.5681818181817712,1.3399999999999181,174.02597402591613,MA18_exit,4,3,Asia,0,weak_trend,bull,high_vol,False,False,False,weak_trend/high_vol
9534,9534,-1,1944.7100000000003,1946.085,1945.96,1945.96,0.01,-1.3749999999997726,0.0,-0.044999999999845386,1.5249999999998636,9534,1,9534,9533,1.2499999999997726,124.44950000002876,0.325,0.7445454545454285,60.657888451129146,1,9534,0.0,0.0,124.29950000002867,0.2,1945.96,9534,1944.8100000000002,1945.96,0,2020-09-10 05:00:00,2020-09-10 05:00:00,2020-09-10 05:00:00,2020-09-10 05:00:00,0.0,1,0.0,1.5249999999998636,-1.3749999999997726,-1.1000000000000183,0.0,1.2200000000001128,1.3749999999997726,,SL_initial,5,3,Asia,0,weak_trend,bull,high_vol,False,False,False,weak_trend/high_vol
9546,9549,-1,1943.92,1944.935,1945.06,1945.06,0.01,-1.0149999999998727,0.0,-0.10500000000001819,0.9049999999999727,9546,8,9546,9545,1.1399999999998727,123.43450000002889,0.325,0.5936363636363405,38.22342041635092,1,9546,0.0,0.0,123.54450000002879,0.2,1945.06,9548,1944.02,1945.06,0,2020-09-10 05:12:00,2020-09-10 05:15:00,2020-09-10 05:12:00,2020-09-10 05:12:00,3.0,4,0.0,0.9049999999999727,-1.0149999999998727,-0.8903508771929702,0.0,0.7938596491228718,1.0149999999998727,,MA18_exit,5,3,Asia,0,weak_trend,bull,high_vol,False,False,False,weak_trend/high_vol
9595,9616,-1,1946.3300000000002,1946.07,1947.44,1947.44,0.01,0.2600000000002183,0.0,1.1600000000003092,0.6899999999998272,9612,8,9595,9588,1.1099999999999,123.69450000002911,0.31,0.30863636363638264,19.433408429444953,1,9589,0.0,0.0,122.74450000002906,0.2,1947.44,9595,1946.43,1947.44,0,2020-09-10 06:01:00,2020-09-10 06:22:00,2020-09-10 06:18:00,2020-09-10 05:55:00,21.0,22,1.1600000000003092,0.6899999999998272,0.2600000000002183,0.234234234234452,1.0450450450454178,0.621621621621522,0.900000000000091,77.58620689653888,MA18_exit,6,3,Asia,6,weak_trend,bull,high_vol,False,False,False,weak_trend/high_vol
9773,9774,1,1948.1299999999999,1947.0500000000002,1947.15,1947.15,0.01,-1.0799999999996999,0.0,-0.36999999999989086,1.199999999999818,9773,1,9773,9771,0.9799999999997908,122.61450000002941,0.325,0.5672727272727177,11.532666162378424,1,9772,0.0,0.0,122.49450000002929,0.2,1947.15,9774,1948.03,1947.15,0,2020-09-10 08:59:00,2020-09-10 09:00:00,2020-09-10 08:59:00,2020-09-10 08:58:00,1.0,2,0.0,1.199999999999818,-1.0799999999996999,-1.1020408163264597,0.0,1.224489795918443,1.0799999999996999,,SL_initial,8,3,London,1,weak_trend,bull,high_vol,False,False,False,weak_trend/high_vol
9898,9899,-1,1943.7000000000003,1945.03,1944.93,1944.93,0.01,-1.3299999999996999,0.0,-0.3489999999997053,1.4089999999996508,9898,1,9898,9896,1.2299999999997908,121.28450000002971,0.319,0.6931818181818286,17.81715629766185,1,9897,0.0,0.0,121.20550000002976,0.2,1944.93,9899,1943.8000000000002,1944.93,0,2020-09-10 11:04:00,2020-09-10 11:05:00,2020-09-10 11:04:00,2020-09-10 11:03:00,1.0,2,0.0,1.4089999999996508,-1.3299999999996999,-1.08130081300807,0.0,1.1455284552844638,1.3299999999996999,,SL_initial,11,3,London,1,weak_trend,bull,high_vol,False,False,False,weak_trend/high_vol
10003,10023,1,1947.4099999999999,1948.77,1946.18,1946.18,0.01,1.3600000000001273,0.0,3.1100000000001273,0.7399999999997817,10018,8,10003,10002,1.2299999999997908,122.64450000002984,0.319,0.5436363636363652,25.981506269316185,1,10003,0.0,0.0,120.54450000002993,0.2,1946.18,10003,1947.31,1946.18,0,2020-09-10 12:49:00,2020-09-10 13:09:00,2020-09-10 13:04:00,2020-09-10 12:49:00,20.0,21,3.1100000000001273,0.7399999999997817,1.3600000000001273,1.1056910569108607,2.528455284553379,0.6016260162600875,1.75,56.2700964630202,MA18_exit,12,3,London,0,weak_trend,bull,high_vol,False,False,False,weak_trend/high_vol
10052,10053,1,1949.6899999999998,1948.72,1948.52,1948.52,0.01,-0.9699999999997999,0.0,-0.32999999999992724,0.8699999999998909,10052,8,10052,10051,1.1699999999998454,121.67450000003004,0.319,0.30090909090913764,36.07477510141943,1,10052,0.0,0.0,121.77450000002995,0.2,1948.52,10052,1949.59,1948.52,0,2020-09-10 13:38:00,2020-09-10 13:39:00,2020-09-10 13:38:00,2020-09-10 13:38:00,1.0,2,0.0,0.8699999999998909,-0.9699999999997999,-0.8290598290597676,0.0,0.7435897435897486,0.9699999999997999,,MA18_exit,13,3,London/NY,0,weak_trend,bull,high_vol,False,False,False,weak_trend/high_vol
10076,10084,1,1950.7599999999998,1949.74,1949.71,1949.71,0.01,-1.0199999999997544,0.0,1.7700000000002092,0.9199999999998454,10076,8,10076,10073,1.0499999999997272,120.65450000003028,0.319,0.5095454545454459,26.82490522022778,1,10074,0.0,0.0,120.75450000003019,0.2,1949.71,10083,1950.6599999999999,1949.71,0,2020-09-10 14:02:00,2020-09-10 14:10:00,2020-09-10 14:02:00,2020-09-10 14:00:00,8.0,9,1.7700000000002092,0.9199999999998454,-1.0199999999997544,-0.97142857142859,1.685714285714923,0.8761904761905567,2.7899999999999636,157.6271186440471,MA18_exit,14,3,London/NY,2,weak_trend,bull,high_vol,False,False,False,weak_trend/high_vol
10124,10128,-1,1946.7000000000003,1947.619,1947.92,1947.92,0.01,-0.9189999999996417,0.0,0.6410000000003038,1.028999999999769,10124,8,10124,10121,1.2199999999998,119.73550000003064,0.319,0.6100000000000136,53.119972695052816,1,10122,0.0,0.0,119.62550000003051,0.2,1947.92,10127,1946.8000000000002,1947.92,0,2020-09-10 14:50:00,2020-09-10 14:54:00,2020-09-10 14:50:00,2020-09-10 14:48:00,4.0,5,0.6410000000003038,1.028999999999769,-0.9189999999996417,-0.75327868852442,0.525409836065909,0.8434426229507687,1.5599999999999454,243.36973478926774,MA18_exit,14,3,London/NY,2,weak_trend,bull,high_vol,False,False,False,weak_trend/high_vol
10401,10402,-1,1956.3400000000001,1957.4499999999998,1957.35,1957.35,0.01,-1.1099999999996726,0.0,-0.23899999999980537,1.018999999999778,10401,1,10401,10400,1.0099999999997635,118.62550000003097,0.319,0.8195454545454429,36.96930746443901,1,10401,0.0,0.0,118.71650000003086,0.2,1957.35,10402,1956.44,1957.35,0,2020-09-10 19:27:00,2020-09-10 19:28:00,2020-09-10 19:27:00,2020-09-10 19:27:00,1.0,2,0.0,1.018999999999778,-1.1099999999996726,-1.099009900990032,0.0,1.0089108910891254,1.1099999999996726,,SL_initial,19,3,NewYork,0,weak_trend,bull,high_vol,False,False,False,weak_trend/high_vol
10485,10485,-1,1955.4600000000003,1956.6499999999999,1956.55,1956.55,0.01,-1.1899999999995998,0.0,-0.08899999999971442,1.1489999999996598,10485,1,10485,10484,1.0899999999996908,117.43550000003137,0.319,0.6927272727272628,27.01022060031994,1,10485,0.0,0.0,117.47650000003131,0.2,1956.55,10485,1955.5600000000002,1956.55,0,2020-09-10 20:51:00,2020-09-10 20:51:00,2020-09-10 20:51:00,2020-09-10 20:51:00,0.0,1,0.0,1.1489999999996598,-1.1899999999995998,-1.0917431192659977,0.0,1.0541284403669595,1.1899999999995998,,SL_initial,20,3,NewYork,0,weak_trend,bull,high_vol,False,False,False,weak_trend/high_vol
10699,10702,-1,1945.9,1946.6599999999999,1946.56,1946.56,0.01,-0.7599999999997635,0.0,-0.375,0.6749999999999545,10700,1,10699,10695,0.6599999999998545,116.6755000000316,0.355,0.34545454545453097,24.808007667605413,1,10696,0.0,0.0,116.76050000003141,0.2,1946.56,10702,1946.0,1947.06,0,2020-09-11 01:26:00,2020-09-11 01:29:00,2020-09-11 01:27:00,2020-09-11 01:23:00,3.0,4,0.0,0.6749999999999545,-0.7599999999997635,-1.151515151515047,0.0,1.0227272727274292,0.7599999999997635,,SL_initial,1,4,Asia,3,weak_trend,bull,high_vol,False,False,False,weak_trend/high_vol
10852,10852,1,1948.6799999999998,1947.75,1947.85,1947.85,0.01,-0.9299999999998363,0.0,0.24000000000023647,1.0499999999997272,10852,1,10852,10850,0.8299999999999272,115.74550000003177,0.331,0.5363636363636654,17.490897123995293,1,10851,0.0,0.0,115.62550000003188,0.2,1947.85,10852,1948.58,1947.85,0,2020-09-11 03:59:00,2020-09-11 03:59:00,2020-09-11 03:59:00,2020-09-11 03:58:00,0.0,1,0.24000000000023647,1.0499999999997272,-0.9299999999998363,-1.1204819277107443,0.28915662650633434,1.2650602409636376,1.1700000000000728,487.49999999954997,SL_initial,3,4,Asia,1,weak_trend,bull,high_vol,False,False,False,weak_trend/high_vol
10949,10949,-1,1945.2000000000003,1946.05,1945.95,1945.95,0.01,-0.8499999999996817,0.0,-0.3449999999997999,0.7649999999998727,10949,1,10949,10947,0.7499999999997726,114.89550000003209,0.325,0.3222727272727442,40.10441777536713,1,10948,0.0,0.0,114.9805000000319,0.2,1945.95,10949,1945.3000000000002,1945.95,0,2020-09-11 05:36:00,2020-09-11 05:36:00,2020-09-11 05:36:00,2020-09-11 05:35:00,0.0,1,0.0,0.7649999999998727,-0.8499999999996817,-1.1333333333332525,0.0,1.0200000000001395,0.8499999999996817,,SL_initial,5,4,Asia,1,weak_trend,bull,high_vol,False,False,False,weak_trend/high_vol
10950,10985,-1,1945.0200000000002,1940.1499999999999,1945.86,1941.63,0.01,4.870000000000346,0.0,7.700000000000273,0.6549999999997453,10978,8,10950,10949,0.8399999999996908,119.76550000003243,0.325,0.33318181818183557,37.852873545710445,3,10950,1.0,1.0,114.24050000003234,0.2,1941.63,10954,1945.1200000000001,1945.86,0,2020-09-11 05:37:00,2020-09-11 06:12:00,2020-09-11 06:05:00,2020-09-11 05:37:00,35.0,36,7.700000000000273,0.6549999999997453,4.870000000000346,5.797619047621593,9.166666666670366,0.7797619047618887,2.8299999999999272,36.753246753244504,MA18_exit,5,4,Asia,0,weak_trend,bull,high_vol,False,False,False,weak_trend/high_vol
11068,11069,-1,1938.8600000000001,1939.98,1939.88,1939.88,0.01,-1.1199999999998909,0.0,-0.3249999999998181,1.2649999999998727,11068,1,11068,11067,1.0199999999999818,118.64550000003254,0.325,0.38500000000000123,24.809050267813713,1,11068,0.0,0.0,118.50050000003256,0.2,1939.88,11069,1938.96,1939.88,0,2020-09-11 07:35:00,2020-09-11 07:36:00,2020-09-11 07:35:00,2020-09-11 07:35:00,1.0,2,0.0,1.2649999999998727,-1.1199999999998909,-1.0980392156861871,0.0,1.2401960784312698,1.1199999999998909,,SL_initial,7,4,Asia,0,weak_trend,bull,high_vol,False,False,False,weak_trend/high_vol
11106,11106,-1,1939.3400000000001,1940.0049999999999,1939.73,1939.73,0.01,-0.6649999999997362,0.0,0.5650000000000546,0.5649999999998272,11106,1,11106,11105,0.38999999999987267,117.9805000000328,0.325,0.2490909090909306,24.641704519720328,1,11106,0.0,0.0,118.08050000003271,0.2,1939.73,11106,1939.44,1939.73,0,2020-09-11 08:13:00,2020-09-11 08:13:00,2020-09-11 08:13:00,2020-09-11 08:13:00,0.0,1,0.5650000000000546,0.5649999999998272,-0.6649999999997362,-1.7051282051280856,1.4487179487185615,1.4487179487179787,1.2299999999997908,217.69911504418974,SL_initial,8,4,London,0,weak_trend,bull,high_vol,False,False,False,weak_trend/high_vol
11116,11122,-1,1937.9700000000003,1938.955,1939.06,1939.06,0.01,-0.9849999999996726,0.0,-0.11499999999978172,1.0649999999998272,11121,8,11116,11113,1.0899999999996908,116.99550000003313,0.325,0.43363636363634134,20.663393844764347,1,11114,0.0,0.0,116.91550000003298,0.2,1939.06,11119,1938.0700000000002,1939.06,0,2020-09-11 08:23:00,2020-09-11 08:29:00,2020-09-11 08:28:00,2020-09-11 08:21:00,6.0,7,0.0,1.0649999999998272,-0.9849999999996726,-0.9036697247705981,0.0,0.9770642201836048,0.9849999999996726,,MA18_exit,8,4,London,2,weak_trend,bull,high_vol,False,False,False,weak_trend/high_vol
11336,11336,1,1946.08,1944.8700000000001,1944.97,1944.97,0.01,-1.209999999999809,0.0,-0.05999999999994543,1.1799999999998363,11336,1,11336,11335,1.1099999999999,115.78550000003332,0.319,0.7295454545454628,28.2870358977898,1,11336,0.0,0.0,115.88550000003323,0.2,1944.97,11336,1945.98,1944.97,0,2020-09-11 12:03:00,2020-09-11 12:03:00,2020-09-11 12:03:00,2020-09-11 12:03:00,0.0,1,0.0,1.1799999999998363,-1.209999999999809,-1.0900900900900163,0.0,1.0630630630630113,1.209999999999809,,SL_initial,12,4,London,0,weak_trend,bull,high_vol,False,False,False,weak_trend/high_vol
11461,11475,1,1947.4299999999998,1946.76,1946.28,1946.28,0.01,-0.6699999999998454,0.0,0.6100000000001273,0.8399999999999181,11471,8,11461,11458,1.1499999999998636,115.11550000003348,0.319,0.5013636363636351,38.26891799800026,1,11459,0.0,0.0,114.9455000000334,0.2,1946.28,11461,1947.33,1946.28,0,2020-09-11 14:08:00,2020-09-11 14:22:00,2020-09-11 14:18:00,2020-09-11 14:06:00,14.0,15,0.6100000000001273,0.8399999999999181,-0.6699999999998454,-0.5826086956521086,0.5304347826088693,0.7304347826087111,1.2799999999999727,209.8360655737222,MA18_exit,14,4,London/NY,2,weak_trend,bull,high_vol,False,False,False,weak_trend/high_vol
11784,11817,-1,1948.3400000000001,1944.149,1949.44,1945.31,0.01,4.191000000000258,0.0,5.82100000000014,0.6389999999998963,11810,8,11784,11783,1.099999999999909,119.30650000003374,0.319,0.37681818181818016,16.09744692384469,3,11784,1.0,1.0,114.47650000003358,0.2,1945.31,11784,1948.44,1949.44,0,2020-09-11 19:31:00,2020-09-11 20:04:00,2020-09-11 19:57:00,2020-09-11 19:31:00,33.0,34,5.82100000000014,0.6389999999998963,4.191000000000258,3.81000000000055,5.291818181818747,0.5809090909090446,1.6299999999998818,28.002061501457526,MA18_exit,19,4,NewYork,0,weak_trend,bull,high_vol,False,False,False,weak_trend/high_vol
11902,11903,-1,1940.8400000000001,1941.9699999999998,1941.87,1941.87,0.01,-1.1299999999996544,0.0,-0.4089999999998781,1.17899999999986,11902,1,11902,11900,1.0299999999997453,118.17650000003408,0.319,0.47454545454546737,17.60121628744235,1,11901,0.0,0.0,118.12750000003388,0.2,1941.87,11903,1940.94,1941.87,0,2020-09-11 21:29:00,2020-09-11 21:30:00,2020-09-11 21:29:00,2020-09-11 21:28:00,1.0,2,0.0,1.17899999999986,-1.1299999999996544,-1.0970873786407125,0.0,1.1446601941749044,1.1299999999996544,,SL_initial,21,4,NewYork,1,weak_trend,bull,high_vol,False,False,False,weak_trend/high_vol
11943,11948,-1,1939.92,1941.04,1940.94,1940.94,0.01,-1.1199999999998909,0.0,-0.11899999999991451,1.4889999999998054,11946,1,11943,11942,1.0199999999999818,117.05650000003419,0.319,0.6186363636364004,35.52401209475084,1,11943,0.0,0.0,116.68750000003428,0.2,1940.94,11948,1940.02,1940.94,0,2020-09-11 22:10:00,2020-09-11 22:15:00,2020-09-11 22:13:00,2020-09-11 22:10:00,5.0,6,0.0,1.4889999999998054,-1.1199999999998909,-1.0980392156861871,0.0,1.4598039215684626,1.1199999999998909,,SL_initial,22,4,Sydney,0,weak_trend,bull,high_vol,False,False,False,weak_trend/high_vol
12152,12167,1,1942.7799999999997,1942.3100000000002,1941.76,1941.76,0.01,-0.46999999999957254,0.0,-0.04999999999972715,0.5599999999997181,12163,8,12152,12151,1.0199999999997544,116.58650000003462,0.3,0.1677272727272752,32.42985332182476,1,12152,0.0,0.0,116.49650000003447,0.2,1941.76,12152,1942.6799999999998,1941.76,0,2020-09-14 02:40:00,2020-09-14 02:55:00,2020-09-14 02:51:00,2020-09-14 02:40:00,15.0,16,0.0,0.5599999999997181,-0.46999999999957254,-0.460784313725182,0.0,0.549019607842993,0.46999999999957254,,MA18_exit,2,0,Asia,0,,,,,,,nan/nan
12170,12175,1,1943.2299999999998,1942.22,1942.32,1942.32,0.01,-1.0099999999997635,0.0,-0.08999999999969077,0.9099999999998545,12172,1,12170,12168,0.9099999999998545,115.57650000003486,0.3,0.23545454545454836,16.94183657491251,1,12169,0.0,0.0,115.67650000003476,0.2,1942.32,12175,1943.1299999999999,1942.28,0,2020-09-14 02:58:00,2020-09-14 03:03:00,2020-09-14 03:00:00,2020-09-14 02:57:00,5.0,6,0.0,0.9099999999998545,-1.0099999999997635,-1.1098901098900276,0.0,1.0,1.0099999999997635,,SL_initial,2,0,Asia,1,,,,,,,nan/nan
12362,12378,1,1950.7399999999998,1950.74,1949.79,1949.79,0.01,2.2737367544323206e-13,0.0,0.8800000000001091,0.7299999999997908,12370,8,12362,12361,0.9499999999998181,115.57650000003508,0.31,0.3054545454545777,28.672373516596448,1,12362,0.0,0.0,114.84650000003506,0.2,1949.79,12362,1950.6399999999999,1949.79,0,2020-09-14 06:10:00,2020-09-14 06:26:00,2020-09-14 06:18:00,2020-09-14 06:10:00,16.0,17,0.8800000000001091,0.7299999999997908,2.2737367544323206e-13,2.393407109929217e-13,0.9263157894739764,0.7684210526315058,0.8799999999998818,99.99999999997416,MA18_exit,6,0,Asia,0,,,,,,,nan/nan
12444,12456,-1,1947.8600000000001,1948.6999999999998,1948.6,1948.6,0.01,-0.8399999999996908,0.0,-0.16499999999996362,0.7549999999998818,12451,1,12444,12442,0.7399999999997817,114.73650000003539,0.325,0.24181818181816858,50.658870913552235,1,12443,0.0,0.0,114.8215000000352,0.2,1948.6,12456,1947.96,1948.9,0,2020-09-14 07:32:00,2020-09-14 07:44:00,2020-09-14 07:39:00,2020-09-14 07:31:00,12.0,13,0.0,0.7549999999998818,-0.8399999999996908,-1.135135135135052,0.0,1.0202702702704114,0.8399999999996908,,SL_initial,7,0,Asia,1,,,,,,,nan/nan
12464,12481,-1,1947.0700000000002,1947.305,1948.29,1948.29,0.01,-0.23499999999989996,0.0,1.2850000000000819,0.5949999999997999,12471,8,12464,12463,1.2199999999998,114.50150000003549,0.325,0.18636363636366324,48.0612739519977,1,12464,0.0,0.0,114.14150000003559,0.2,1948.29,12464,1947.17,1948.29,0,2020-09-14 07:52:00,2020-09-14 08:09:00,2020-09-14 07:59:00,2020-09-14 07:52:00,17.0,18,1.2850000000000819,0.5949999999997999,-0.23499999999989996,-0.19262295081962172,1.05327868852483,0.4877049180327029,1.5199999999999818,118.28793774318171,MA18_exit,7,0,Asia,0,,,,,,,nan/nan
12705,12705,-1,1945.4,1946.109,1945.93,1945.93,0.01,-0.7089999999998327,0.0,-0.2889999999997599,0.6789999999998599,12705,1,12705,12701,0.5299999999999727,113.79250000003566,0.319,0.3813636363636306,18.510261410165835,1,12702,0.0,0.0,113.82250000003563,0.2,1945.93,12705,1945.5,1946.6,0,2020-09-14 11:53:00,2020-09-14 11:53:00,2020-09-14 11:53:00,2020-09-14 11:50:00,0.0,1,0.0,0.6789999999998599,-0.7089999999998327,-1.337735849056357,0.0,1.2811320754714999,0.7089999999998327,,SL_initial,11,0,London,3,,,,,,,nan/nan
12807,12815,-1,1942.2000000000003,1943.149,1943.41,1943.41,0.01,-0.9489999999996144,0.0,0.02100000000041291,0.9389999999996235,12807,8,12807,12805,1.209999999999809,112.84350000003604,0.319,0.38045454545451984,20.46662140865371,1,12806,0.0,0.0,112.85350000003604,0.2,1943.41,12808,1942.3000000000002,1943.41,0,2020-09-14 13:35:00,2020-09-14 13:43:00,2020-09-14 13:35:00,2020-09-14 13:34:00,8.0,9,0.02100000000041291,0.9389999999996235,-0.9489999999996144,-0.7842975206609621,0.017355371901170435,0.776033057851051,0.9700000000000273,4619.047618956927,MA18_exit,13,0,London/NY,1,,,,,,,nan/nan
12837,12837,-1,1943.6800000000003,1944.32,1944.22,1944.22,0.01,-0.6399999999996453,0.0,-0.15899999999965075,0.6789999999996326,12837,1,12837,12835,0.5399999999997362,112.2035000000364,0.319,0.3677272727273,37.60376904134157,1,12836,0.0,0.0,112.16450000003641,0.2,1944.22,12837,1943.7800000000002,1944.22,0,2020-09-14 14:05:00,2020-09-14 14:05:00,2020-09-14 14:05:00,2020-09-14 14:04:00,0.0,1,0.0,0.6789999999996326,-0.6399999999996453,-1.1851851851851072,0.0,1.2574074074073411,0.6399999999996453,,SL_initial,14,0,London/NY,1,,,,,,,nan/nan
12840,12856,-1,1943.3200000000002,1943.399,1944.22,1944.22,0.01,-0.07899999999972351,0.0,3.1210000000000946,0.7189999999998236,12847,8,12840,12837,0.8999999999998636,112.12450000003668,0.319,0.39681818181820333,37.02260524801546,1,12838,0.0,0.0,111.48450000003658,0.2,1944.22,12840,1943.42,1944.22,0,2020-09-14 14:08:00,2020-09-14 14:24:00,2020-09-14 14:15:00,2020-09-14 14:06:00,16.0,17,3.1210000000000946,0.7189999999998236,-0.07899999999972351,-0.08777777777748387,3.4677777777784087,0.7988888888888139,3.199999999999818,102.53123998717466,MA18_exit,14,0,London/NY,2,,,,,,,nan/nan
12893,12925,1,1944.8199999999997,1948.42,1943.68,1948.52,0.01,3.600000000000364,0.0,5.110000000000355,0.919999999999618,12923,3,12893,12892,1.1399999999996453,115.72450000003704,0.319,0.4454545454544917,34.760619561407005,3,12893,0.0,1.0,111.20450000003706,0.2,1948.52,12894,1944.7199999999998,1943.68,0,2020-09-14 15:01:00,2020-09-14 15:33:00,2020-09-14 15:31:00,2020-09-14 15:01:00,32.0,33,5.110000000000355,0.919999999999618,3.600000000000364,3.157894736843407,4.482456140352583,0.8070175438595651,1.509999999999991,29.54990215263965,SL_swing,15,0,London/NY,0,,,,,,,nan/nan
13030,13031,1,1959.6799999999998,1958.75,1958.54,1958.54,0.01,-0.9299999999998363,0.0,-0.209999999999809,0.959999999999809,13030,8,13030,13029,1.1399999999998727,114.7945000000372,0.319,0.9386363636363988,14.065669412031284,1,13030,0.0,0.0,114.76450000003723,0.2,1958.54,13030,1959.58,1958.54,0,2020-09-14 17:18:00,2020-09-14 17:19:00,2020-09-14 17:18:00,2020-09-14 17:18:00,1.0,2,0.0,0.959999999999809,-0.9299999999998363,-0.815789473684158,0.0,0.8421052631578213,0.9299999999998363,,MA18_exit,17,0,NewYork,0,,,,,,,nan/nan
13081,13082,1,1959.7099999999998,1958.5500000000002,1958.65,1958.65,0.01,-1.159999999999627,0.0,-0.14999999999986358,1.319999999999709,13081,1,13081,13080,1.059999999999718,113.63450000003758,0.319,0.7190909090908856,23.60282123556855,1,13081,0.0,0.0,113.4745000000375,0.2,1958.65,13082,1959.61,1958.65,0,2020-09-14 18:09:00,2020-09-14 18:10:00,2020-09-14 18:09:00,2020-09-14 18:09:00,1.0,2,0.0,1.319999999999709,-1.159999999999627,-1.0943396226414488,0.0,1.245283018867981,1.159999999999627,,SL_initial,18,0,NewYork,0,,,,,,,nan/nan
13178,13178,-1,1955.6200000000001,1956.86,1956.76,1956.76,0.01,-1.2399999999997817,0.0,-0.41899999999986903,1.3889999999998963,13178,1,13178,13176,1.1399999999998727,112.3945000000378,0.319,0.42954545454546694,33.914195670657264,1,13177,0.0,0.0,112.24550000003768,0.2,1956.76,13178,1955.72,1956.76,0,2020-09-14 19:46:00,2020-09-14 19:46:00,2020-09-14 19:46:00,2020-09-14 19:45:00,0.0,1,0.0,1.3889999999998963,-1.2399999999997817,-1.0877192982455441,0.0,1.2184210526316241,1.2399999999997817,,SL_initial,19,0,NewYork,1,,,,,,,nan/nan
13326,13336,1,1958.1599999999999,1957.5400000000002,1956.96,1956.96,0.01,-0.6199999999996635,0.0,0.22000000000025466,0.9999999999997726,13330,8,13326,13324,1.199999999999818,111.77450000003813,0.319,0.39409090909090205,39.11341321869279,1,13325,0.0,0.0,111.39450000003802,0.2,1956.96,13326,1958.06,1956.96,0,2020-09-14 22:14:00,2020-09-14 22:24:00,2020-09-14 22:18:00,2020-09-14 22:13:00,10.0,11,0.22000000000025466,0.9999999999997726,-0.6199999999996635,-0.5166666666664645,0.18333333333357335,0.8333333333332702,0.8399999999999181,381.8181818177026,MA18_exit,22,0,Sydney,1,,,,,,,nan/nan
13397,13399,1,1958.8099999999997,1957.7900000000002,1957.93,1957.93,0.01,-1.019999999999527,0.0,-0.23999999999978172,0.8699999999996635,13398,8,13397,13396,0.8799999999996544,110.7545000000386,0.302,0.2513636363636248,27.649297899947214,1,13397,0.0,0.0,110.90450000003847,0.2,1957.93,13398,1958.7099999999998,1957.93,0,2020-09-14 23:27:00,2020-09-14 23:29:00,2020-09-14 23:28:00,2020-09-14 23:27:00,2.0,3,0.0,0.8699999999996635,-1.019999999999527,-1.1590909090908268,0.0,0.9886363636363695,1.019999999999527,,MA18_exit,23,0,Sydney,0,,,,,,,nan/nan
13451,13469,-1,1956.7100000000003,1957.135,1957.73,1957.73,0.01,-0.42499999999972715,0.0,0.13500000000021828,0.7149999999996908,13455,8,13451,13450,1.0199999999997544,110.32950000003888,0.355,0.28181818181817353,15.298900556495735,1,13451,0.0,0.0,110.03950000003891,0.2,1957.73,13451,1956.8100000000002,1957.73,0,2020-09-15 01:22:00,2020-09-15 01:40:00,2020-09-15 01:26:00,2020-09-15 01:22:00,18.0,19,0.13500000000021828,0.7149999999996908,-0.42499999999972715,-0.4166666666664995,0.13235294117671645,0.7009803921567284,0.5599999999999454,414.81481481410367,MA18_exit,1,1,Asia,0,range,bull,high_vol,False,False,False,range/high_vol
13532,13532,-1,1956.7200000000003,1957.4099999999999,1957.16,1957.16,0.01,-0.6899999999995998,0.0,-0.24999999999977263,0.5899999999996908,13532,1,13532,13531,0.4399999999998272,109.63950000003928,0.3,0.12090909090907397,20.50024885900233,1,13532,0.0,0.0,109.73950000003919,0.2,1957.16,13532,1956.8200000000002,1957.16,0,2020-09-15 02:45:00,2020-09-15 02:45:00,2020-09-15 02:45:00,2020-09-15 02:45:00,0.0,1,0.0,0.5899999999996908,-0.6899999999995998,-1.5681818181815246,0.0,1.3409090909089147,0.6899999999995998,,SL_initial,2,1,Asia,0,range,bull,high_vol,False,False,False,range/high_vol
13583,13583,-1,1955.3200000000002,1956.1509999999998,1955.86,1955.86,0.01,-0.8309999999996762,0.0,-0.41099999999983083,0.7909999999997126,13583,1,13583,13582,0.5399999999997362,108.8085000000396,0.331,0.33409090909087397,30.059186095411278,1,13583,0.0,0.0,108.84850000003956,0.2,1955.86,13583,1955.42,1955.86,0,2020-09-15 03:36:00,2020-09-15 03:36:00,2020-09-15 03:36:00,2020-09-15 03:36:00,0.0,1,0.0,0.7909999999997126,-0.8309999999996762,-1.5388888888890409,0.0,1.464814814814998,0.8309999999996762,,SL_initial,3,1,Asia,0,range,bull,high_vol,False,False,False,range/high_vol
13595,13596,-1,1955.0200000000002,1955.9699999999998,1955.87,1955.87,0.01,-0.9499999999995907,0.0,-0.39099999999962165,0.9109999999996035,13595,1,13595,13593,0.8499999999996817,107.85850000004001,0.331,0.2949999999999797,15.671822476790199,1,13594,0.0,0.0,107.89750000004,0.2,1955.87,13596,1955.1200000000001,1955.87,0,2020-09-15 03:48:00,2020-09-15 03:49:00,2020-09-15 03:48:00,2020-09-15 03:47:00,1.0,2,0.0,0.9109999999996035,-0.9499999999995907,-1.1176470588234664,0.0,1.071764705882288,0.9499999999995907,,SL_initial,3,1,Asia,1,range,bull,high_vol,False,False,False,range/high_vol
13738,13738,1,1964.1799999999998,1963.52,1963.62,1963.62,0.01,-0.6599999999998545,0.0,-0.35999999999989996,0.6799999999998363,13738,1,13738,13737,0.5599999999999454,107.19850000004016,0.31,0.35045454545458843,49.60173399366824,1,13738,0.0,0.0,107.29850000004006,0.2,1963.62,13738,1964.08,1963.62,0,2020-09-15 06:11:00,2020-09-15 06:11:00,2020-09-15 06:11:00,2020-09-15 06:11:00,0.0,1,0.0,0.6799999999998363,-0.6599999999998545,-1.1785714285712836,0.0,1.2142857142855403,0.6599999999998545,,SL_initial,6,1,Asia,0,range,bull,high_vol,False,False,False,range/high_vol
13739,13739,1,1964.0199999999998,1963.46,1963.62,1963.62,0.01,-0.5599999999997181,0.0,-0.29999999999972715,0.5799999999996999,13739,1,13739,13738,0.3999999999998636,106.63850000004044,0.31,0.34772727272730786,45.578161606654994,1,13739,0.0,0.0,106.61850000004046,0.2,1963.62,13739,1963.9199999999998,1963.62,0,2020-09-15 06:12:00,2020-09-15 06:12:00,2020-09-15 06:12:00,2020-09-15 06:12:00,0.0,1,0.0,0.5799999999996999,-0.5599999999997181,-1.3999999999997725,0.0,1.4499999999997442,0.5599999999997181,,SL_initial,6,1,Asia,0,range,bull,high_vol,False,False,False,range/high_vol
13747,13748,1,1964.3799999999999,1963.8600000000001,1963.44,1963.44,0.01,-0.5199999999997544,0.0,-0.31999999999993634,0.4799999999997908,13747,8,13747,13746,0.9399999999998272,106.11850000004068,0.31,0.38454545454544586,34.832000443472054,1,13747,0.0,0.0,106.15850000004065,0.2,1963.44,13747,1964.28,1963.44,0,2020-09-15 06:20:00,2020-09-15 06:21:00,2020-09-15 06:20:00,2020-09-15 06:20:00,1.0,2,0.0,0.4799999999997908,-0.5199999999997544,-0.5531914893615426,0.0,0.5106382978722117,0.5199999999997544,,MA18_exit,6,1,Asia,0,range,bull,high_vol,False,False,False,range/high_vol
13837,13862,1,1966.12,1966.5800000000002,1964.96,1964.96,0.01,0.46000000000026375,0.0,1.4600000000000364,0.5799999999999272,13847,8,13837,13836,1.1599999999998545,106.57850000004095,0.325,0.23954545454545373,23.435373098000625,1,13837,0.0,0.0,105.53850000004076,0.2,1964.96,13838,1966.02,1964.96,0,2020-09-15 07:50:00,2020-09-15 08:15:00,2020-09-15 08:00:00,2020-09-15 07:50:00,25.0,26,1.4600000000000364,0.5799999999999272,0.46000000000026375,0.39655172413820816,1.2586206896553616,0.5,0.9999999999997726,68.49315068491423,MA18_exit,7,1,Asia,0,range,bull,high_vol,False,False,False,range/high_vol
13873,13889,1,1967.7599999999998,1967.7,1966.68,1966.68,0.01,-0.05999999999971806,0.0,1.4600000000002638,0.6399999999998727,13880,8,13873,13872,1.0799999999996999,106.51850000004123,0.325,0.2209090909090657,16.542765159837614,1,13873,0.0,0.0,105.93850000004107,0.2,1966.68,13876,1967.6599999999999,1966.68,0,2020-09-15 08:26:00,2020-09-15 08:42:00,2020-09-15 08:33:00,2020-09-15 08:26:00,16.0,17,1.4600000000002638,0.6399999999998727,-0.05999999999971806,-0.055555555555309936,1.3518518518524718,0.5925925925926394,1.5199999999999818,104.10958904107584,MA18_exit,8,1,London,0,range,bull,high_vol,False,False,False,range/high_vol
14170,14174,1,1966.2399999999998,1965.44,1965.28,1965.28,0.01,-0.7999999999997272,0.0,0.16000000000030923,0.6299999999998818,14172,8,14170,14169,0.959999999999809,105.7185000000415,0.319,0.521818181818193,28.302063219413046,1,14170,0.0,0.0,105.88850000004135,0.2,1965.28,14173,1966.1399999999999,1965.28,0,2020-09-15 13:23:00,2020-09-15 13:27:00,2020-09-15 13:25:00,2020-09-15 13:23:00,4.0,5,0.16000000000030923,0.6299999999998818,-0.7999999999997272,-0.8333333333332149,0.16666666666702193,0.6562500000000074,0.9600000000000364,599.9999999988631,MA18_exit,13,1,London/NY,0,range,bull,high_vol,False,False,False,range/high_vol
14283,14286,1,1970.6599999999999,1969.72,1969.82,1969.82,0.01,-0.9399999999998272,0.0,-0.32999999999992724,2.209999999999809,14285,1,14283,14282,0.8399999999999181,104.77850000004167,0.319,0.5136363636363203,38.17376240023537,1,14283,0.0,0.0,103.50850000004169,0.2,1969.82,14286,1970.56,1969.82,0,2020-09-15 15:16:00,2020-09-15 15:19:00,2020-09-15 15:18:00,2020-09-15 15:16:00,3.0,4,0.0,2.209999999999809,-0.9399999999998272,-1.1190476190475225,0.0,2.63095238095241,0.9399999999998272,,SL_initial,15,1,London/NY,0,range,bull,high_vol,False,False,False,range/high_vol
14996,15002,-1,1950.88,1952.1,1952.0,1952.0,0.01,-1.2199999999998,0.0,0.7550000000001091,1.8149999999998272,14997,1,14996,14995,1.1199999999998909,103.55850000004187,0.325,0.46363636363634503,26.31957200401987,1,14996,0.0,0.0,102.96350000004185,0.2,1952.0,15002,1950.98,1952.0,0,2020-09-16 04:10:00,2020-09-16 04:16:00,2020-09-16 04:11:00,2020-09-16 04:10:00,6.0,7,0.7550000000001091,1.8149999999998272,-1.2199999999998,-1.0892857142856418,0.674107142857306,1.620535714285718,1.974999999999909,261.5894039734601,SL_initial,4,2,Asia,0,range,bull,high_vol,False,False,False,range/high_vol
15081,15092,1,1958.84,1958.4,1957.72,1957.72,0.01,-0.4399999999998272,0.0,0.9200000000000728,0.7400000000000091,15082,8,15081,15078,1.1199999999998909,103.11850000004205,0.325,0.3631818181818186,33.788615321408585,1,15079,0.0,0.0,102.81850000004187,0.2,1957.72,15081,1958.74,1957.72,0,2020-09-16 05:35:00,2020-09-16 05:46:00,2020-09-16 05:36:00,2020-09-16 05:33:00,11.0,12,0.9200000000000728,0.7400000000000091,-0.4399999999998272,-0.39285714285702683,0.8214285714287164,0.6607142857143582,1.3599999999999,147.82608695649918,MA18_exit,5,2,Asia,2,range,bull,high_vol,False,False,False,range/high_vol
15176,15196,1,1960.4399999999998,1960.3600000000001,1959.66,1959.66,0.01,-0.07999999999969987,0.0,0.7400000000002365,0.6499999999998636,15185,8,15176,15175,0.7799999999997453,103.03850000004235,0.325,0.2959090909090698,11.743057313870692,1,15176,0.0,0.0,102.46850000004218,0.2,1959.66,15177,1960.34,1959.66,0,2020-09-16 07:10:00,2020-09-16 07:30:00,2020-09-16 07:19:00,2020-09-16 07:10:00,20.0,21,0.7400000000002365,0.6499999999998636,-0.07999999999969987,-0.10256410256375126,0.9487179487185616,0.8333333333334305,0.8199999999999363,110.8108108107668,MA18_exit,7,2,Asia,0,range,bull,high_vol,False,False,False,range/high_vol
15341,15356,1,1961.2699999999998,1960.91,1960.17,1960.17,0.01,-0.3599999999996726,0.0,0.7400000000002365,0.8099999999997181,15349,8,15341,15340,1.0999999999996817,102.67850000004267,0.319,0.5490909090908748,45.821900195147094,1,15341,0.0,0.0,102.22850000004263,0.2,1960.17,15341,1961.1699999999998,1960.17,0,2020-09-16 09:55:00,2020-09-16 10:10:00,2020-09-16 10:03:00,2020-09-16 09:55:00,15.0,16,0.7400000000002365,0.8099999999997181,-0.3599999999996726,-0.3272727272725243,0.6727272727276824,0.7363636363635931,1.099999999999909,148.64864864858885,MA18_exit,9,2,London,0,range,bull,high_vol,False,False,False,range/high_vol
15522,15523,-1,1963.8400000000001,1964.6989999999998,1964.91,1964.91,0.01,-0.8589999999996962,0.0,-0.3789999999999054,0.7589999999997872,15522,8,15522,15521,1.0699999999999363,101.81950000004298,0.319,0.45409090909088884,22.324486054150448,1,15522,0.0,0.0,101.91950000004289,0.2,1964.91,15522,1963.94,1964.91,0,2020-09-16 12:56:00,2020-09-16 12:57:00,2020-09-16 12:56:00,2020-09-16 12:56:00,1.0,2,0.0,0.7589999999997872,-0.8589999999996962,-0.8028037383175208,0.0,0.7093457943923667,0.8589999999996962,,MA18_exit,12,2,London,0,range,bull,high_vol,False,False,False,range/high_vol
15972,15972,-1,1962.7600000000002,1963.52,1963.42,1963.42,0.01,-0.7599999999997635,0.0,0.021000000000185537,0.778999999999769,15972,1,15972,15971,0.6599999999998545,101.05950000004322,0.319,0.47999999999999754,25.778866173342678,1,15972,0.0,0.0,101.04050000004321,0.2,1963.42,15972,1962.8600000000001,1963.42,0,2020-09-16 20:26:00,2020-09-16 20:26:00,2020-09-16 20:26:00,2020-09-16 20:26:00,0.0,1,0.021000000000185537,0.778999999999769,-0.7599999999997635,-1.151515151515047,0.03181818181846995,1.1803030303029405,0.7809999999999491,3719.047619014518,SL_initial,20,2,NewYork,0,range,bull,high_vol,False,False,False,range/high_vol
15990,15990,-1,1960.4800000000002,1961.58,1961.48,1961.48,0.01,-1.0999999999996817,0.0,-0.278999999999769,1.0789999999997235,15990,1,15990,15989,0.9999999999997726,99.95950000004353,0.319,0.6322727272726897,27.276327547064803,1,15990,0.0,0.0,99.98050000004349,0.2,1961.48,15990,1960.5800000000002,1961.48,0,2020-09-16 20:44:00,2020-09-16 20:44:00,2020-09-16 20:44:00,2020-09-16 20:44:00,0.0,1,0.0,1.0789999999997235,-1.0999999999996817,-1.0999999999999317,0.0,1.0789999999999689,1.0999999999996817,,SL_initial,20,2,NewYork,0,range,bull,high_vol,False,False,False,range/high_vol
16156,16156,-1,1957.66,1958.49,1958.39,1958.39,0.01,-0.8299999999999272,0.0,-0.2919999999999163,0.8919999999998254,16156,1,16156,16153,0.7300000000000182,99.1295000000436,0.302,0.3536363636363934,25.78768518056629,1,16154,0.0,0.0,99.06750000004371,0.2,1958.39,16156,1957.76,1958.39,0,2020-09-16 23:30:00,2020-09-16 23:30:00,2020-09-16 23:30:00,2020-09-16 23:28:00,0.0,1,0.0,0.8919999999998254,-0.8299999999999272,-1.136986301369735,0.0,1.2219178082189084,0.8299999999999272,,SL_initial,23,2,Sydney,2,range,bull,high_vol,False,False,False,range/high_vol
16229,16229,-1,1958.3400000000001,1958.995,1958.74,1958.74,0.01,-0.6549999999997453,0.0,-0.24499999999989086,0.6149999999997817,16229,1,16229,16228,0.3999999999998636,98.47450000004386,0.355,0.2222727272727215,22.932845039135117,1,16229,0.0,0.0,98.51450000004382,0.2,1958.74,16229,1958.44,1958.74,0,2020-09-17 01:44:00,2020-09-17 01:44:00,2020-09-17 01:44:00,2020-09-17 01:44:00,0.0,1,0.0,0.6149999999997817,-0.6549999999997453,-1.6374999999999218,0.0,1.5374999999999788,0.6549999999997453,,SL_initial,1,3,Asia,0,weak_trend,bull,mid_vol,False,False,False,weak_trend/mid_vol
16293,16298,1,1960.6999999999998,1959.8000000000002,1959.76,1959.76,0.01,-0.8999999999996362,0.0,0.16000000000008185,0.8799999999998818,16295,8,16293,16292,0.9399999999998272,97.57450000004422,0.3,0.3890909090909169,20.342360078351618,1,16293,0.0,0.0,97.59450000004398,0.2,1959.76,16297,1960.6,1959.76,0,2020-09-17 02:48:00,2020-09-17 02:53:00,2020-09-17 02:50:00,2020-09-17 02:48:00,5.0,6,0.16000000000008185,0.8799999999998818,-0.8999999999996362,-0.9574468085104273,0.17021276595756518,0.9361702127660038,1.059999999999718,662.4999999994849,MA18_exit,2,3,Asia,0,weak_trend,bull,mid_vol,False,False,False,weak_trend/mid_vol
16322,16344,-1,1957.5000000000002,1956.6109999999999,1958.31,1958.31,0.01,0.8890000000003511,0.0,2.9690000000002783,0.7309999999997672,16338,8,16322,16321,0.8099999999997181,98.46350000004458,0.331,0.46272727272722397,48.01081995143532,1,16322,0.0,0.0,96.84350000004446,0.2,1958.31,16322,1957.6000000000001,1958.31,0,2020-09-17 03:17:00,2020-09-17 03:39:00,2020-09-17 03:33:00,2020-09-17 03:17:00,22.0,23,2.9690000000002783,0.7309999999997672,0.8890000000003511,1.0975308641983463,3.6654320987670514,0.9024691358024958,2.0799999999999272,70.0572583361311,MA18_exit,3,3,Asia,0,weak_trend,bull,mid_vol,False,False,False,weak_trend/mid_vol
16560,16561,-1,1937.6800000000003,1938.74,1938.64,1938.64,0.01,-1.059999999999718,0.0,-0.42499999999972715,1.4049999999997453,16560,1,16560,16557,0.959999999999809,97.40350000004486,0.325,0.46090909090906446,33.5026044909665,1,16558,0.0,0.0,97.05850000004483,0.2,1938.64,16561,1937.7800000000002,1938.64,0,2020-09-17 07:15:00,2020-09-17 07:16:00,2020-09-17 07:15:00,2020-09-17 07:13:00,1.0,2,0.0,1.4049999999997453,-1.059999999999718,-1.1041666666665926,0.0,1.4635416666666925,1.059999999999718,,SL_initial,7,3,Asia,2,weak_trend,bull,mid_vol,False,False,False,weak_trend/mid_vol
16804,16809,-1,1941.8300000000002,1942.6989999999998,1942.78,1942.78,0.01,-0.8689999999996871,0.0,-0.06899999999973261,0.9389999999998508,16807,8,16804,16800,0.9499999999998181,96.53450000004517,0.319,0.5427272727272648,17.723172231035015,1,16801,0.0,0.0,96.464500000045,0.2,1942.78,16806,1941.93,1942.78,0,2020-09-17 11:19:00,2020-09-17 11:24:00,2020-09-17 11:22:00,2020-09-17 11:16:00,5.0,6,0.0,0.9389999999998508,-0.8689999999996871,-0.914736842105109,0.0,0.9884210526316112,0.8689999999996871,,MA18_exit,11,3,London,3,weak_trend,bull,mid_vol,False,False,False,weak_trend/mid_vol
16995,17007,1,1945.36,1945.3200000000002,1944.45,1944.45,0.01,-0.03999999999973625,0.0,1.8200000000001637,0.7599999999999909,17001,8,16995,16994,0.9099999999998545,96.49450000004543,0.319,0.6272727272727459,38.911153639089335,1,16995,0.0,0.0,95.77450000004518,0.2,1944.45,16995,1945.26,1944.45,0,2020-09-17 14:30:00,2020-09-17 14:42:00,2020-09-17 14:36:00,2020-09-17 14:30:00,12.0,13,1.8200000000001637,0.7599999999999909,-0.03999999999973625,-0.043956043955761144,2.0000000000004996,0.8351648351649588,1.8599999999999,102.19780219778751,MA18_exit,14,3,London/NY,0,weak_trend,bull,mid_vol,False,False,False,weak_trend/mid_vol
17217,17217,1,1947.2399999999998,1946.13,1946.23,1946.23,0.01,-1.1099999999996726,0.0,-0.23999999999978172,1.1799999999998363,17217,1,17217,17216,1.0099999999997635,95.38450000004576,0.319,1.1436363636363156,35.78100490515363,1,17217,0.0,0.0,95.48450000004567,0.2,1946.23,17217,1947.1399999999999,1946.23,0,2020-09-17 18:12:00,2020-09-17 18:12:00,2020-09-17 18:12:00,2020-09-17 18:12:00,0.0,1,0.0,1.1799999999998363,-1.1099999999996726,-1.099009900990032,0.0,1.1683168316832797,1.1099999999996726,,SL_initial,18,3,NewYork,0,weak_trend,bull,mid_vol,False,False,False,weak_trend/mid_vol
17218,17218,1,1947.1999999999998,1946.0500000000002,1946.23,1946.23,0.01,-1.1499999999996362,0.0,-0.37999999999988177,1.059999999999718,17218,1,17218,17217,0.9699999999997999,94.23450000004613,0.319,1.1318181818181445,33.783315460189954,1,17218,0.0,0.0,94.32450000004604,0.2,1946.23,17218,1947.1,1946.23,0,2020-09-17 18:13:00,2020-09-17 18:13:00,2020-09-17 18:13:00,2020-09-17 18:13:00,0.0,1,0.0,1.059999999999718,-1.1499999999996362,-1.1855670103091478,0.0,1.092783505154574,1.1499999999996362,,SL_initial,18,3,NewYork,0,weak_trend,bull,mid_vol,False,False,False,weak_trend/mid_vol
17268,17268,1,1945.2799999999997,1944.6000000000001,1944.7,1944.7,0.01,-0.6799999999996089,0.0,0.20000000000027285,0.8899999999996453,17268,1,17268,17267,0.5799999999996999,93.55450000004652,0.319,0.5895454545454455,16.14634705699467,1,17268,0.0,0.0,93.34450000004648,0.2,1944.7,17268,1945.1799999999998,1944.7,0,2020-09-17 19:03:00,2020-09-17 19:03:00,2020-09-17 19:03:00,2020-09-17 19:03:00,0.0,1,0.20000000000027285,0.8899999999996453,-0.6799999999996089,-1.1724137931033807,0.34482758620754544,1.5344827586208722,0.8799999999998818,439.9999999993406,SL_initial,19,3,NewYork,0,weak_trend,bull,mid_vol,False,False,False,weak_trend/mid_vol
17361,17361,-1,1942.8200000000002,1943.75,1943.65,1943.65,0.01,-0.9299999999998363,0.0,-0.3389999999997144,1.018999999999778,17361,1,17361,17360,0.8299999999999272,92.62450000004668,0.319,0.5099999999999909,22.42128735647337,1,17361,0.0,0.0,92.72450000004659,0.2,1943.65,17361,1942.92,1943.65,0,2020-09-17 20:36:00,2020-09-17 20:36:00,2020-09-17 20:36:00,2020-09-17 20:36:00,0.0,1,0.0,1.018999999999778,-0.9299999999998363,-1.1204819277107443,0.0,1.2277108433733341,0.9299999999998363,,SL_initial,20,3,NewYork,0,weak_trend,bull,mid_vol,False,False,False,weak_trend/mid_vol
17407,17407,1,1946.7499999999998,1946.0800000000002,1946.18,1946.18,0.01,-0.669999999999618,0.0,-0.29999999999972715,0.6299999999998818,17407,1,17407,17406,0.569999999999709,91.95450000004706,0.319,0.353181818181807,43.5008278160774,1,17407,0.0,0.0,92.05450000004697,0.2,1946.18,17407,1946.6499999999999,1946.18,0,2020-09-17 21:22:00,2020-09-17 21:22:00,2020-09-17 21:22:00,2020-09-17 21:22:00,0.0,1,0.0,0.6299999999998818,-0.669999999999618,-1.175438596491158,0.0,1.1052631578950938,0.669999999999618,,SL_initial,21,3,NewYork,0,weak_trend,bull,mid_vol,False,False,False,weak_trend/mid_vol
17434,17445,-1,1944.1100000000001,1944.799,1944.83,1944.83,0.01,-0.6889999999998508,0.0,0.6310000000000855,0.6589999999998781,17437,8,17434,17433,0.7199999999997999,91.26550000004721,0.319,0.5704545454545227,30.227130512843782,1,17434,0.0,0.0,91.29550000004718,0.2,1944.83,17444,1944.21,1944.83,0,2020-09-17 21:49:00,2020-09-17 22:00:00,2020-09-17 21:52:00,2020-09-17 21:49:00,11.0,12,0.6310000000000855,0.6589999999998781,-0.6889999999998508,-0.9569444444445032,0.8763888888892511,0.9152777777778629,1.3199999999999363,209.19175911248138,MA18_exit,21,3,NewYork,0,weak_trend,bull,mid_vol,False,False,False,weak_trend/mid_vol
17488,17490,1,1946.7099999999998,1945.8000000000002,1945.9,1945.9,0.01,-0.9099999999996271,0.0,-0.12999999999988177,1.0799999999996999,17488,1,17488,17487,0.8099999999997181,90.35550000004758,0.319,0.49181818181818926,45.424704045559004,1,17488,0.0,0.0,90.18550000004751,0.2,1945.9,17490,1946.61,1945.9,0,2020-09-17 22:43:00,2020-09-17 22:45:00,2020-09-17 22:43:00,2020-09-17 22:43:00,2.0,3,0.0,1.0799999999996999,-0.9099999999996271,-1.1234567901233874,0.0,1.333333333333427,0.9099999999996271,,SL_initial,22,3,Sydney,0,weak_trend,bull,mid_vol,False,False,False,weak_trend/mid_vol
17598,17599,1,1946.1299999999999,1945.26,1945.36,1945.36,0.01,-0.8699999999998909,0.0,-0.4199999999998454,0.8399999999999181,17598,1,17598,17597,0.7699999999999818,89.4855000000477,0.355,0.2759090909090984,37.13887943035662,1,17598,0.0,0.0,89.51550000004767,0.2,1945.36,17599,1946.03,1945.36,0,2020-09-18 01:34:00,2020-09-18 01:35:00,2020-09-18 01:34:00,2020-09-18 01:34:00,1.0,2,0.0,0.8399999999999181,-0.8699999999998909,-1.129870129870015,0.0,1.0909090909090104,0.8699999999998909,,SL_initial,1,4,Asia,0,range,bull,mid_vol,False,False,False,range/mid_vol
17652,17661,1,1946.9799999999998,1946.43,1946.17,1946.17,0.01,-0.5499999999997272,0.0,-0.08999999999969077,0.4799999999997908,17660,8,17652,17650,0.8099999999997181,88.93550000004797,0.3,0.15727272727270825,20.329388031742443,1,17651,0.0,0.0,89.0055000000479,0.2,1946.17,17652,1946.8799999999999,1946.17,0,2020-09-18 02:28:00,2020-09-18 02:37:00,2020-09-18 02:36:00,2020-09-18 02:27:00,9.0,10,0.0,0.4799999999997908,-0.5499999999997272,-0.6790123456789119,0.0,0.5925925925925406,0.5499999999997272,,MA18_exit,2,4,Asia,1,range,bull,mid_vol,False,False,False,range/mid_vol
17684,17684,1,1947.7299999999998,1947.24,1947.34,1947.34,0.01,-0.4899999999997817,0.0,-0.30999999999971806,1.0499999999997272,17684,1,17684,17682,0.38999999999987267,88.44550000004818,0.331,0.32636363636360827,37.757863597230234,1,17683,0.0,0.0,88.5455000000481,0.2,1947.34,17684,1947.6299999999999,1947.34,0,2020-09-18 03:00:00,2020-09-18 03:00:00,2020-09-18 03:00:00,2020-09-18 02:59:00,0.0,1,0.0,1.0499999999997272,-0.4899999999997817,-1.256410256410107,0.0,2.6923076923078715,0.4899999999997817,,SL_initial,3,4,Asia,1,range,bull,mid_vol,False,False,False,range/mid_vol
17687,17707,1,1948.1599999999999,1950.38,1947.34,1947.34,0.01,2.2200000000002547,0.0,3.630000000000109,0.5899999999999181,17697,8,17687,17685,0.8199999999999363,90.66550000004844,0.331,0.3763636363636351,32.89422487602897,1,17686,0.0,0.0,87.85550000004827,0.2,1947.34,17687,1948.06,1947.34,0,2020-09-18 03:03:00,2020-09-18 03:23:00,2020-09-18 03:13:00,2020-09-18 03:02:00,20.0,21,3.630000000000109,0.5899999999999181,2.2200000000002547,2.7073170731712524,4.42682926829316,0.7195121951219072,1.4099999999998545,38.8429752066064,MA18_exit,3,4,Asia,1,range,bull,mid_vol,False,False,False,range/mid_vol
18022,18025,1,1953.8799999999999,1953.0500000000002,1953.15,1953.15,0.01,-0.8299999999996999,0.0,0.42000000000007276,1.7699999999999818,18023,1,18022,18021,0.7299999999997908,89.83550000004874,0.325,0.3568181818181467,42.368002726280004,1,18022,0.0,0.0,88.89550000004846,0.2,1953.15,18025,1953.78,1953.15,0,2020-09-18 08:38:00,2020-09-18 08:41:00,2020-09-18 08:39:00,2020-09-18 08:38:00,3.0,4,0.42000000000007276,1.7699999999999818,-0.8299999999996999,-1.1369863013697776,0.5753424657536892,2.4246575342472454,1.2499999999997726,297.6190476189419,SL_initial,8,4,London,0,range,bull,mid_vol,False,False,False,range/mid_vol
18026,18026,1,1953.7999999999997,1952.96,1953.15,1953.15,0.01,-0.8399999999996908,0.0,0.3000000000001819,0.8399999999996908,18026,1,18026,18025,0.6499999999996362,88.99550000004905,0.325,0.4931818181817727,35.31721869487736,1,18026,0.0,0.0,88.99550000004905,0.2,1953.15,18026,1953.6999999999998,1953.15,0,2020-09-18 08:42:00,2020-09-18 08:42:00,2020-09-18 08:42:00,2020-09-18 08:42:00,0.0,1,0.3000000000001819,0.8399999999996908,-0.8399999999996908,-1.29230769230794,0.4615384615389997,1.29230769230794,1.1399999999998727,379.99999999972715,SL_initial,8,4,London,0,range,bull,mid_vol,False,False,False,range/mid_vol
18143,18143,-1,1952.2000000000003,1953.11,1953.01,1953.01,0.01,-0.9099999999996271,0.0,-0.35899999999969623,0.9389999999996235,18143,1,18143,18141,0.8099999999997181,88.08550000004942,0.319,0.4531818181818401,27.321328607995056,1,18142,0.0,0.0,88.05650000004943,0.2,1953.01,18143,1952.3000000000002,1953.01,0,2020-09-18 10:39:00,2020-09-18 10:39:00,2020-09-18 10:39:00,2020-09-18 10:38:00,0.0,1,0.0,0.9389999999996235,-0.9099999999996271,-1.1234567901233874,0.0,1.159259259259198,0.9099999999996271,,SL_initial,10,4,London,1,range,bull,mid_vol,False,False,False,range/mid_vol
18172,18177,1,1954.1999999999998,1953.5600000000002,1953.54,1953.54,0.01,-0.6399999999996453,0.0,0.060000000000172804,0.5899999999999181,18175,8,18172,18171,0.6599999999998545,87.44550000004978,0.319,0.5090909090909008,34.03735486645766,1,18172,0.0,0.0,87.4955000000495,0.2,1953.54,18176,1954.1,1953.54,0,2020-09-18 11:08:00,2020-09-18 11:13:00,2020-09-18 11:11:00,2020-09-18 11:08:00,5.0,6,0.060000000000172804,0.5899999999999181,-0.6399999999996453,-0.9696969696966461,0.09090909090937278,0.893939393939467,0.6999999999998181,1166.6666666630035,MA18_exit,11,4,London,0,range,bull,mid_vol,False,False,False,range/mid_vol
18179,18184,1,1954.2399999999998,1953.44,1953.54,1953.54,0.01,-0.7999999999997272,0.0,0.540000000000191,0.9399999999998272,18179,1,18179,18178,0.6999999999998181,86.64550000005005,0.319,0.4422727272727281,34.112813787579995,1,18179,0.0,0.0,86.50550000004995,0.2,1953.54,18184,1954.1399999999999,1953.54,0,2020-09-18 11:15:00,2020-09-18 11:20:00,2020-09-18 11:15:00,2020-09-18 11:15:00,5.0,6,0.540000000000191,0.9399999999998272,-0.7999999999997272,-1.14285714285705,0.7714285714290448,1.342857142857245,1.3399999999999181,248.1481481480452,SL_initial,11,4,London,0,range,bull,mid_vol,False,False,False,range/mid_vol
18818,18831,-1,1951.9,1951.899,1952.62,1952.62,0.01,0.0010000000002037268,0.0,1.4010000000000673,0.6189999999999145,18819,8,18818,18814,0.7199999999997999,86.64650000005025,0.319,0.40500000000000375,29.1734922117527,1,18815,0.0,0.0,86.02650000005013,0.2,1952.62,18818,1952.0,1952.62,0,2020-09-18 21:54:00,2020-09-18 22:07:00,2020-09-18 21:55:00,2020-09-18 21:51:00,13.0,14,1.4010000000000673,0.6189999999999145,0.0010000000002037268,0.0013888888891722287,1.9458333333339675,0.8597222222223424,1.3999999999998636,99.92862241254792,MA18_exit,21,4,NewYork,3,range,bull,mid_vol,False,False,False,range/mid_vol
18842,18855,-1,1951.0600000000002,1951.839,1951.9,1951.9,0.01,-0.778999999999769,0.0,0.4210000000002765,0.778999999999769,18847,8,18842,18841,0.8399999999999181,85.86750000005048,0.319,0.3845454545454665,23.531099741081746,1,18842,0.0,0.0,85.86750000005048,0.2,1951.9,18854,1951.16,1951.9,0,2020-09-18 22:18:00,2020-09-18 22:31:00,2020-09-18 22:23:00,2020-09-18 22:18:00,13.0,14,0.4210000000002765,0.778999999999769,-0.778999999999769,-0.9273809523807678,0.5011904761908542,0.9273809523807678,1.2000000000000455,285.0356294535053,MA18_exit,22,4,Sydney,0,range,bull,mid_vol,False,False,False,range/mid_vol
18875,18875,-1,1950.0400000000002,1950.9589999999998,1950.68,1950.68,0.01,-0.9189999999996417,0.0,-0.3189999999997326,0.8189999999997326,18875,1,18875,18874,0.6399999999998727,84.94850000005084,0.319,0.37181818181820536,28.90718881852749,1,18875,0.0,0.0,85.04850000005075,0.2,1950.68,18875,1950.14,1950.68,0,2020-09-18 22:51:00,2020-09-18 22:51:00,2020-09-18 22:51:00,2020-09-18 22:51:00,0.0,1,0.0,0.8189999999997326,-0.9189999999996417,-1.4359374999997259,0.0,1.2796874999998369,0.9189999999996417,,SL_initial,22,4,Sydney,0,range,bull,mid_vol,False,False,False,range/mid_vol
18876,18878,-1,1949.8400000000001,1950.78,1950.68,1950.68,0.01,-0.9399999999998272,0.0,-0.018999999999778083,1.018999999999778,18876,1,18876,18875,0.8399999999999181,84.00850000005101,0.319,0.3781818181818463,30.358628228341317,1,18876,0.0,0.0,83.92950000005106,0.2,1950.68,18878,1949.94,1950.68,0,2020-09-18 22:52:00,2020-09-18 22:54:00,2020-09-18 22:52:00,2020-09-18 22:52:00,2.0,3,0.0,1.018999999999778,-0.9399999999998272,-1.1190476190475225,0.0,1.2130952380950921,0.9399999999998272,,SL_initial,22,4,Sydney,0,range,bull,mid_vol,False,False,False,range/mid_vol
18918,18928,-1,1950.66,1951.2619999999997,1951.3,1951.3,0.01,-0.6019999999996344,0.0,0.24800000000027467,0.5019999999997253,18920,8,18918,18917,0.6399999999998727,83.40650000005138,0.302,0.15909090909089876,20.221454978808538,1,18918,0.0,0.0,83.50650000005129,0.2,1951.3,18927,1950.76,1951.3,0,2020-09-18 23:34:00,2020-09-18 23:44:00,2020-09-18 23:36:00,2020-09-18 23:34:00,10.0,11,0.24800000000027467,0.5019999999997253,-0.6019999999996344,-0.9406249999996159,0.3875000000005063,0.7843749999997269,0.849999999999909,342.7419354834547,MA18_exit,23,4,Sydney,0,range,bull,mid_vol,False,False,False,range/mid_vol
18941,18942,-1,1949.6000000000001,1950.54,1950.44,1950.44,0.01,-0.9399999999998272,0.0,-0.06199999999967076,0.8519999999998618,18941,1,18941,18939,0.8399999999999181,82.46650000005155,0.302,0.29727272727273596,20.66210873308447,1,18940,0.0,0.0,82.55450000005152,0.2,1950.44,18942,1949.7,1950.44,0,2020-09-18 23:57:00,2020-09-18 23:58:00,2020-09-18 23:57:00,2020-09-18 23:56:00,1.0,2,0.0,0.8519999999998618,-0.9399999999998272,-1.1190476190475225,0.0,1.0142857142856485,0.9399999999998272,,SL_initial,23,4,Sydney,1,range,bull,mid_vol,False,False,False,range/mid_vol
19123,19126,1,1951.2399999999998,1950.38,1950.48,1950.48,0.01,-0.8599999999996726,0.0,1.930000000000291,1.0199999999997544,19123,1,19123,19122,0.7599999999997635,81.60650000005188,0.325,0.34954545454543634,23.036001527239236,1,19123,0.0,0.0,81.4465000000518,0.2,1950.48,19126,1951.1399999999999,1950.48,0,2020-09-21 04:00:00,2020-09-21 04:03:00,2020-09-21 04:00:00,2020-09-21 04:00:00,3.0,4,1.930000000000291,1.0199999999997544,-0.8599999999996726,-1.1315789473683424,2.5394736842116994,1.3421052631579893,2.7899999999999636,144.5595854922043,SL_initial,4,0,Asia,0,,,,,,,nan/nan
20138,20146,1,1909.3999999999999,1908.69,1908.79,1908.79,0.01,-0.709999999999809,0.0,0.3000000000001819,0.9099999999998545,20143,1,20138,20137,0.6099999999999,80.89650000005207,0.319,0.6222727272727298,27.327252382879994,1,20138,0.0,0.0,80.69650000005203,0.2,1908.79,20146,1909.3,1908.79,0,2020-09-21 20:55:00,2020-09-21 21:03:00,2020-09-21 21:00:00,2020-09-21 20:55:00,8.0,9,0.3000000000001819,0.9099999999998545,-0.709999999999809,-1.163934426229386,0.49180327868890344,1.4918032786885307,1.009999999999991,336.6666666664595,SL_initial,20,0,NewYork,0,,,,,,,nan/nan
21518,21518,1,1904.8799999999999,1904.1200000000001,1904.28,1904.28,0.01,-0.7599999999997635,0.0,-0.32999999999992724,0.9199999999998454,21518,1,21518,21517,0.599999999999909,80.13650000005231,0.319,0.6322727272727207,26.23618057068821,1,21518,0.0,0.0,79.97650000005223,0.2,1904.28,21518,1904.78,1904.28,0,2020-09-22 20:56:00,2020-09-22 20:56:00,2020-09-22 20:56:00,2020-09-22 20:56:00,0.0,1,0.0,0.9199999999998454,-0.7599999999997635,-1.2666666666664645,0.0,1.5333333333333081,0.7599999999997635,,SL_initial,20,1,NewYork,0,range,bull,mid_vol,True,False,False,range/mid_vol
21519,21519,1,1904.7499999999998,1904.18,1904.28,1904.28,0.01,-0.569999999999709,0.0,0.07000000000016371,0.5099999999997635,21519,1,21519,21518,0.4699999999997999,79.5665000000526,0.319,0.6418181818181665,23.45792379225809,1,21519,0.0,0.0,79.62650000005254,0.2,1904.28,21519,1904.6499999999999,1904.28,0,2020-09-22 20:57:00,2020-09-22 20:57:00,2020-09-22 20:57:00,2020-09-22 20:57:00,0.0,1,0.07000000000016371,0.5099999999997635,-0.569999999999709,-1.2127659574467056,0.14893617021317768,1.0851063829786822,0.6399999999998727,914.2857142833941,SL_initial,20,1,NewYork,0,range,bull,mid_vol,True,False,False,range/mid_vol
21643,21647,-1,1901.9700000000003,1902.87,1902.77,1902.77,0.01,-0.8999999999996362,0.0,-0.2119999999997617,0.8619999999996253,21643,1,21643,21642,0.7999999999997272,78.66650000005296,0.302,0.48818181818183926,16.14428521274245,1,21643,0.0,0.0,78.70450000005297,0.2,1902.77,21647,1902.0700000000002,1902.77,0,2020-09-22 23:01:00,2020-09-22 23:05:00,2020-09-22 23:01:00,2020-09-22 23:01:00,4.0,5,0.0,0.8619999999996253,-0.8999999999996362,-1.124999999999929,0.0,1.077499999999899,0.8999999999996362,,SL_initial,23,1,Sydney,0,range,bull,mid_vol,True,False,False,range/mid_vol
21683,21703,-1,1901.0500000000002,1901.185,1901.92,1901.92,0.01,0.06290000000023646,0.1979,1.7350000000001273,0.531999999999698,21701,8,21683,21680,0.8699999999998909,78.7294000000532,0.302,0.2209090909090657,46.553761017185494,1,21681,0.0,0.0,78.13450000005327,0.2,1901.92,21685,1901.15,1901.92,0,2020-09-22 23:41:00,2020-09-23 01:02:00,2020-09-23 01:00:00,2020-09-22 23:39:00,81.0,21,1.7350000000001273,0.531999999999698,-0.13499999999976353,0.07229885057499351,1.994252873563615,0.6114942528732928,1.672099999999891,96.37463976943909,MA18_exit,23,1,Sydney,2,range,bull,mid_vol,True,False,False,range/mid_vol
21729,21731,-1,1898.5300000000002,1899.35,1899.25,1899.25,0.01,-0.819999999999709,0.0,-0.42499999999972715,1.444999999999709,21729,1,21729,21727,0.7199999999997999,77.9094000000535,0.355,0.3872727272727161,49.81844920889862,1,21728,0.0,0.0,77.2844000000535,0.2,1899.25,21731,1898.63,1899.25,0,2020-09-23 01:28:00,2020-09-23 01:30:00,2020-09-23 01:28:00,2020-09-23 01:27:00,2.0,3,0.0,1.444999999999709,-0.819999999999709,-1.1388888888888011,0.0,2.006944444444598,0.819999999999709,,SL_initial,1,2,Asia,1,weak_trend,bull,mid_vol,True,False,False,weak_trend/mid_vol
23166,23166,-1,1854.66,1855.5099999999998,1855.3,1855.3,0.01,-0.8499999999996817,0.0,-0.03999999999996362,0.7599999999997635,23166,1,23166,23165,0.6399999999998727,77.05940000005381,0.3,0.9654545454545356,41.517796071745245,1,23166,0.0,0.0,77.14940000005373,0.2,1855.3,23166,1854.76,1855.3,0,2020-09-24 02:26:00,2020-09-24 02:26:00,2020-09-24 02:26:00,2020-09-24 02:26:00,0.0,1,0.0,0.7599999999997635,-0.8499999999996817,-1.3281249999997669,0.0,1.1874999999998668,0.8499999999996817,,SL_initial,2,3,Asia,0,weak_trend,bull,mid_vol,True,False,False,weak_trend/mid_vol
23903,23903,1,1859.1399999999999,1858.3000000000002,1858.4,1858.4,0.01,-0.8399999999996908,0.0,-0.33999999999991815,0.7699999999999818,23903,1,23903,23902,0.7399999999997817,76.21940000005412,0.319,0.8050000000000224,34.837274395237266,1,23903,0.0,0.0,76.28940000005383,0.2,1858.4,23903,1859.04,1858.4,0,2020-09-24 14:43:00,2020-09-24 14:43:00,2020-09-24 14:43:00,2020-09-24 14:43:00,0.0,1,0.0,0.7699999999999818,-0.8399999999996908,-1.135135135135052,0.0,1.0405405405408228,0.8399999999996908,,SL_initial,14,3,London/NY,0,weak_trend,bull,mid_vol,True,False,False,weak_trend/mid_vol
24576,24578,-1,1867.2600000000002,1868.1599999999999,1868.06,1868.06,0.01,-0.8999999999996362,0.0,-0.16999999999984539,0.959999999999809,24577,1,24576,24575,0.7999999999997272,75.31940000005449,0.3,0.34818181818183225,30.521499062418293,1,24576,0.0,0.0,75.25940000005431,0.2,1868.06,24578,1867.3600000000001,1868.06,0,2020-09-25 02:57:00,2020-09-25 02:59:00,2020-09-25 02:58:00,2020-09-25 02:57:00,2.0,3,0.0,0.959999999999809,-0.8999999999996362,-1.124999999999929,0.0,1.2000000000001705,0.8999999999996362,,SL_initial,2,4,Asia,0,strong_trend,bull,mid_vol,False,False,False,strong_trend/mid_vol
24579,24579,-1,1867.1800000000003,1867.74,1867.64,1867.64,0.01,-0.5599999999997181,0.0,-0.2309999999995398,2.190999999999576,24579,1,24579,24578,0.459999999999809,74.75940000005477,0.331,0.38318181818181074,31.68256519355854,1,24579,0.0,0.0,74.85940000005468,0.2,1867.64,24579,1867.2800000000002,1867.64,0,2020-09-25 03:00:00,2020-09-25 03:00:00,2020-09-25 03:00:00,2020-09-25 03:00:00,0.0,1,0.0,2.190999999999576,-0.5599999999997181,-1.2173913043477187,0.0,4.763043478261926,0.5599999999997181,,SL_initial,3,4,Asia,0,strong_trend,bull,mid_vol,False,False,False,strong_trend/mid_vol
24935,24945,-1,1868.1100000000001,1868.4389999999999,1868.71,1868.71,0.01,-0.3289999999997235,0.0,1.221000000000231,0.5449999999998454,24939,8,24935,24934,0.599999999999909,74.43040000005504,0.325,0.6177272727273,36.48269961068014,1,24935,0.0,0.0,74.21440000005492,0.2,1868.71,24935,1868.21,1868.71,0,2020-09-25 08:56:00,2020-09-25 09:06:00,2020-09-25 09:00:00,2020-09-25 08:56:00,10.0,11,1.221000000000231,0.5449999999998454,-0.3289999999997235,-0.5483333333329556,2.0350000000006934,0.9083333333332133,1.5499999999999545,126.9451269450992,MA18_exit,8,4,London,0,strong_trend,bull,mid_vol,False,False,False,strong_trend/mid_vol
25157,25179,-1,1870.0800000000002,1866.5389999999998,1870.91,1869.98,0.01,3.5410000000003947,0.0,5.351000000000113,0.7389999999998054,25171,8,25157,25156,0.8299999999999272,77.97140000005544,0.319,0.668636363636386,14.347239536308843,2,25157,1.0,1.0,73.69140000005524,0.2,1869.98,25157,1870.18,1870.91,0,2020-09-25 12:38:00,2020-09-25 13:00:00,2020-09-25 12:52:00,2020-09-25 12:38:00,22.0,23,5.351000000000113,0.7389999999998054,3.5410000000003947,4.266265060241813,6.44698795180793,0.890361445782976,1.809999999999718,33.825453186314334,MA18_exit,12,4,London,0,strong_trend,bull,mid_vol,False,False,False,strong_trend/mid_vol
25820,25837,-1,1861.0800000000002,1861.052,1861.88,1861.88,0.01,0.028000000000247383,0.0,1.1980000000003201,0.5219999999997071,25831,8,25820,25819,0.7999999999999545,77.99940000005569,0.302,0.21545454545453555,31.175643749877782,1,25820,0.0,0.0,77.44940000005573,0.2,1861.88,25820,1861.18,1861.88,0,2020-09-25 23:41:00,2020-09-25 23:58:00,2020-09-25 23:52:00,2020-09-25 23:41:00,17.0,18,1.1980000000003201,0.5219999999997071,0.028000000000247383,0.03500000000031122,1.4975000000004852,0.652499999999671,1.1700000000000728,97.66277128545576,MA18_exit,23,4,Sydney,0,strong_trend,bull,mid_vol,False,False,False,strong_trend/mid_vol
26145,26145,-1,1860.3600000000001,1861.06,1860.96,1860.96,0.01,-0.6999999999998181,0.0,-0.26999999999975444,1.1899999999998272,26145,1,26145,26144,0.599999999999909,77.29940000005587,0.31,0.35681818181819835,25.904086810744335,1,26145,0.0,0.0,77.39940000005578,0.2,1860.96,26145,1860.46,1860.96,0,2020-09-28 06:07:00,2020-09-28 06:07:00,2020-09-28 06:07:00,2020-09-28 06:07:00,0.0,1,0.0,1.1899999999998272,-0.6999999999998181,-1.1666666666665404,0.0,1.983333333333346,0.6999999999998181,,SL_initial,6,0,Asia,0,,,,,,,nan/nan
26851,26851,-1,1865.9500000000003,1866.8799999999999,1866.78,1866.78,0.01,-0.9299999999996089,0.0,0.2510000000002037,1.228999999999587,26851,1,26851,26850,0.8299999999996999,76.36940000005626,0.319,1.1350000000000013,37.74803822133092,1,26851,0.0,0.0,76.46940000005617,0.2,1866.78,26851,1866.0500000000002,1866.78,0,2020-09-28 17:53:00,2020-09-28 17:53:00,2020-09-28 17:53:00,2020-09-28 17:53:00,0.0,1,0.2510000000002037,1.228999999999587,-0.9299999999996089,-1.1204819277107774,0.30240963855457165,1.480722891566303,1.1809999999998126,470.51792828639606,SL_initial,17,0,NewYork,0,,,,,,,nan/nan
27518,27518,-1,1882.9300000000003,1883.59,1883.45,1883.45,0.01,-0.6599999999996271,0.0,-0.18999999999959982,0.669999999999618,27518,1,27518,27517,0.5199999999997544,75.70940000005663,0.31,0.48772727272726324,30.034921164002952,1,27518,0.0,0.0,75.69940000005664,0.2,1883.45,27518,1883.0300000000002,1883.45,0,2020-09-29 06:01:00,2020-09-29 06:01:00,2020-09-29 06:01:00,2020-09-29 06:01:00,0.0,1,0.0,0.669999999999618,-0.6599999999996271,-1.2692307692306515,0.0,1.2884615384614124,0.6599999999996271,,SL_initial,6,1,Asia,0,strong_trend,bull,mid_vol,False,False,False,strong_trend/mid_vol
27566,27576,-1,1882.7200000000003,1883.1399999999999,1883.4,1883.4,0.01,-0.419999999999618,0.0,0.680000000000291,0.669999999999618,27568,8,27566,27565,0.6799999999998363,75.28940000005701,0.31,0.20409090909088884,18.120412777304036,1,27566,0.0,0.0,75.03940000005701,0.2,1883.4,27566,1882.8200000000002,1883.4,0,2020-09-29 06:49:00,2020-09-29 06:59:00,2020-09-29 06:51:00,2020-09-29 06:49:00,10.0,11,0.680000000000291,0.669999999999618,-0.419999999999618,-0.6176470588231163,1.0000000000006688,0.9852941176467342,1.099999999999909,161.76470588227033,MA18_exit,6,1,Asia,0,strong_trend,bull,mid_vol,False,False,False,strong_trend/mid_vol
27664,27664,-1,1877.8400000000001,1878.845,1878.36,1878.36,0.01,-1.0049999999998818,0.0,-0.3849999999999909,0.9449999999999363,27664,1,27664,27663,0.5199999999997544,74.28440000005713,0.325,0.4204545454545558,50.89880700820417,1,27664,0.0,0.0,74.34440000005708,0.2,1878.36,27664,1877.94,1878.36,0,2020-09-29 08:27:00,2020-09-29 08:27:00,2020-09-29 08:27:00,2020-09-29 08:27:00,0.0,1,0.0,0.9449999999999363,-1.0049999999998818,-1.932692307692993,0.0,1.8173076923084281,1.0049999999998818,,SL_initial,8,1,London,0,strong_trend,bull,mid_vol,False,False,False,strong_trend/mid_vol
27665,27673,-1,1877.7000000000003,1878.165,1878.36,1878.36,0.01,-0.46499999999969077,0.0,2.065000000000282,0.6349999999997635,27668,8,27665,27664,0.6599999999996271,73.81940000005744,0.325,0.4354545454545525,48.474110927366084,1,27665,0.0,0.0,73.64940000005737,0.2,1878.36,27665,1877.8000000000002,1878.36,0,2020-09-29 08:28:00,2020-09-29 08:36:00,2020-09-29 08:31:00,2020-09-29 08:28:00,8.0,9,2.065000000000282,0.6349999999997635,-0.46499999999969077,-0.7045454545453841,3.1287878787900736,0.9621212121213975,2.5299999999999727,122.51815980627735,MA18_exit,8,1,London,0,strong_trend,bull,mid_vol,False,False,False,strong_trend/mid_vol
27742,27742,-1,1879.0000000000002,1879.6299999999999,1879.53,1879.53,0.01,-0.6299999999996544,0.0,-0.3389999999997144,1.8389999999997144,27742,1,27742,27741,0.5299999999997453,73.18940000005779,0.319,0.5609090909090976,21.32315491044278,1,27742,0.0,0.0,73.2894000000577,0.2,1879.53,27742,1879.1000000000001,1879.53,0,2020-09-29 09:45:00,2020-09-29 09:45:00,2020-09-29 09:45:00,2020-09-29 09:45:00,0.0,1,0.0,1.8389999999997144,-0.6299999999996544,-1.188679245282938,0.0,3.4698113207558454,0.6299999999996544,,SL_initial,9,1,London,0,strong_trend,bull,mid_vol,False,False,False,strong_trend/mid_vol
27891,27891,1,1885.0599999999997,1884.38,1884.48,1884.48,0.01,-0.6799999999996089,0.0,-0.33999999999969077,0.8799999999996544,27891,1,27891,27889,0.5799999999996999,72.50940000005818,0.319,0.6022727272727376,33.16975022593086,1,27890,0.0,0.0,72.60940000005809,0.2,1884.48,27891,1884.9599999999998,1884.48,0,2020-09-29 12:14:00,2020-09-29 12:14:00,2020-09-29 12:14:00,2020-09-29 12:13:00,0.0,1,0.0,0.8799999999996544,-0.6799999999996089,-1.1724137931033807,0.0,1.5172413793105342,0.6799999999996089,,SL_initial,12,1,London,1,strong_trend,bull,mid_vol,False,False,False,strong_trend/mid_vol
27893,27893,1,1884.9199999999998,1883.91,1884.48,1884.48,0.01,-1.0099999999997635,0.0,-0.25999999999976353,1.1399999999998727,27893,1,27893,27891,0.4399999999998272,71.49940000005842,0.319,0.6227272727272851,27.338688285230834,1,27892,0.0,0.0,71.3694000000583,0.2,1884.48,27893,1884.82,1884.48,0,2020-09-29 12:16:00,2020-09-29 12:16:00,2020-09-29 12:16:00,2020-09-29 12:15:00,0.0,1,0.0,1.1399999999998727,-1.0099999999997635,-2.2954545454549096,0.0,2.590909090909819,1.0099999999997635,,SL_initial,12,1,London,1,strong_trend,bull,mid_vol,False,False,False,strong_trend/mid_vol
28718,28720,-1,1896.3100000000002,1897.03,1896.93,1896.93,0.01,-0.7199999999997999,0.0,0.1990000000002965,0.9409999999998035,28719,1,28718,28716,0.6199999999998909,70.77940000005862,0.331,0.239090909090919,52.42312960925497,1,28717,0.0,0.0,70.55840000005861,0.2,1896.93,28720,1896.41,1896.93,0,2020-09-30 03:02:00,2020-09-30 03:04:00,2020-09-30 03:03:00,2020-09-30 03:01:00,2.0,3,0.1990000000002965,0.9409999999998035,-0.7199999999997999,-1.161290322580527,0.32096774193601857,1.5177419354838213,0.9190000000000964,461.80904522549105,SL_initial,3,2,Asia,1,strong_trend,bull,mid_vol,False,False,False,strong_trend/mid_vol
28722,28734,-1,1896.0600000000002,1896.5009999999997,1896.85,1896.85,0.01,-0.4409999999995762,0.0,0.7290000000002692,0.6409999999996217,28731,8,28722,28721,0.7899999999997362,70.33840000005904,0.331,0.29863636363639173,53.46549290225983,1,28722,0.0,0.0,70.138400000059,0.2,1896.85,28722,1896.16,1896.85,0,2020-09-30 03:06:00,2020-09-30 03:18:00,2020-09-30 03:15:00,2020-09-30 03:06:00,12.0,13,0.7290000000002692,0.6409999999996217,-0.4409999999995762,-0.5582278481009157,0.9227848101272311,0.8113924050630831,1.1699999999998454,160.49382716041336,MA18_exit,3,2,Asia,0,strong_trend,bull,mid_vol,False,False,False,strong_trend/mid_vol
29016,29019,-1,1890.0200000000002,1890.82,1890.72,1890.72,0.01,-0.7999999999997272,0.0,0.04500000000007276,0.7049999999999272,29016,1,29016,29015,0.6999999999998181,69.53840000005931,0.325,0.2731818181818488,25.18411648981707,1,29016,0.0,0.0,69.63340000005911,0.2,1890.72,29019,1890.1200000000001,1890.72,0,2020-09-30 08:00:00,2020-09-30 08:03:00,2020-09-30 08:00:00,2020-09-30 08:00:00,3.0,4,0.04500000000007276,0.7049999999999272,-0.7999999999997272,-1.14285714285705,0.06428571428583493,1.007142857143015,0.8449999999997999,1877.777777774297,SL_initial,8,2,London,0,strong_trend,bull,mid_vol,False,False,False,strong_trend/mid_vol
29968,29972,-1,1884.9700000000003,1885.86,1885.76,1885.76,0.01,-0.8899999999996453,0.0,-0.11199999999962529,0.8519999999996344,29968,1,29968,29967,0.7899999999997362,68.64840000005967,0.302,0.36954545454550086,30.06534538431579,1,29968,0.0,0.0,68.68640000005968,0.2,1885.76,29972,1885.0700000000002,1885.76,0,2020-09-30 23:52:00,2020-09-30 23:56:00,2020-09-30 23:52:00,2020-09-30 23:52:00,4.0,5,0.0,0.8519999999996344,-0.8899999999996453,-1.1265822784809398,0.0,1.078481012658125,0.8899999999996453,,SL_initial,23,2,Sydney,0,strong_trend,bull,mid_vol,False,False,False,strong_trend/mid_vol
30348,30348,1,1893.1,1892.38,1892.68,1892.68,0.01,-0.7199999999997999,0.0,-0.31999999999993634,0.6399999999998727,30348,1,30348,30347,0.4199999999998454,67.92840000005987,0.325,0.3509090909091025,44.43362548087389,1,30348,0.0,0.0,68.0084000000598,0.2,1892.68,30348,1893.0,1892.68,0,2020-10-01 07:13:00,2020-10-01 07:13:00,2020-10-01 07:13:00,2020-10-01 07:13:00,0.0,1,0.0,0.6399999999998727,-0.7199999999997999,-1.714285714285869,0.0,1.5238095238097815,0.7199999999997999,,SL_initial,7,3,Asia,0,weak_trend,bull,mid_vol,False,False,False,weak_trend/mid_vol
30795,30795,1,1899.7999999999997,1899.1000000000001,1899.2,1899.2,0.01,-0.6999999999995907,0.0,-0.1799999999998363,0.7999999999997272,30795,1,30795,30794,0.5999999999996817,67.22840000006028,0.319,0.6131818181818186,38.16227151737668,1,30795,0.0,0.0,67.12840000006014,0.2,1899.2,30795,1899.6999999999998,1899.2,0,2020-10-01 14:40:00,2020-10-01 14:40:00,2020-10-01 14:40:00,2020-10-01 14:40:00,0.0,1,0.0,0.7999999999997272,-0.6999999999995907,-1.1666666666666035,0.0,1.333333333333586,0.6999999999995907,,SL_initial,14,3,London/NY,0,weak_trend,bull,mid_vol,False,False,False,weak_trend/mid_vol
31426,31426,-1,1904.9,1905.62,1905.48,1905.48,0.01,-0.7199999999997999,0.0,-0.2999999999999545,0.6299999999998818,31426,1,31426,31418,0.5799999999999272,66.50840000006048,0.3,0.1599999999999785,20.029353067792687,1,31419,0.0,0.0,66.5984000000604,0.2,1905.48,31426,1905.0,1905.63,0,2020-10-02 02:12:00,2020-10-02 02:12:00,2020-10-02 02:12:00,2020-10-02 02:05:00,0.0,1,0.0,0.6299999999998818,-0.7199999999997999,-1.2413793103446384,0.0,1.0862068965516565,0.7199999999997999,,SL_initial,2,4,Asia,7,weak_trend,bull,mid_vol,False,False,False,weak_trend/mid_vol
31435,31439,-1,1904.9,1905.62,1905.54,1905.54,0.01,-0.7199999999997999,0.0,-0.30999999999994543,0.6199999999998909,31435,8,31435,31434,0.6399999999998727,65.78840000006068,0.3,0.1936363636363529,22.09710823420014,1,31435,0.0,0.0,65.88840000006059,0.2,1905.54,31438,1905.0,1905.54,0,2020-10-02 02:21:00,2020-10-02 02:25:00,2020-10-02 02:21:00,2020-10-02 02:21:00,4.0,5,0.0,0.6199999999998909,-0.7199999999997999,-1.1249999999999112,0.0,0.9687500000000222,0.7199999999997999,,MA18_exit,2,4,Asia,0,weak_trend,bull,mid_vol,False,False,False,weak_trend/mid_vol
31447,31447,-1,1904.7700000000002,1905.4999999999998,1905.33,1905.33,0.01,-0.7299999999995634,0.0,-0.3699999999996635,0.6299999999996544,31447,1,31447,31441,0.5599999999997181,65.05840000006111,0.3,0.18318181818179627,19.24483992538624,1,31442,0.0,0.0,65.15840000006102,0.2,1905.33,31447,1904.8700000000001,1905.33,0,2020-10-02 02:33:00,2020-10-02 02:33:00,2020-10-02 02:33:00,2020-10-02 02:28:00,0.0,1,0.0,0.6299999999996544,-0.7299999999995634,-1.3035714285713054,0.0,1.1249999999999492,0.7299999999995634,,SL_initial,2,4,Asia,5,weak_trend,bull,mid_vol,False,False,False,weak_trend/mid_vol
31448,31492,-1,1904.64,1903.2309999999998,1905.33,1905.33,0.01,1.4090000000003329,0.0,3.34900000000016,0.6199999999998909,31485,8,31448,31447,0.6899999999998272,66.46740000006145,0.3,0.17909090909088057,17.074818253481684,1,31448,0.0,0.0,64.43840000006122,0.2,1905.33,31448,1904.74,1905.33,0,2020-10-02 02:34:00,2020-10-02 03:18:00,2020-10-02 03:11:00,2020-10-02 02:34:00,44.0,45,3.34900000000016,0.6199999999998909,1.4090000000003329,2.04202898550824,4.853623188407244,0.898550724637748,1.9399999999998272,57.92773962376036,MA18_exit,2,4,Asia,0,weak_trend,bull,mid_vol,False,False,False,weak_trend/mid_vol
31635,31655,-1,1896.1800000000003,1893.81,1896.79,1896.79,0.01,2.3700000000003456,0.0,4.785000000000309,0.5649999999998272,31649,8,31635,31633,0.6099999999996726,68.83740000006179,0.325,0.3954545454545165,17.76965290406779,1,31634,0.0,0.0,65.90240000006162,0.2,1896.79,31635,1896.2800000000002,1896.79,0,2020-10-02 05:41:00,2020-10-02 06:01:00,2020-10-02 05:55:00,2020-10-02 05:40:00,20.0,21,4.785000000000309,0.5649999999998272,2.3700000000003456,3.8852459016419965,7.8442622950866845,0.9262295081969352,2.4149999999999636,50.47021943573265,MA18_exit,5,4,Asia,1,weak_trend,bull,mid_vol,False,False,False,weak_trend/mid_vol
31845,31853,1,1907.4399999999998,1906.68,1906.78,1906.78,0.01,-0.7599999999997635,0.0,0.8100000000001728,0.9399999999998272,31848,1,31845,31842,0.6599999999998545,68.07740000006203,0.319,1.0331818181817776,18.91891829878875,1,31843,0.0,0.0,67.89740000006196,0.2,1906.78,31853,1907.34,1906.78,0,2020-10-02 09:11:00,2020-10-02 09:19:00,2020-10-02 09:14:00,2020-10-02 09:09:00,8.0,9,0.8100000000001728,0.9399999999998272,-0.7599999999997635,-1.151515151515047,1.2272727272732598,1.4242424242424765,1.5699999999999363,193.82716049377794,SL_initial,9,4,London,2,weak_trend,bull,mid_vol,False,False,False,weak_trend/mid_vol
32095,32095,-1,1906.6800000000003,1907.4399999999998,1907.34,1907.34,0.01,-0.7599999999995362,0.0,-0.3189999999997326,0.9789999999995871,32095,1,32095,32094,0.6599999999996271,67.31740000006249,0.319,0.6427272727272773,12.75726456516733,1,32095,0.0,0.0,67.4174000000624,0.2,1907.34,32095,1906.7800000000002,1907.34,0,2020-10-02 13:21:00,2020-10-02 13:21:00,2020-10-02 13:21:00,2020-10-02 13:21:00,0.0,1,0.0,0.9789999999995871,-0.7599999999995362,-1.1515151515150994,0.0,1.483333333333546,0.7599999999995362,,SL_initial,13,4,London/NY,0,weak_trend,bull,mid_vol,False,False,False,weak_trend/mid_vol
33133,33135,-1,1892.38,1893.2199999999998,1893.12,1893.12,0.01,-0.8399999999996908,0.0,0.035000000000081855,1.0449999999998454,33134,1,33133,33132,0.7399999999997817,66.4774000000628,0.325,0.32499999999997314,32.60509527656948,1,33133,0.0,0.0,66.27240000006265,0.2,1893.12,33135,1892.48,1893.12,0,2020-10-05 07:40:00,2020-10-05 07:42:00,2020-10-05 07:41:00,2020-10-05 07:40:00,2.0,3,0.035000000000081855,1.0449999999998454,-0.8399999999996908,-1.135135135135052,0.04729729729742186,1.4121621621623697,0.8749999999997726,2499.9999999935035,SL_initial,7,0,Asia,0,,,,,,,nan/nan
33991,33991,-1,1913.0700000000002,1913.61,1913.51,1913.51,0.01,-0.5399999999997362,0.0,-0.4089999999998781,1.0889999999997144,33991,1,33991,33990,0.4399999999998272,65.93740000006306,0.319,0.32227272727272355,32.12304868508909,1,33991,0.0,0.0,66.03740000006297,0.2,1913.51,33991,1913.17,1913.51,0,2020-10-05 21:58:00,2020-10-05 21:58:00,2020-10-05 21:58:00,2020-10-05 21:58:00,0.0,1,0.0,1.0889999999997144,-0.5399999999997362,-1.2272727272726098,0.0,2.475000000000323,0.5399999999997362,,SL_initial,21,0,NewYork,0,,,,,,,nan/nan
34124,34124,-1,1911.9600000000003,1912.735,1912.6,1912.6,0.01,-0.7749999999996362,0.0,-0.43499999999971806,0.6749999999997272,34124,1,34124,34123,0.6399999999996453,65.16240000006343,0.355,0.4572727272726731,20.107353772485133,1,34124,0.0,0.0,65.26240000006334,0.2,1912.6,34124,1912.0600000000002,1912.6,0,2020-10-06 01:12:00,2020-10-06 01:12:00,2020-10-06 01:12:00,2020-10-06 01:12:00,0.0,1,0.0,0.6749999999997272,-0.7749999999996362,-1.2109375000001028,0.0,1.0546875000001583,0.7749999999996362,,SL_initial,1,1,Asia,0,weak_trend,bull,mid_vol,False,False,False,weak_trend/mid_vol
34136,34136,-1,1911.5000000000002,1912.1599999999999,1912.06,1912.06,0.01,-0.6599999999996271,0.0,-0.45499999999969987,0.6549999999997453,34136,1,34136,34134,0.5599999999997181,64.5024000000638,0.355,0.2972727272726946,25.499764946370743,1,34135,0.0,0.0,64.60240000006371,0.2,1912.06,34136,1911.6000000000001,1912.06,0,2020-10-06 01:24:00,2020-10-06 01:24:00,2020-10-06 01:24:00,2020-10-06 01:23:00,0.0,1,0.0,0.6549999999997453,-0.6599999999996271,-1.178571428571356,0.0,1.1696428571429913,0.6599999999996271,,SL_initial,1,1,Asia,1,weak_trend,bull,mid_vol,False,False,False,weak_trend/mid_vol
34140,34140,-1,1911.5200000000002,1912.1599999999999,1912.06,1912.06,0.01,-0.6399999999996453,0.0,-0.43499999999971806,0.6349999999997635,34140,1,34140,34139,0.5399999999997362,63.862400000064156,0.355,0.24590909090906363,26.880141046088642,1,34140,0.0,0.0,63.962400000064065,0.2,1912.06,34140,1911.6200000000001,1912.06,0,2020-10-06 01:28:00,2020-10-06 01:28:00,2020-10-06 01:28:00,2020-10-06 01:28:00,0.0,1,0.0,0.6349999999997635,-0.6399999999996453,-1.1851851851851072,0.0,1.1759259259260624,0.6399999999996453,,SL_initial,1,1,Asia,0,weak_trend,bull,mid_vol,False,False,False,weak_trend/mid_vol
34368,34368,-1,1909.7600000000002,1910.52,1910.42,1910.42,0.01,-0.7599999999997635,0.0,-0.3549999999997908,0.724999999999909,34368,1,34368,34367,0.6599999999998545,63.10240000006439,0.325,0.31272727272729833,35.45424894886786,1,34368,0.0,0.0,63.13740000006425,0.2,1910.42,34368,1909.8600000000001,1910.42,0,2020-10-06 05:17:00,2020-10-06 05:17:00,2020-10-06 05:17:00,2020-10-06 05:17:00,0.0,1,0.0,0.724999999999909,-0.7599999999997635,-1.151515151515047,0.0,1.098484848484953,0.7599999999997635,,SL_initial,5,1,Asia,0,weak_trend,bull,mid_vol,False,False,False,weak_trend/mid_vol
35309,35310,-1,1900.3400000000001,1901.1599999999999,1901.06,1901.06,0.01,-0.819999999999709,0.0,-0.41899999999986903,0.9489999999998417,35309,1,35309,35307,0.7199999999997999,62.28240000006468,0.319,0.640000000000038,25.50069833405015,1,35308,0.0,0.0,62.15340000006455,0.2,1901.06,35310,1900.44,1901.06,0,2020-10-06 20:58:00,2020-10-06 20:59:00,2020-10-06 20:58:00,2020-10-06 20:57:00,1.0,2,0.0,0.9489999999998417,-0.819999999999709,-1.1388888888888011,0.0,1.318055555555702,0.819999999999709,,SL_initial,20,1,NewYork,1,weak_trend,bull,mid_vol,False,False,False,weak_trend/mid_vol
37025,37034,-1,1885.5800000000002,1886.2109999999998,1886.27,1886.27,0.01,-0.6309999999996307,0.0,0.1890000000003056,0.6809999999998126,37028,8,37025,37022,0.6899999999998272,61.65140000006505,0.331,0.3095454545454314,18.326642371976952,1,37023,0.0,0.0,61.60140000006487,0.2,1886.27,37033,1885.68,1886.27,0,2020-10-08 03:36:00,2020-10-08 03:45:00,2020-10-08 03:39:00,2020-10-08 03:34:00,9.0,10,0.1890000000003056,0.6809999999998126,-0.6309999999996307,-0.9144927536228823,0.2739130434787724,0.9869565217391061,0.8199999999999363,433.86243386169866,MA18_exit,3,3,Asia,2,range,bull,high_vol,False,False,False,range/high_vol
37195,37195,-1,1885.66,1886.4099999999999,1886.14,1886.14,0.01,-0.7499999999997726,0.0,-0.22999999999979082,0.6499999999998636,37195,1,37195,37194,0.4800000000000182,60.90140000006528,0.31,0.25181818181818016,42.32026283175085,1,37195,0.0,0.0,61.00140000006519,0.2,1886.14,37195,1885.76,1886.14,0,2020-10-08 06:26:00,2020-10-08 06:26:00,2020-10-08 06:26:00,2020-10-08 06:26:00,0.0,1,0.0,0.6499999999998636,-0.7499999999997726,-1.562499999999467,0.0,1.3541666666663312,0.7499999999997726,,SL_initial,6,3,Asia,0,range,bull,high_vol,False,False,False,range/high_vol
37315,37315,1,1888.7199999999998,1888.3100000000002,1888.41,1888.41,0.01,-0.4099999999996271,0.0,-0.37999999999988177,0.8699999999998909,37315,1,37315,37314,0.30999999999971806,60.49140000006565,0.325,0.2890909090909149,69.65860360964373,1,37315,0.0,0.0,60.59140000006556,0.2,1888.41,37315,1888.62,1888.41,0,2020-10-08 08:26:00,2020-10-08 08:26:00,2020-10-08 08:26:00,2020-10-08 08:26:00,0.0,1,0.0,0.8699999999998909,-0.4099999999996271,-1.3225806451612903,0.0,2.806451612905426,0.4099999999996271,,SL_initial,8,3,London,0,range,bull,high_vol,False,False,False,range/high_vol
38538,38542,1,1909.4799999999998,1908.73,1908.83,1908.83,0.01,-0.7499999999997726,0.0,0.060000000000172804,0.7999999999997272,38540,1,38538,38537,0.6499999999998636,59.74140000006588,0.325,0.4795454545454628,50.941665684563816,1,38538,0.0,0.0,59.691400000065926,0.2,1908.83,38542,1909.3799999999999,1908.83,0,2020-10-09 05:50:00,2020-10-09 05:54:00,2020-10-09 05:52:00,2020-10-09 05:50:00,4.0,5,0.060000000000172804,0.7999999999997272,-0.7499999999997726,-1.1538461538460463,0.09230769230797753,1.2307692307690694,0.8099999999999454,1349.999999996021,SL_initial,5,4,Asia,0,range,bull,high_vol,False,False,False,range/high_vol
38698,38698,1,1911.1599999999999,1910.43,1910.53,1910.53,0.01,-0.7299999999997908,0.0,-0.15999999999985448,0.8999999999998636,38698,1,38698,38697,0.6299999999998818,59.01140000006609,0.325,0.26590909090908676,30.52329158374791,1,38698,0.0,0.0,59.111400000066,0.2,1910.53,38698,1911.06,1910.53,0,2020-10-09 08:30:00,2020-10-09 08:30:00,2020-10-09 08:30:00,2020-10-09 08:30:00,0.0,1,0.0,0.8999999999998636,-0.7299999999997908,-1.1587301587300443,0.0,1.4285714285714801,0.7299999999997908,,SL_initial,8,4,London,0,range,bull,high_vol,False,False,False,range/high_vol
38884,38884,1,1915.4899999999998,1914.77,1914.87,1914.87,0.01,-0.7199999999997999,0.0,-0.10999999999967258,0.6199999999998909,38884,1,38884,38883,0.6199999999998909,58.29140000006629,0.319,0.4749999999999814,34.7218670302242,1,38884,0.0,0.0,58.3914000000662,0.2,1914.87,38884,1915.3899999999999,1914.87,0,2020-10-09 11:36:00,2020-10-09 11:36:00,2020-10-09 11:36:00,2020-10-09 11:36:00,0.0,1,0.0,0.6199999999998909,-0.7199999999997999,-1.161290322580527,0.0,1.0,0.7199999999997999,,SL_initial,11,4,London,0,range,bull,high_vol,False,False,False,range/high_vol
39953,39953,1,1928.61,1927.89,1927.99,1927.99,0.01,-0.7199999999997999,0.0,-0.2199999999997999,0.7899999999999636,39953,1,39953,39952,0.6199999999998909,57.57140000006649,0.31,0.5327272727272843,52.23187123697617,1,39953,0.0,0.0,57.6714000000664,0.2,1927.99,39953,1928.51,1927.99,0,2020-10-12 06:26:00,2020-10-12 06:26:00,2020-10-12 06:26:00,2020-10-12 06:26:00,0.0,1,0.0,0.7899999999999636,-0.7199999999997999,-1.161290322580527,0.0,1.2741935483872624,0.7199999999997999,,SL_initial,6,0,Asia,0,,,,,,,nan/nan
39954,39954,1,1928.59,1927.8700000000001,1927.99,1927.99,0.01,-0.7199999999997999,0.0,-0.2599999999999909,0.7999999999999545,39954,1,39954,39953,0.599999999999909,56.85140000006669,0.31,0.5481818181818364,50.227659420943716,1,39954,0.0,0.0,56.771400000066535,0.2,1927.99,39954,1928.49,1927.99,0,2020-10-12 06:27:00,2020-10-12 06:27:00,2020-10-12 06:27:00,2020-10-12 06:27:00,0.0,1,0.0,0.7999999999999545,-0.7199999999997999,-1.1999999999998485,0.0,1.3333333333334596,0.7199999999997999,,SL_initial,6,0,Asia,0,,,,,,,nan/nan
39957,39957,1,1928.4799999999998,1927.77,1927.99,1927.99,0.01,-0.709999999999809,0.0,-0.2199999999997999,0.7299999999997908,39957,1,39957,39956,0.4899999999997817,56.14140000006688,0.31,0.5863636363636509,41.94168310038165,1,39957,0.0,0.0,56.1214000000669,0.2,1927.99,39957,1928.3799999999999,1927.99,0,2020-10-12 06:30:00,2020-10-12 06:30:00,2020-10-12 06:30:00,2020-10-12 06:30:00,0.0,1,0.0,0.7299999999997908,-0.709999999999809,-1.4489795918369903,0.0,1.4897959183675837,0.709999999999809,,SL_initial,6,0,Asia,0,,,,,,,nan/nan
40973,40973,-1,1922.7200000000003,1923.26,1923.16,1923.16,0.01,-0.5399999999997362,0.0,-0.4019999999995889,0.5219999999997071,40973,1,40973,40972,0.4399999999998272,55.601400000067144,0.302,0.1450000000000335,13.732600280041764,1,40973,0.0,0.0,55.70140000006705,0.2,1923.16,40973,1922.8200000000002,1923.16,0,2020-10-12 23:26:00,2020-10-12 23:26:00,2020-10-12 23:26:00,2020-10-12 23:26:00,0.0,1,0.0,0.5219999999997071,-0.5399999999997362,-1.2272727272726098,0.0,1.1863636363634367,0.5399999999997362,,SL_initial,23,0,Sydney,0,,,,,,,nan/nan
40977,40977,-1,1922.7,1923.2019999999998,1923.04,1923.04,0.01,-0.5019999999997253,0.0,0.2380000000000564,0.4619999999997617,40977,1,40977,40974,0.33999999999991815,55.09940000006742,0.302,0.11681818181822026,12.626353856310745,1,40975,0.0,0.0,55.13940000006738,0.2,1923.04,40977,1922.8000000000002,1923.16,0,2020-10-12 23:30:00,2020-10-12 23:30:00,2020-10-12 23:30:00,2020-10-12 23:28:00,0.0,1,0.2380000000000564,0.4619999999997617,-0.5019999999997253,-1.4764705882348417,0.7000000000003344,1.358823529411391,0.7399999999997817,310.9243697477338,SL_initial,23,0,Sydney,2,,,,,,,nan/nan
41382,41382,-1,1910.1000000000001,1910.73,1910.63,1910.63,0.01,-0.6299999999998818,0.0,-0.3849999999999909,0.5649999999998272,41382,1,41382,41381,0.5299999999999727,54.46940000006754,0.325,0.24318181818181406,59.93403599264747,1,41382,0.0,0.0,54.53440000006759,0.2,1910.63,41382,1910.2,1910.63,0,2020-10-13 07:16:00,2020-10-13 07:16:00,2020-10-13 07:16:00,2020-10-13 07:16:00,0.0,1,0.0,0.5649999999998272,-0.6299999999998818,-1.188679245282857,0.0,1.0660377358487854,0.6299999999998818,,SL_initial,7,1,Asia,0,weak_trend,bull,mid_vol,False,False,False,weak_trend/mid_vol
42478,42488,-1,1891.7900000000002,1892.2199999999998,1892.36,1892.36,0.01,-0.4299999999996089,0.0,0.47000000000025466,0.5099999999997635,42481,8,42478,42476,0.569999999999709,54.03940000006793,0.3,0.20090909090907355,28.790987482730795,1,42477,0.0,0.0,53.959400000067774,0.2,1892.36,42478,1891.89,1892.36,0,2020-10-14 02:33:00,2020-10-14 02:43:00,2020-10-14 02:36:00,2020-10-14 02:32:00,10.0,11,0.47000000000025466,0.5099999999997635,-0.4299999999996089,-0.7543859649119797,0.8245614035096397,0.8947368421053051,0.8999999999998636,191.48936170199488,MA18_exit,2,2,Asia,1,weak_trend,bull,mid_vol,False,False,False,weak_trend/mid_vol
43089,43089,-1,1895.7300000000002,1896.5389999999998,1896.22,1896.22,0.01,-0.8089999999995143,0.0,-0.2889999999997599,0.7289999999998145,43089,1,43089,43087,0.4899999999997817,53.230400000068414,0.319,0.38999999999998636,40.524182366226334,1,43088,0.0,0.0,53.310400000068114,0.2,1896.22,43089,1895.8300000000002,1896.22,0,2020-10-14 12:44:00,2020-10-14 12:44:00,2020-10-14 12:44:00,2020-10-14 12:43:00,0.0,1,0.0,0.7289999999998145,-0.8089999999995143,-1.6510204081630095,0.0,1.4877551020411004,0.8089999999995143,,SL_initial,12,2,London,1,weak_trend,bull,mid_vol,False,False,False,weak_trend/mid_vol
43284,43284,1,1908.7589999999998,1907.98,1908.08,1908.08,0.01,-0.778999999999769,0.0,0.3510000000001128,1.28899999999976,43284,1,43284,43282,0.6789999999998599,52.451400000068645,0.319,0.8450000000000273,27.822372067270017,1,43283,0.0,0.0,52.551400000068554,0.2,1908.08,43284,1908.56,1908.08,0,2020-10-14 15:59:00,2020-10-14 15:59:00,2020-10-14 15:59:00,2020-10-14 15:58:00,0.0,1,0.3510000000001128,1.28899999999976,-0.778999999999769,-1.1472754050072602,0.5169366715761196,1.8983799705449569,1.1299999999998818,321.93732193718483,SL_initial,15,2,London/NY,1,weak_trend,bull,mid_vol,False,False,False,weak_trend/mid_vol
43656,43656,1,1903.8199999999997,1903.23,1903.46,1903.46,0.01,-0.5899999999996908,0.0,-0.07999999999969987,0.6799999999996089,43656,1,43656,43655,0.3599999999996726,51.861400000068954,0.319,0.2749999999999876,56.808850299437594,1,43656,0.0,0.0,51.771400000069036,0.2,1903.46,43656,1903.7199999999998,1903.46,0,2020-10-14 22:11:00,2020-10-14 22:11:00,2020-10-14 22:11:00,2020-10-14 22:11:00,0.0,1,0.0,0.6799999999996089,-0.5899999999996908,-1.6388888888895206,0.0,1.8888888888895206,0.5899999999996908,,SL_initial,22,2,Sydney,0,weak_trend,bull,mid_vol,False,False,False,weak_trend/mid_vol
45213,45216,1,1908.5099999999998,1907.8500000000001,1907.95,1907.95,0.01,-0.6599999999996271,0.0,-0.27999999999974534,0.6299999999996544,45213,1,45213,45212,0.5599999999997181,51.20140000006933,0.3,0.19181818181817273,42.892951282297986,1,45213,0.0,0.0,51.2314000000693,0.2,1907.95,45216,1908.4099999999999,1907.95,0,2020-10-16 02:10:00,2020-10-16 02:13:00,2020-10-16 02:10:00,2020-10-16 02:10:00,3.0,4,0.0,0.6299999999996544,-0.6599999999996271,-1.178571428571356,0.0,1.1249999999999492,0.6599999999996271,,SL_initial,2,4,Asia,0,range,bull,mid_vol,False,False,False,range/mid_vol
45527,45527,-1,1904.7000000000003,1905.5049999999999,1905.27,1905.27,0.01,-0.8049999999996089,0.0,-0.334999999999809,0.7649999999998727,45527,1,45527,45525,0.569999999999709,50.39640000006972,0.325,0.2599999999999806,37.73360185511354,1,45526,0.0,0.0,50.436400000069455,0.2,1905.27,45527,1904.8000000000002,1905.27,0,2020-10-16 07:24:00,2020-10-16 07:24:00,2020-10-16 07:24:00,2020-10-16 07:23:00,0.0,1,0.0,0.7649999999998727,-0.8049999999996089,-1.412280701754421,0.0,1.3421052631583565,0.8049999999996089,,SL_initial,7,4,Asia,1,range,bull,mid_vol,False,False,False,range/mid_vol
47132,47132,1,1909.9399999999998,1909.48,1909.58,1909.58,0.01,-0.459999999999809,0.0,0.020000000000209184,0.4499999999998181,47132,1,47132,47131,0.35999999999989996,49.93640000006991,0.319,0.3763636363636351,24.736787138803795,1,47132,0.0,0.0,50.03640000006982,0.2,1909.58,47132,1909.84,1909.58,0,2020-10-19 11:10:00,2020-10-19 11:10:00,2020-10-19 11:10:00,2020-10-19 11:10:00,0.0,1,0.020000000000209184,0.4499999999998181,-0.459999999999809,-1.2777777777776023,0.05555555555615206,1.2499999999998421,0.4800000000000182,2399.999999974989,SL_initial,11,0,London,0,,,,,,,nan/nan
47710,47731,-1,1906.7400000000002,1906.2389999999998,1907.3,1907.3,0.01,0.5010000000004311,0.0,1.5810000000003583,0.5589999999997417,47723,8,47710,47707,0.5599999999997181,50.43740000007034,0.319,0.3209090909090781,48.68924735910587,1,47708,0.0,0.0,49.37740000007017,0.2,1907.3,47710,1906.8400000000001,1907.3,0,2020-10-19 20:48:00,2020-10-19 21:09:00,2020-10-19 21:01:00,2020-10-19 20:46:00,21.0,22,1.5810000000003583,0.5589999999997417,0.5010000000004311,0.8946428571440774,2.823214285716347,0.998214285714327,1.0799999999999272,68.31119544590022,MA18_exit,20,0,NewYork,2,,,,,,,nan/nan
47955,47955,-1,1902.7400000000002,1903.35,1903.25,1903.25,0.01,-0.6099999999996726,0.0,-0.41499999999973625,0.5749999999998181,47955,1,47955,47953,0.5099999999997635,49.82740000007067,0.355,0.1645454545454599,35.54344334717323,1,47954,0.0,0.0,49.92740000007058,0.2,1903.25,47955,1902.8400000000001,1903.25,0,2020-10-20 01:54:00,2020-10-20 01:54:00,2020-10-20 01:54:00,2020-10-20 01:53:00,0.0,1,0.0,0.5749999999998181,-0.6099999999996726,-1.1960784313724615,0.0,1.127450980392323,0.6099999999996726,,SL_initial,1,1,Asia,1,range,bull,mid_vol,False,False,False,range/mid_vol
48321,48321,1,1901.62,1901.0300000000002,1901.13,1901.13,0.01,-0.5899999999996908,0.0,-0.1899999999998272,0.7999999999999545,48321,1,48321,48320,0.4899999999997817,49.23740000007098,0.325,0.22954545454545247,35.29287153018244,1,48321,0.0,0.0,49.02740000007071,0.2,1901.13,48321,1901.52,1901.13,0,2020-10-20 08:00:00,2020-10-20 08:00:00,2020-10-20 08:00:00,2020-10-20 08:00:00,0.0,1,0.0,0.7999999999999545,-0.5899999999996908,-1.2040816326529664,0.0,1.6326530612251242,0.5899999999996908,,SL_initial,8,1,London,0,range,bull,mid_vol,False,False,False,range/mid_vol
48364,48364,-1,1899.9400000000003,1900.4399999999998,1900.34,1900.34,0.01,-0.49999999999954525,0.0,-0.38499999999976353,1.0249999999998636,48364,1,48364,48363,0.3999999999996362,48.73740000007143,0.325,0.4440909090909186,20.307420682154866,1,48364,0.0,0.0,48.83740000007134,0.2,1900.34,48364,1900.0400000000002,1900.34,0,2020-10-20 08:43:00,2020-10-20 08:43:00,2020-10-20 08:43:00,2020-10-20 08:43:00,0.0,1,0.0,1.0249999999998636,-0.49999999999954525,-1.25,0.0,2.5625000000019895,0.49999999999954525,,SL_initial,8,1,London,0,range,bull,mid_vol,False,False,False,range/mid_vol
49257,49257,-1,1909.5400000000002,1910.2319999999997,1910.08,1910.08,0.01,-0.6919999999995525,0.0,-0.31199999999967076,0.6019999999996344,49257,1,49257,49251,0.5399999999997362,48.04540000007188,0.302,0.2200000000000066,14.59659988471973,1,49252,0.0,0.0,48.1354000000718,0.2,1910.08,49257,1909.64,1910.08,0,2020-10-20 23:36:00,2020-10-20 23:36:00,2020-10-20 23:36:00,2020-10-20 23:31:00,0.0,1,0.0,0.6019999999996344,-0.6919999999995525,-1.2814814814812787,0.0,1.1148148148146824,0.6919999999995525,,SL_initial,23,1,Sydney,5,range,bull,mid_vol,False,False,False,range/mid_vol
49767,49767,-1,1915.1200000000001,1915.8,1915.7,1915.7,0.01,-0.6799999999998363,0.0,-0.278999999999769,0.6589999999998781,49767,1,49767,49766,0.5799999999999272,47.36540000007204,0.319,0.4759090909091025,25.898345343858608,1,49767,0.0,0.0,47.386400000072,0.2,1915.7,49767,1915.22,1915.7,0,2020-10-21 09:07:00,2020-10-21 09:07:00,2020-10-21 09:07:00,2020-10-21 09:07:00,0.0,1,0.0,0.6589999999998781,-0.6799999999998363,-1.1724137931033132,0.0,1.1362068965516565,0.6799999999998363,,SL_initial,9,2,London,0,range,bull,mid_vol,False,False,False,range/mid_vol
51041,51041,-1,1913.2600000000002,1913.945,1913.82,1913.82,0.01,-0.6849999999997181,0.0,-0.39499999999975444,0.584999999999809,51041,1,51041,51039,0.5599999999997181,46.680400000072325,0.325,0.2659090909090661,18.496895430323377,1,51040,0.0,0.0,46.780400000072234,0.2,1913.82,51041,1913.3600000000001,1913.82,0,2020-10-22 07:22:00,2020-10-22 07:22:00,2020-10-22 07:22:00,2020-10-22 07:21:00,0.0,1,0.0,0.584999999999809,-0.6849999999997181,-1.2232142857143982,0.0,1.044642857143042,0.6849999999997181,,SL_initial,7,3,Asia,1,weak_trend,bull,mid_vol,False,False,False,weak_trend/mid_vol
51045,51045,-1,1913.2800000000002,1913.985,1913.82,1913.82,0.01,-0.7049999999996999,0.0,-0.38499999999976353,0.6449999999997544,51045,1,51045,51044,0.5399999999997362,45.975400000072625,0.325,0.23727272727269752,20.872021985203265,1,51045,0.0,0.0,46.03540000007257,0.2,1913.82,51045,1913.38,1913.82,0,2020-10-22 07:26:00,2020-10-22 07:26:00,2020-10-22 07:26:00,2020-10-22 07:26:00,0.0,1,0.0,0.6449999999997544,-0.7049999999996999,-1.3055555555556375,0.0,1.1944444444445732,0.7049999999996999,,SL_initial,7,3,Asia,0,weak_trend,bull,mid_vol,False,False,False,weak_trend/mid_vol
52086,52086,1,1906.6,1906.02,1906.28,1906.28,0.01,-0.5799999999999272,0.0,-0.15999999999985448,0.5,52086,1,52086,52085,0.31999999999993634,45.3954000000727,0.355,0.1768181818182277,47.35487949224893,1,52086,0.0,0.0,45.475400000072625,0.2,1906.28,52086,1906.5,1906.28,0,2020-10-23 01:48:00,2020-10-23 01:48:00,2020-10-23 01:48:00,2020-10-23 01:48:00,0.0,1,0.0,0.5,-0.5799999999999272,-1.8125000000001332,0.0,1.5625000000003109,0.5799999999999272,,SL_initial,1,4,Asia,0,range,bull,mid_vol,False,False,False,range/mid_vol
53586,53586,-1,1897.2800000000002,1897.82,1897.72,1897.72,0.01,-0.5399999999997362,0.0,-0.37099999999963984,0.9509999999997945,53586,1,53586,53584,0.4399999999998272,44.85540000007296,0.331,0.5600000000000178,54.70371248423682,1,53585,0.0,0.0,44.95540000007287,0.2,1897.72,53586,1897.38,1897.72,0,2020-10-26 03:49:00,2020-10-26 03:49:00,2020-10-26 03:49:00,2020-10-26 03:48:00,0.0,1,0.0,0.9509999999997945,-0.5399999999997362,-1.2272727272726098,0.0,2.161363636364018,0.5399999999997362,,SL_initial,3,0,Asia,1,,,,,,,nan/nan
53629,53629,1,1899.9199999999998,1899.16,1899.38,1899.38,0.01,-0.7599999999997635,0.0,0.03000000000020009,0.6699999999998454,53629,1,53629,53628,0.5399999999997362,44.0954000000732,0.325,0.3640909090909087,46.25863778634455,1,53629,0.0,0.0,44.185400000073116,0.2,1899.38,53629,1899.82,1899.38,0,2020-10-26 04:32:00,2020-10-26 04:32:00,2020-10-26 04:32:00,2020-10-26 04:32:00,0.0,1,0.03000000000020009,0.6699999999998454,-0.7599999999997635,-1.407407407407657,0.05555555555595323,1.2407407407410604,0.7899999999999636,2633.333333315649,SL_initial,4,0,Asia,0,,,,,,,nan/nan
53761,53761,-1,1897.5200000000002,1898.2699999999998,1897.92,1897.92,0.01,-0.7499999999995453,0.0,-0.3699999999996635,0.7499999999997726,53761,1,53761,53760,0.3999999999998636,43.34540000007365,0.31,0.27681818181816775,27.98799202744158,1,53761,0.0,0.0,43.345400000073425,0.2,1897.92,53761,1897.6200000000001,1897.92,0,2020-10-26 06:44:00,2020-10-26 06:44:00,2020-10-26 06:44:00,2020-10-26 06:44:00,0.0,1,0.0,0.7499999999997726,-0.7499999999995453,-1.8749999999995026,0.0,1.875000000000071,0.7499999999995453,,SL_initial,6,0,Asia,0,,,,,,,nan/nan
55125,55125,-1,1907.4600000000003,1908.125,1907.9,1907.9,0.01,-0.6649999999997362,0.0,-0.3449999999997999,0.6249999999997726,55125,1,55125,55121,0.4399999999998272,42.68040000007392,0.325,0.24272727272725866,21.4291173399999,1,55122,0.0,0.0,42.72040000007388,0.2,1907.9,55125,1907.5600000000002,1907.9,0,2020-10-27 07:28:00,2020-10-27 07:28:00,2020-10-27 07:28:00,2020-10-27 07:25:00,0.0,1,0.0,0.6249999999997726,-0.6649999999997362,-1.5113636363636305,0.0,1.4204545454545865,0.6649999999997362,,SL_initial,7,1,Asia,3,range,bull,mid_vol,False,False,False,range/mid_vol
55584,55592,1,1905.0199999999998,1905.3300000000002,1904.52,1904.52,0.01,0.3100000000004002,0.0,2.4700000000002547,0.4399999999998272,55586,8,55584,55583,0.4999999999997726,42.99040000007432,0.319,0.6263636363636248,28.23957255610877,1,55584,0.0,0.0,42.24040000007409,0.2,1904.52,55584,1904.9199999999998,1904.52,0,2020-10-27 15:07:00,2020-10-27 15:15:00,2020-10-27 15:09:00,2020-10-27 15:07:00,8.0,9,2.4700000000002547,0.4399999999998272,0.3100000000004002,0.6200000000010824,4.9400000000027555,0.8800000000000545,2.1599999999998545,87.4493927125357,MA18_exit,15,1,London/NY,0,range,bull,mid_vol,False,False,False,range/mid_vol
55965,55965,-1,1906.5400000000002,1907.1589999999999,1906.94,1906.94,0.01,-0.6189999999996871,0.0,-0.15899999999987813,0.5189999999997781,55965,1,55965,55964,0.3999999999998636,42.37140000007463,0.319,0.3422727272727467,39.53345712534093,1,55965,0.0,0.0,42.47140000007454,0.2,1906.94,55965,1906.64,1906.94,0,2020-10-27 21:28:00,2020-10-27 21:28:00,2020-10-27 21:28:00,2020-10-27 21:28:00,0.0,1,0.0,0.5189999999997781,-0.6189999999996871,-1.5474999999997456,0.0,1.2974999999998877,0.6189999999996871,,SL_initial,21,1,NewYork,0,range,bull,mid_vol,False,False,False,range/mid_vol
56756,56756,-1,1897.3600000000001,1897.6399999999999,1897.54,1897.54,0.01,-0.27999999999974534,0.0,-0.3589999999999236,0.7989999999997508,56756,1,56756,56755,0.1799999999998363,42.091400000074884,0.319,0.6563636363636595,38.154024751176586,1,56756,0.0,0.0,42.19140000007479,0.2,1897.54,56756,1897.46,1897.54,0,2020-10-28 12:39:00,2020-10-28 12:39:00,2020-10-28 12:39:00,2020-10-28 12:39:00,0.0,1,0.0,0.7989999999997508,-0.27999999999974534,-1.5555555555555556,0.0,4.438888888891541,0.27999999999974534,,SL_initial,12,2,London,0,range,bull,mid_vol,False,False,False,range/mid_vol
63987,63987,-1,1896.8200000000002,1897.27,1897.17,1897.17,0.01,-0.4499999999998181,0.0,-0.2989999999997508,0.778999999999769,63987,1,63987,63985,0.34999999999990905,41.641400000075066,0.319,0.47318181818181154,21.66198485033737,1,63986,0.0,0.0,41.741400000074975,0.2,1897.17,63987,1896.92,1897.17,0,2020-11-04 21:12:00,2020-11-04 21:12:00,2020-11-04 21:12:00,2020-11-04 21:11:00,0.0,1,0.0,0.778999999999769,-0.4499999999998181,-1.2857142857141002,0.0,2.2257142857142043,0.4499999999998181,,SL_initial,21,2,NewYork,1,range,bull,low_vol,False,False,False,range/low_vol
66428,66428,1,1959.62,1958.8200000000002,1959.12,1959.12,0.01,-0.7999999999997272,0.0,0.10000000000013642,0.9799999999997908,66428,1,66428,66427,0.5,40.84140000007534,0.319,1.6259090909090796,21.616378035848285,1,66428,0.0,0.0,40.661400000075275,0.2,1959.12,66428,1959.52,1959.12,0,2020-11-06 15:55:00,2020-11-06 15:55:00,2020-11-06 15:55:00,2020-11-06 15:55:00,0.0,1,0.10000000000013642,0.9799999999997908,-0.7999999999997272,-1.5999999999994543,0.20000000000027285,1.9599999999995816,0.8999999999998636,899.9999999986358,SL_initial,15,4,London/NY,0,weak_trend,bull,mid_vol,True,False,True,weak_trend/mid_vol
68160,68160,1,1866.4499999999998,1866.02,1866.12,1866.12,0.01,-0.4299999999998363,0.0,-0.27999999999974534,0.7899999999997362,68160,1,68160,68159,0.32999999999992724,40.4114000000755,0.319,0.7995454545454611,39.44432824148817,1,68160,0.0,0.0,40.51140000007541,0.2,1866.12,68160,1866.35,1866.12,0,2020-11-09 21:48:00,2020-11-09 21:48:00,2020-11-09 21:48:00,2020-11-09 21:48:00,0.0,1,0.0,0.7899999999997362,-0.4299999999998363,-1.3030303030300943,0.0,2.3939393939391227,0.4299999999998363,,SL_initial,21,0,NewYork,0,,,,,,,nan/nan
73794,73794,1,1887.7999999999997,1887.2,1887.3,1887.3,0.01,-0.5999999999996817,0.0,-0.29999999999972715,0.4999999999997726,73794,1,73794,73793,0.4999999999997726,39.81140000007582,0.302,0.2390909090909087,36.98778209744552,1,73794,0.0,0.0,39.91140000007573,0.2,1887.3,73794,1887.6999999999998,1887.3,0,2020-11-13 23:46:00,2020-11-13 23:46:00,2020-11-13 23:46:00,2020-11-13 23:46:00,0.0,1,0.0,0.4999999999997726,-0.5999999999996817,-1.1999999999999091,0.0,1.0,0.5999999999996817,,SL_initial,23,4,Sydney,0,range,bull,high_vol,False,False,False,range/high_vol
75945,75945,-1,1887.5400000000002,1888.2189999999998,1887.83,1887.83,0.01,-0.6789999999996326,0.0,-0.15899999999987813,0.5789999999997235,75945,1,75945,75943,0.28999999999973625,39.13240000007619,0.319,0.38954545454546197,31.72309129612575,1,75944,0.0,0.0,39.2324000000761,0.2,1887.83,75945,1887.64,1887.83,0,2020-11-17 13:40:00,2020-11-17 13:40:00,2020-11-17 13:40:00,2020-11-17 13:39:00,0.0,1,0.0,0.5789999999997235,-0.6789999999996326,-2.34137931034569,0.0,1.9965517241387936,0.6789999999996326,,SL_initial,13,1,London/NY,1,range,bull,high_vol,False,False,False,range/high_vol
76330,76330,-1,1886.5200000000002,1887.05,1886.95,1886.95,0.01,-0.5299999999997453,0.0,-0.2589999999997872,0.6389999999996689,76330,1,76330,76327,0.4299999999998363,38.60240000007644,0.319,0.2849999999999992,15.37885022751056,1,76328,0.0,0.0,38.70240000007635,0.2,1886.95,76330,1886.6200000000001,1886.95,0,2020-11-17 20:05:00,2020-11-17 20:05:00,2020-11-17 20:05:00,2020-11-17 20:03:00,0.0,1,0.0,0.6389999999996689,-0.5299999999997453,-1.2325581395347607,0.0,1.4860465116277028,0.5299999999997453,,SL_initial,20,1,NewYork,2,range,bull,high_vol,False,False,False,range/high_vol
76637,76637,-1,1881.7700000000002,1882.4599999999998,1882.25,1882.25,0.01,-0.6899999999995998,0.0,-0.11999999999966349,0.5899999999996908,76637,1,76637,76636,0.4799999999997908,37.91240000007684,0.3,0.32909090909088884,17.547182264527716,1,76637,0.0,0.0,38.01240000007675,0.2,1882.25,76637,1881.8700000000001,1882.25,0,2020-11-18 02:13:00,2020-11-18 02:13:00,2020-11-18 02:13:00,2020-11-18 02:13:00,0.0,1,0.0,0.5899999999996908,-0.6899999999995998,-1.4374999999997928,0.0,1.2291666666665582,0.6899999999995998,,SL_initial,2,2,Asia,0,range,bull,high_vol,False,False,False,range/high_vol
81271,81271,-1,1872.5900000000001,1873.4889999999998,1873.06,1873.06,0.01,-0.8989999999996598,0.0,-0.15899999999987813,0.7989999999997508,81271,1,81271,81269,0.4699999999997999,37.01340000007718,0.319,0.4945454545454285,24.931026367457093,1,81270,0.0,0.0,37.11340000007709,0.2,1873.06,81271,1872.69,1873.06,0,2020-11-23 10:32:00,2020-11-23 10:32:00,2020-11-23 10:32:00,2020-11-23 10:31:00,0.0,1,0.0,0.7989999999997508,-0.8989999999996598,-1.9127659574468991,0.0,1.7000000000001936,0.8989999999996598,,SL_initial,10,0,London,1,,,,,,,nan/nan
81508,81508,1,1868.62,1868.0600000000002,1868.16,1868.16,0.01,-0.5599999999997181,0.0,-0.2999999999999545,0.6599999999998545,81508,1,81508,81507,0.459999999999809,36.453400000077465,0.319,0.4431818181817975,14.268077420175828,1,81508,0.0,0.0,36.553400000077374,0.2,1868.16,81508,1868.52,1868.16,0,2020-11-23 14:29:00,2020-11-23 14:29:00,2020-11-23 14:29:00,2020-11-23 14:29:00,0.0,1,0.0,0.6599999999998545,-0.5599999999997181,-1.2173913043477187,0.0,1.4347826086959317,0.5599999999997181,,SL_initial,14,0,London/NY,0,,,,,,,nan/nan
84504,84504,-1,1811.0900000000001,1811.3,1811.2,1811.2,0.01,-0.209999999999809,0.0,-0.2889999999997599,0.5889999999997144,84504,1,84504,84501,0.10999999999989996,36.243400000077656,0.319,0.47545454545458843,21.992774416774115,1,84502,0.0,0.0,36.343400000077565,0.2,1811.2,84504,1811.19,1811.2,0,2020-11-25 18:27:00,2020-11-25 18:27:00,2020-11-25 18:27:00,2020-11-25 18:25:00,0.0,1,0.0,0.5889999999997144,-0.209999999999809,-1.9090909090909092,0.0,5.354545454547728,0.209999999999809,,SL_initial,18,2,NewYork,2,weak_trend,bull,high_vol,True,False,False,weak_trend/high_vol
84588,84588,-1,1809.1200000000001,1809.9789999999998,1809.58,1809.58,0.01,-0.8589999999996962,0.0,-0.41899999999986903,0.7589999999997872,84588,1,84588,84585,0.459999999999809,35.38440000007796,0.319,0.2740909090909182,36.052550092658095,1,84586,0.0,0.0,35.48440000007787,0.2,1809.58,84588,1809.22,1809.58,0,2020-11-25 19:51:00,2020-11-25 19:51:00,2020-11-25 19:51:00,2020-11-25 19:49:00,0.0,1,0.0,0.7589999999997872,-0.8589999999996962,-1.867391304347941,0.0,1.6500000000002224,0.8589999999996962,,SL_initial,19,2,NewYork,2,weak_trend,bull,high_vol,True,False,False,weak_trend/high_vol
85704,85704,-1,1813.0400000000002,1813.5,1813.4,1813.4,0.01,-0.459999999999809,0.0,-0.2689999999997781,0.6189999999996871,85704,1,85704,85703,0.35999999999989996,34.92440000007815,0.319,0.47636363636364754,31.254233205301283,1,85704,0.0,0.0,35.02440000007806,0.2,1813.4,85704,1813.14,1813.4,0,2020-11-26 15:28:00,2020-11-26 15:28:00,2020-11-26 15:28:00,2020-11-26 15:28:00,0.0,1,0.0,0.6189999999996871,-0.459999999999809,-1.2777777777776023,0.0,1.7194444444440533,0.459999999999809,,SL_initial,15,3,London/NY,0,strong_trend,bull,high_vol,False,False,False,strong_trend/high_vol
89325,89325,1,1806.4499999999998,1806.0800000000002,1806.18,1806.18,0.01,-0.3699999999996635,0.0,0.14000000000010004,0.5199999999997544,89325,1,89325,89324,0.26999999999975444,34.55440000007849,0.319,0.7490909090909202,27.014670720591095,1,89325,0.0,0.0,34.6544000000784,0.2,1806.18,89325,1806.35,1806.18,0,2020-12-01 14:06:00,2020-12-01 14:06:00,2020-12-01 14:06:00,2020-12-01 14:06:00,0.0,1,0.14000000000010004,0.5199999999997544,-0.3699999999996635,-1.3703703703703705,0.5185185185193606,1.925925925926768,0.5099999999997635,364.28571428528505,SL_initial,14,1,London/NY,0,strong_trend,bull,mid_vol,True,False,False,strong_trend/mid_vol
95593,95593,-1,1861.7300000000002,1862.1,1862.0,1862.0,0.01,-0.3699999999996635,0.0,-0.2209999999995489,0.9009999999996126,95593,1,95593,95590,0.26999999999975444,34.184400000078824,0.331,0.6059090909090876,27.3180897110878,1,95591,0.0,0.0,34.28440000007873,0.2,1862.0,95593,1861.8300000000002,1862.0,0,2020-12-08 03:40:00,2020-12-08 03:40:00,2020-12-08 03:40:00,2020-12-08 03:38:00,0.0,1,0.0,0.9009999999996126,-0.3699999999996635,-1.3703703703703705,0.0,3.337037037038637,0.3699999999996635,,SL_initial,3,1,Asia,2,strong_trend,bull,mid_vol,False,False,False,strong_trend/mid_vol
99389,99389,-1,1833.1000000000001,1833.61,1833.51,1833.51,0.01,-0.5099999999997635,0.0,-0.3789999999999054,0.8889999999998963,99389,1,99389,99386,0.4099999999998545,33.67440000007906,0.319,0.3554545454545529,26.758605729362245,1,99387,0.0,0.0,33.77440000007897,0.2,1833.51,99389,1833.2,1833.51,0,2020-12-10 21:00:00,2020-12-10 21:00:00,2020-12-10 21:00:00,2020-12-10 20:58:00,0.0,1,0.0,0.8889999999998963,-0.5099999999997635,-1.243902439024255,0.0,2.168292682927346,0.5099999999997635,,SL_initial,21,3,NewYork,2,strong_trend,bull,mid_vol,False,False,False,strong_trend/mid_vol
100922,100922,-1,1838.7900000000002,1839.4019999999998,1839.22,1839.22,0.01,-0.6119999999996253,0.0,-0.4019999999998163,0.5119999999997162,100922,1,100922,100921,0.4299999999998363,33.062400000079435,0.302,0.13318181818181074,21.4933630557307,1,100922,0.0,0.0,33.162400000079344,0.2,1839.22,100922,1838.89,1839.22,0,2020-12-11 23:34:00,2020-12-11 23:34:00,2020-12-11 23:34:00,2020-12-11 23:34:00,0.0,1,0.0,0.5119999999997162,-0.6119999999996253,-1.4232558139531588,0.0,1.1906976744183981,0.6119999999996253,,SL_initial,23,4,Sydney,0,weak_trend,bull,mid_vol,False,False,False,weak_trend/mid_vol
102414,102414,-1,1826.72,1827.24,1827.14,1827.14,0.01,-0.5199999999999818,0.0,-0.38999999999987267,0.5399999999999636,102414,1,102414,102407,0.42000000000007276,32.54240000007945,0.3,0.36136363636363844,14.628208651642687,1,102408,0.0,0.0,32.64240000007936,0.2,1827.14,102414,1826.8400000000001,1827.14,0,2020-12-15 02:29:00,2020-12-15 02:29:00,2020-12-15 02:29:00,2020-12-15 02:23:00,0.0,1,0.0,0.5399999999999636,-0.5199999999999818,-1.2380952380949803,0.0,1.2857142857139763,0.5199999999999818,,SL_initial,2,1,Asia,6,weak_trend,bull,mid_vol,False,False,False,weak_trend/mid_vol
102893,102893,1,1842.8799999999999,1842.3600000000001,1842.46,1842.46,0.01,-0.5199999999997544,0.0,-0.2999999999999545,0.7799999999999727,102893,1,102893,102892,0.4199999999998454,32.0224000000797,0.319,0.620909090909105,26.549200069947606,1,102893,0.0,0.0,32.12240000007961,0.2,1842.46,102893,1842.78,1842.46,0,2020-12-15 10:28:00,2020-12-15 10:28:00,2020-12-15 10:28:00,2020-12-15 10:28:00,0.0,1,0.0,0.7799999999999727,-0.5199999999997544,-1.2380952380951091,0.0,1.8571428571434758,0.5199999999997544,,SL_initial,10,1,London,0,weak_trend,bull,mid_vol,False,False,False,weak_trend/mid_vol
102980,102980,1,1847.0099999999998,1846.3600000000001,1846.62,1846.62,0.01,-0.6499999999996362,0.0,-0.13999999999987267,0.569999999999709,102980,1,102980,102979,0.38999999999987267,31.372400000080063,0.319,0.39045454545456243,47.96797257728619,1,102980,0.0,0.0,31.45240000007999,0.2,1846.62,102980,1846.9099999999999,1846.62,0,2020-12-15 11:55:00,2020-12-15 11:55:00,2020-12-15 11:55:00,2020-12-15 11:55:00,0.0,1,0.0,0.569999999999709,-0.6499999999996362,-1.666666666666278,0.0,1.4615384615381926,0.6499999999996362,,SL_initial,11,1,London,0,weak_trend,bull,mid_vol,False,False,False,weak_trend/mid_vol
107827,107827,-1,1880.1000000000001,1880.6,1880.5,1880.5,0.01,-0.4999999999997726,0.0,-0.34199999999987085,0.541999999999689,107827,1,107827,107826,0.3999999999998636,30.87240000008029,0.302,0.19136363636364837,20.14661905426179,1,107827,0.0,0.0,30.9724000000802,0.2,1880.5,107827,1880.2,1880.5,0,2020-12-18 23:45:00,2020-12-18 23:45:00,2020-12-18 23:45:00,2020-12-18 23:45:00,0.0,1,0.0,0.541999999999689,-0.4999999999997726,-1.249999999999858,0.0,1.3549999999996845,0.4999999999997726,,SL_initial,23,4,Sydney,0,weak_trend,bull,mid_vol,True,False,False,weak_trend/mid_vol
115956,115956,-1,1877.14,1878.0149999999999,1877.54,1877.54,0.01,-0.8749999999997726,0.0,-0.05499999999983629,0.7749999999998636,115956,1,115956,115955,0.3999999999998636,29.997400000080518,0.355,0.21000000000000538,13.92833949668079,1,115956,0.0,0.0,30.097400000080427,0.2,1877.54,115956,1877.24,1877.54,0,2020-12-30 01:38:00,2020-12-30 01:38:00,2020-12-30 01:38:00,2020-12-30 01:38:00,0.0,1,0.0,0.7749999999998636,-0.8749999999997726,-2.1875000000001776,0.0,1.9375000000003197,0.8749999999997726,,SL_initial,1,2,Asia,0,strong_trend,bull,mid_vol,False,False,False,strong_trend/mid_vol
117607,117607,-1,1888.7600000000002,1889.54,1889.11,1889.11,0.01,-0.7799999999997453,0.0,-0.26999999999975444,0.9799999999997908,117607,1,117607,117606,0.3499999999996817,29.217400000080772,0.31,0.3268181818181843,26.80493987608473,1,117607,0.0,0.0,29.017400000080727,0.2,1889.11,117607,1888.8600000000001,1889.11,0,2020-12-31 06:10:00,2020-12-31 06:10:00,2020-12-31 06:10:00,2020-12-31 06:10:00,0.0,1,0.0,0.9799999999997908,-0.7799999999997453,-2.228571428572728,0.0,2.800000000001949,0.7799999999997453,,SL_initial,6,3,Asia,0,strong_trend,bull,low_vol,True,False,False,strong_trend/low_vol
121995,121995,1,1949.62,1949.1000000000001,1949.24,1949.24,0.01,-0.5199999999997544,0.0,-0.1799999999998363,0.6199999999998909,121995,1,121995,121994,0.37999999999988177,28.697400000081018,0.319,0.6809090909091228,35.2924858299918,1,121995,0.0,0.0,28.59740000008088,0.2,1949.24,121995,1949.52,1949.24,0,2021-01-06 10:21:00,2021-01-06 10:21:00,2021-01-06 10:21:00,2021-01-06 10:21:00,0.0,1,0.0,0.6199999999998909,-0.5199999999997544,-1.3684210526313585,0.0,1.6315789473686415,0.5199999999997544,,SL_initial,10,2,London,0,strong_trend,bull,low_vol,True,False,False,strong_trend/low_vol
125665,125665,-1,1843.38,1844.37,1843.66,1843.66,0.01,-0.9899999999997817,0.0,0.020000000000209184,1.1799999999998363,125665,1,125665,125664,0.2799999999999727,27.707400000081236,0.3,0.9786363636363727,40.77468322051546,1,125665,0.0,0.0,27.51740000008118,0.2,1843.66,125665,1843.48,1843.66,0,2021-01-11 02:34:00,2021-01-11 02:34:00,2021-01-11 02:34:00,2021-01-11 02:34:00,0.0,1,0.020000000000209184,1.1799999999998363,-0.9899999999997817,-3.535714285713851,0.07142857142932547,4.21428571428554,1.009999999999991,5049.999999947136,SL_initial,2,0,Asia,0,,,,,,,nan/nan
128315,128315,1,1855.3799999999999,1854.74,1855.14,1855.14,0.01,-0.6399999999998727,0.0,0.020000000000209184,0.5499999999999545,128315,1,128315,128314,0.23999999999978172,27.067400000081363,0.302,0.2904545454545913,36.47160005690472,1,128315,0.0,0.0,27.15740000008128,0.2,1855.14,128315,1855.28,1855.14,0,2021-01-12 23:45:00,2021-01-12 23:45:00,2021-01-12 23:45:00,2021-01-12 23:45:00,0.0,1,0.020000000000209184,0.5499999999999545,-0.6399999999998727,-2.6666666666685614,0.08333333333428072,2.2916666666685614,0.6600000000000819,3299.999999965894,SL_initial,23,1,Sydney,0,strong_trend,bull,high_vol,False,False,False,strong_trend/high_vol
135780,135780,-1,1848.1000000000001,1848.7389999999998,1848.34,1848.34,0.01,-0.6389999999996689,0.0,0.3610000000001037,0.5389999999997599,135780,1,135780,135778,0.23999999999978172,26.428400000081695,0.319,0.5327272727272739,34.871813037048945,1,135779,0.0,0.0,26.528400000081604,0.2,1848.34,135780,1848.2,1848.34,0,2021-01-20 14:16:00,2021-01-20 14:16:00,2021-01-20 14:16:00,2021-01-20 14:15:00,0.0,1,0.3610000000001037,0.5389999999997599,-0.6389999999996689,-2.662500000001042,1.5041666666684668,2.2458333333343754,0.9999999999997726,277.00831024916494,SL_initial,14,2,London/NY,1,weak_trend,bull,high_vol,False,False,False,weak_trend/high_vol
141700,141700,-1,1851.5000000000002,1851.8999999999999,1851.8,1851.8,0.01,-0.3999999999996362,0.0,-0.3389999999997144,0.5589999999997417,141700,1,141700,141696,0.29999999999972715,26.02840000008206,0.319,0.24999999999997932,18.94230148827215,1,141697,0.0,0.0,26.128400000081967,0.2,1851.8,141700,1851.6000000000001,1851.8,0,2021-01-26 21:00:00,2021-01-26 21:00:00,2021-01-26 21:00:00,2021-01-26 20:57:00,0.0,1,0.0,0.5589999999997417,-0.3999999999996362,-1.3333333333333333,0.0,1.863333333334167,0.3999999999996362,,SL_initial,21,1,NewYork,3,weak_trend,bull,high_vol,False,False,False,weak_trend/high_vol
141733,141733,-1,1849.8600000000001,1850.32,1850.22,1850.22,0.01,-0.459999999999809,0.0,-0.3389999999999418,0.6189999999999145,141733,1,141733,141732,0.35999999999989996,25.56840000008225,0.319,0.32045454545453306,31.87887991721633,1,141733,0.0,0.0,25.66840000008216,0.2,1850.22,141733,1849.96,1850.22,0,2021-01-26 21:33:00,2021-01-26 21:33:00,2021-01-26 21:33:00,2021-01-26 21:33:00,0.0,1,0.0,0.6189999999999145,-0.459999999999809,-1.2777777777776023,0.0,1.7194444444446848,0.459999999999809,,SL_initial,21,1,NewYork,0,weak_trend,bull,high_vol,False,False,False,weak_trend/high_vol
143306,143306,-1,1839.9800000000002,1840.655,1840.2,1840.2,0.01,-0.6749999999997272,0.0,0.22500000000013642,0.5949999999997999,143306,1,143306,143305,0.2199999999997999,24.893400000082522,0.355,0.5136363636363616,38.23780153899531,1,143306,0.0,0.0,24.97340000008245,0.2,1840.2,143306,1840.0800000000002,1840.2,0,2021-01-28 01:48:00,2021-01-28 01:48:00,2021-01-28 01:48:00,2021-01-28 01:48:00,0.0,1,0.22500000000013642,0.5949999999997999,-0.6749999999997272,-3.0681818181833687,1.022727272728823,2.704545454547005,0.8999999999998636,399.99999999969685,SL_initial,1,3,Asia,0,weak_trend,bull,mid_vol,False,False,False,weak_trend/mid_vol
143750,143750,-1,1835.8500000000001,1836.28,1836.18,1836.18,0.01,-0.4299999999998363,0.0,-0.2889999999997599,1.018999999999778,143750,1,143750,143749,0.32999999999992724,24.463400000082686,0.319,0.5650000000000236,26.28184330233663,1,143750,0.0,0.0,24.563400000082595,0.2,1836.18,143750,1835.95,1836.18,0,2021-01-28 09:12:00,2021-01-28 09:12:00,2021-01-28 09:12:00,2021-01-28 09:12:00,0.0,1,0.0,1.018999999999778,-0.4299999999998363,-1.3030303030300943,0.0,3.0878787878787963,0.4299999999998363,,SL_initial,9,3,London,0,weak_trend,bull,mid_vol,False,False,False,weak_trend/mid_vol
154695,154695,-1,1838.4600000000003,1839.105,1838.77,1838.77,0.01,-0.6449999999997544,0.0,0.07500000000027285,0.5449999999998454,154695,1,154695,154694,0.30999999999971806,23.81840000008293,0.325,0.4495454545454281,22.71674819575863,1,154695,0.0,0.0,23.91840000008284,0.2,1838.77,154695,1838.5600000000002,1838.77,0,2021-02-09 07:45:00,2021-02-09 07:45:00,2021-02-09 07:45:00,2021-02-09 07:45:00,0.0,1,0.07500000000027285,0.5449999999998454,-0.6449999999997544,-2.080645161291423,0.24193548387206792,1.7580645161301325,0.7200000000000273,959.9999999965439,SL_initial,7,1,Asia,0,weak_trend,bear,mid_vol,False,False,False,weak_trend/mid_vol
166241,166241,-1,1778.6000000000001,1778.9399999999998,1778.84,1778.84,0.01,-0.33999999999969077,0.0,-0.19899999999984175,0.778999999999769,166241,1,166241,166239,0.23999999999978172,23.47840000008324,0.319,0.9181818181818305,32.439295013863486,1,166240,0.0,0.0,23.57840000008315,0.2,1778.84,166241,1778.7,1778.84,0,2021-02-19 20:18:00,2021-02-19 20:18:00,2021-02-19 20:18:00,2021-02-19 20:17:00,0.0,1,0.0,0.778999999999769,-0.33999999999969077,-1.4166666666666667,0.0,3.2458333333353226,0.33999999999969077,,SL_initial,20,4,NewYork,1,strong_trend,bear,low_vol,True,False,False,strong_trend/low_vol
184491,184491,-1,1725.2200000000003,1725.8999999999999,1725.49,1725.49,0.01,-0.6799999999996089,0.0,-0.1599999999996271,0.6899999999995998,184491,1,184491,184489,0.26999999999975444,22.79840000008363,0.3,0.39409090909089173,24.87399481923344,1,184490,0.0,0.0,22.78840000008364,0.2,1725.49,184491,1725.3200000000002,1725.49,0,2021-03-11 02:43:00,2021-03-11 02:43:00,2021-03-11 02:43:00,2021-03-11 02:42:00,0.0,1,0.0,0.6899999999995998,-0.6799999999996089,-2.5185185185193606,0.0,2.555555555556398,0.6799999999996089,,SL_initial,2,3,Asia,1,strong_trend,bear,high_vol,False,False,False,strong_trend/high_vol
192297,192297,1,1734.35,1734.1000000000001,1734.2,1734.2,0.01,-0.24999999999977263,0.0,-0.1999999999998181,0.75,192297,1,192297,192296,0.14999999999986358,22.54840000008386,0.319,0.4909090909090992,37.29685894717039,1,192297,0.0,0.0,22.648400000083768,0.2,1734.2,192297,1734.25,1734.2,0,2021-03-18 20:51:00,2021-03-18 20:51:00,2021-03-18 20:51:00,2021-03-18 20:51:00,0.0,1,0.0,0.75,-0.24999999999977263,-1.6666666666666667,0.0,5.0000000000045475,0.24999999999977263,,SL_initial,20,3,NewYork,0,strong_trend,bear,mid_vol,False,False,False,strong_trend/mid_vol
192301,192301,1,1734.4599999999998,1734.1000000000001,1734.2,1734.2,0.01,-0.3599999999996726,0.0,-0.30999999999971806,0.8599999999999,192301,1,192301,192300,0.25999999999976353,22.188400000084187,0.319,0.499545454545486,30.697980841908176,1,192301,0.0,0.0,22.288400000084096,0.2,1734.2,192301,1734.36,1734.2,0,2021-03-18 20:55:00,2021-03-18 20:55:00,2021-03-18 20:55:00,2021-03-18 20:55:00,0.0,1,0.0,0.8599999999999,-0.3599999999996726,-1.3846153846153846,0.0,3.307692307694931,0.3599999999996726,,SL_initial,20,3,NewYork,0,strong_trend,bear,mid_vol,False,False,False,strong_trend/mid_vol
198719,198719,-1,1731.42,1731.81,1731.71,1731.71,0.01,-0.38999999999987267,0.0,-0.13899999999989632,0.7289999999998145,198719,1,198719,198718,0.2899999999999636,21.798400000084314,0.319,0.7122727272727203,32.986250235290065,1,198719,0.0,0.0,21.898400000084223,0.2,1731.71,198719,1731.52,1731.71,0,2021-03-25 17:53:00,2021-03-25 17:53:00,2021-03-25 17:53:00,2021-03-25 17:53:00,0.0,1,0.0,0.7289999999998145,-0.38999999999987267,-1.3448275862066261,0.0,2.5137931034479513,0.38999999999987267,,SL_initial,17,3,NewYork,0,weak_trend,bear,low_vol,False,False,False,weak_trend/low_vol
208393,208393,-1,1741.8600000000001,1742.23,1742.13,1742.13,0.01,-0.36999999999989086,0.0,-0.14899999999988722,0.5989999999999327,208393,1,208393,208392,0.2699999999999818,21.428400000084423,0.319,0.38954545454545164,25.49571915252402,1,208393,0.0,0.0,21.528400000084332,0.2,1742.13,208393,1741.96,1742.13,0,2021-04-06 20:15:00,2021-04-06 20:15:00,2021-04-06 20:15:00,2021-04-06 20:15:00,0.0,1,0.0,0.5989999999999327,-0.36999999999989086,-1.3703703703700585,0.0,2.218518518518419,0.36999999999989086,,SL_initial,20,1,NewYork,0,weak_trend,bear,low_vol,False,False,False,weak_trend/low_vol
208532,208532,-1,1741.7800000000002,1742.1799999999998,1742.08,1742.08,0.01,-0.3999999999996362,0.0,-0.41899999999986903,0.6189999999996871,208532,1,208532,208529,0.29999999999972715,21.028400000084787,0.319,0.2572727272726896,36.59771625908919,1,208530,0.0,0.0,21.128400000084696,0.2,1742.08,208532,1741.88,1742.08,0,2021-04-06 22:34:00,2021-04-06 22:34:00,2021-04-06 22:34:00,2021-04-06 22:32:00,0.0,1,0.0,0.6189999999996871,-0.3999999999996362,-1.3333333333333333,0.0,2.063333333334167,0.3999999999996362,,SL_initial,22,1,Sydney,2,weak_trend,bear,low_vol,False,False,False,weak_trend/low_vol
208536,208536,-1,1741.7800000000002,1742.1799999999998,1742.08,1742.08,0.01,-0.3999999999996362,0.0,-0.37899999999967804,0.6889999999998508,208536,1,208536,208533,0.29999999999972715,20.62840000008515,0.319,0.24727272727268843,23.92501302799798,1,208534,0.0,0.0,20.72840000008506,0.2,1742.08,208536,1741.88,1742.08,0,2021-04-06 22:38:00,2021-04-06 22:38:00,2021-04-06 22:38:00,2021-04-06 22:36:00,0.0,1,0.0,0.6889999999998508,-0.3999999999996362,-1.3333333333333333,0.0,2.2966666666682585,0.3999999999996362,,SL_initial,22,1,Sydney,2,weak_trend,bear,low_vol,False,False,False,weak_trend/low_vol
209372,209372,-1,1737.0300000000002,1737.849,1737.18,1737.18,0.01,-0.8189999999997326,0.0,0.33100000000013097,0.7189999999998236,209372,1,209372,209371,0.14999999999986358,19.809400000085418,0.319,0.4709090909090657,31.383484183110827,1,209372,0.0,0.0,19.909400000085327,0.2,1737.18,209372,1737.13,1737.18,0,2021-04-07 13:35:00,2021-04-07 13:35:00,2021-04-07 13:35:00,2021-04-07 13:35:00,0.0,1,0.33100000000013097,0.7189999999998236,-0.8189999999997326,-5.460000000003183,2.206666666669547,4.793333333336516,1.1499999999998636,347.4320241690056,SL_initial,13,2,London/NY,0,weak_trend,bear,low_vol,False,False,False,weak_trend/low_vol
222522,222522,-1,1776.65,1777.0,1776.9,1776.9,0.01,-0.34999999999990905,0.0,-0.11999999999989086,0.5099999999997635,222522,1,222522,222521,0.25,19.45940000008551,0.3,0.3009090909090963,24.66070460367336,1,222522,0.0,0.0,19.559400000085418,0.2,1776.9,222522,1776.75,1776.9,0,2021-04-21 02:57:00,2021-04-21 02:57:00,2021-04-21 02:57:00,2021-04-21 02:57:00,0.0,1,0.0,0.5099999999997635,-0.34999999999990905,-1.3999999999996362,0.0,2.039999999999054,0.34999999999990905,,SL_initial,2,2,Asia,0,strong_trend,bear,low_vol,True,False,False,strong_trend/low_vol
253620,253620,1,1886.5299999999997,1886.23,1886.33,1886.33,0.01,-0.29999999999972715,0.0,-0.3699999999996635,1.0199999999997544,253620,1,253620,253619,0.1999999999998181,19.159400000085782,0.319,0.7754545454545636,43.728487997764155,1,253620,0.0,0.0,19.25940000008569,0.2,1886.33,253620,1886.4299999999998,1886.33,0,2021-05-21 15:42:00,2021-05-21 15:42:00,2021-05-21 15:42:00,2021-05-21 15:42:00,0.0,1,0.0,1.0199999999997544,-0.29999999999972715,-1.5,0.0,5.10000000000341,0.29999999999972715,,SL_initial,15,4,London/NY,0,strong_trend,bear,low_vol,True,False,False,strong_trend/low_vol
261289,261289,1,1908.8099999999997,1908.5600000000002,1908.66,1908.66,0.01,-0.24999999999954525,0.0,-0.28999999999973625,0.5099999999997635,261289,1,261289,261288,0.1499999999996362,18.909400000086237,0.325,0.3845454545454665,19.564759112794587,1,261289,0.0,0.0,19.009400000086146,0.2,1908.66,261289,1908.7099999999998,1908.66,0,2021-05-31 05:38:00,2021-05-31 05:38:00,2021-05-31 05:38:00,2021-05-31 05:38:00,0.0,1,0.0,0.5099999999997635,-0.24999999999954525,-1.6666666666676773,0.0,3.4000000000066697,0.24999999999954525,,SL_initial,5,0,Asia,0,,,,,,,nan/nan
275130,275130,-1,1857.3400000000001,1857.6399999999999,1857.54,1857.54,0.01,-0.29999999999972715,0.0,-0.3589999999999236,0.8189999999997326,275130,1,275130,275127,0.1999999999998181,18.60940000008651,0.319,0.6522727272727334,28.675835008453515,1,275128,0.0,0.0,18.70940000008642,0.2,1857.54,275130,1857.44,1857.54,0,2021-06-14 10:30:00,2021-06-14 10:30:00,2021-06-14 10:30:00,2021-06-14 10:28:00,0.0,1,0.0,0.8189999999997326,-0.29999999999972715,-1.5,0.0,4.095000000002387,0.29999999999972715,,SL_initial,10,0,London,2,,,,,,,nan/nan
279329,279329,-1,1807.0000000000002,1807.9289999999999,1807.22,1807.22,0.01,-0.9289999999996326,0.0,0.31100000000037653,0.8289999999997235,279329,1,279329,279327,0.2199999999997999,17.680400000086877,0.319,0.5522727272726797,44.97386049430866,1,279328,0.0,0.0,17.780400000086786,0.2,1807.22,279329,1807.1000000000001,1807.22,0,2021-06-17 11:32:00,2021-06-17 11:32:00,2021-06-17 11:32:00,2021-06-17 11:31:00,0.0,1,0.31100000000037653,0.8289999999997235,-0.9289999999996326,-4.222727272729443,1.4136363636393607,3.768181818183989,1.240000000000009,398.7138263660797,SL_initial,11,3,London,1,strong_trend,bull,mid_vol,True,False,True,strong_trend/mid_vol
298601,298601,1,1807.3099999999997,1807.0,1807.1,1807.1,0.01,-0.30999999999971806,0.0,-0.1899999999998272,0.8099999999997181,298601,1,298601,298600,0.209999999999809,17.37040000008716,0.319,0.39500000000000246,28.762400487776492,1,298601,0.0,0.0,17.470400000087068,0.2,1807.1,298601,1807.2099999999998,1807.1,0,2021-07-07 14:57:00,2021-07-07 14:57:00,2021-07-07 14:57:00,2021-07-07 14:57:00,0.0,1,0.0,0.8099999999997181,-0.30999999999971806,-1.4761904761904763,0.0,3.8571428571450226,0.30999999999971806,,SL_initial,14,2,London/NY,0,strong_trend,bear,low_vol,False,False,False,strong_trend/low_vol
298602,298602,1,1807.3199999999997,1807.0,1807.1,1807.1,0.01,-0.31999999999970896,0.0,-0.29999999999972715,0.7599999999997635,298602,1,298602,298601,0.2199999999997999,17.05040000008745,0.319,0.4054545454545384,27.555623630872933,1,298602,0.0,0.0,17.15040000008736,0.2,1807.1,298602,1807.2199999999998,1807.1,0,2021-07-07 14:58:00,2021-07-07 14:58:00,2021-07-07 14:58:00,2021-07-07 14:58:00,0.0,1,0.0,0.7599999999997635,-0.31999999999970896,-1.4545454545454546,0.0,3.4545454545475214,0.31999999999970896,,SL_initial,14,2,London/NY,0,strong_trend,bear,low_vol,False,False,False,strong_trend/low_vol
358512,358512,-1,1824.2800000000002,1824.6399999999999,1824.54,1824.54,0.01,-0.3599999999996726,0.0,-0.30999999999971806,0.5899999999996908,358512,1,358512,358511,0.25999999999976353,16.690400000087777,0.31,0.29681818181820124,49.01841933110937,1,358512,0.0,0.0,16.790400000087686,0.2,1824.54,358512,1824.38,1824.54,0,2021-09-07 06:23:00,2021-09-07 06:23:00,2021-09-07 06:23:00,2021-09-07 06:23:00,0.0,1,0.0,0.5899999999996908,-0.3599999999996726,-1.3846153846153846,0.0,2.2692307692316436,0.3599999999996726,,SL_initial,6,1,Asia,0,weak_trend,bear,low_vol,False,False,False,weak_trend/low_vol
361644,361644,1,1794.9699999999998,1794.6200000000001,1794.72,1794.72,0.01,-0.3499999999996817,0.0,-0.16999999999984539,0.459999999999809,361644,1,361644,361643,0.24999999999977263,16.340400000088096,0.319,0.34090909090910126,21.91162740751174,1,361644,0.0,0.0,16.440400000088005,0.2,1794.72,361644,1794.87,1794.72,0,2021-09-09 12:37:00,2021-09-09 12:37:00,2021-09-09 12:37:00,2021-09-09 12:37:00,0.0,1,0.0,0.459999999999809,-0.3499999999996817,-1.4,0.0,1.8400000000009096,0.3499999999996817,,SL_initial,12,3,London,0,weak_trend,bear,low_vol,False,False,False,weak_trend/low_vol
361648,361648,1,1794.9399999999998,1794.6200000000001,1794.72,1794.72,0.01,-0.31999999999970896,0.0,-0.33999999999991815,0.6499999999998636,361648,1,361648,361647,0.2199999999997999,16.020400000088387,0.319,0.3331818181818252,18.11236280310814,1,361648,0.0,0.0,16.120400000088296,0.2,1794.72,361648,1794.84,1794.72,0,2021-09-09 12:41:00,2021-09-09 12:41:00,2021-09-09 12:41:00,2021-09-09 12:41:00,0.0,1,0.0,0.6499999999998636,-0.31999999999970896,-1.4545454545454546,0.0,2.9545454545475214,0.31999999999970896,,SL_initial,12,3,London,0,weak_trend,bear,low_vol,False,False,False,weak_trend/low_vol
364406,364406,-1,1788.3200000000002,1788.6599999999999,1788.56,1788.56,0.01,-0.33999999999969077,0.0,-0.4089999999998781,0.5989999999997053,364406,1,364406,364405,0.23999999999978172,15.680400000088696,0.319,0.3372727272726996,23.73440767161308,1,364406,0.0,0.0,15.780400000088605,0.2,1788.56,364406,1788.42,1788.56,0,2021-09-13 12:41:00,2021-09-13 12:41:00,2021-09-13 12:41:00,2021-09-13 12:41:00,0.0,1,0.0,0.5989999999997053,-0.33999999999969077,-1.4166666666666667,0.0,2.4958333333343754,0.33999999999969077,,SL_initial,12,0,London,0,,,,,,,nan/nan
376149,376149,-1,1743.7400000000002,1744.09,1743.99,1743.99,0.01,-0.3499999999996817,0.0,-0.3549999999997908,0.584999999999809,376149,1,376149,376146,0.24999999999977263,15.330400000089014,0.355,0.1804545454545777,42.16124177574462,1,376147,0.0,0.0,15.430400000088923,0.2,1743.99,376149,1743.8400000000001,1743.99,0,2021-09-24 01:33:00,2021-09-24 01:33:00,2021-09-24 01:33:00,2021-09-24 01:31:00,0.0,1,0.0,0.584999999999809,-0.3499999999996817,-1.4,0.0,2.340000000001364,0.3499999999996817,,SL_initial,1,4,Asia,2,weak_trend,bear,mid_vol,True,False,False,weak_trend/mid_vol
398030,398030,-1,1767.5200000000002,1767.86,1767.76,1767.76,0.01,-0.33999999999969077,0.0,-0.24899999999979627,0.5389999999997599,398030,1,398030,398029,0.23999999999978172,14.990400000089323,0.319,0.2181818181818058,26.921736202850116,1,398030,0.0,0.0,15.090400000089232,0.2,1767.76,398030,1767.6200000000001,1767.76,0,2021-10-15 21:31:00,2021-10-15 21:31:00,2021-10-15 21:31:00,2021-10-15 21:31:00,0.0,1,0.0,0.5389999999997599,-0.33999999999969077,-1.4166666666666667,0.0,2.2458333333343754,0.33999999999969077,,SL_initial,21,4,NewYork,0,weak_trend,bear,low_vol,True,False,False,weak_trend/low_vol
400304,400304,-1,1778.9500000000003,1779.569,1779.17,1779.17,0.01,-0.6189999999996871,0.0,0.261000000000422,0.5189999999997781,400304,1,400304,400303,0.2199999999997999,14.371400000089636,0.319,0.35954545454543757,24.992743492158326,1,400304,0.0,0.0,14.471400000089545,0.2,1779.17,400304,1779.0500000000002,1779.17,0,2021-10-19 13:30:00,2021-10-19 13:30:00,2021-10-19 13:30:00,2021-10-19 13:30:00,0.0,1,0.261000000000422,0.5189999999997781,-0.6189999999996871,-2.8136363636375004,1.1863636363666337,2.3590909090920458,0.8800000000001091,337.1647509573511,SL_initial,13,1,London/NY,0,weak_trend,bear,low_vol,False,False,False,weak_trend/low_vol
405875,405875,1,1801.5599999999997,1801.22,1801.32,1801.32,0.01,-0.33999999999969077,0.0,-0.30999999999971806,0.6599999999996271,405875,1,405875,405874,0.23999999999978172,14.031400000089945,0.319,0.3181818181818182,30.823302906803804,1,405875,0.0,0.0,14.131400000089855,0.2,1801.32,405875,1801.4599999999998,1801.32,0,2021-10-25 14:25:00,2021-10-25 14:25:00,2021-10-25 14:25:00,2021-10-25 14:25:00,0.0,1,0.0,0.6599999999996271,-0.33999999999969077,-1.4166666666666667,0.0,2.7500000000009472,0.33999999999969077,,SL_initial,14,0,London/NY,0,,,,,,,nan/nan
410581,410581,-1,1798.5200000000002,1798.83,1798.73,1798.73,0.01,-0.30999999999971806,0.0,-0.391999999999598,0.5919999999996435,410581,1,410581,410580,0.209999999999809,13.721400000090227,0.302,0.16318181818184546,15.429700606514922,1,410581,0.0,0.0,13.821400000090136,0.2,1798.73,410581,1798.6200000000001,1798.73,0,2021-10-28 23:55:00,2021-10-28 23:55:00,2021-10-28 23:55:00,2021-10-28 23:55:00,0.0,1,0.0,0.5919999999996435,-0.30999999999971806,-1.4761904761904763,0.0,2.819047619048485,0.30999999999971806,,SL_initial,23,3,Sydney,0,strong_trend,bear,low_vol,False,False,False,strong_trend/low_vol
485809,485809,-1,1814.3500000000001,1814.6799999999998,1814.58,1814.58,0.01,-0.32999999999969987,0.0,-0.3309999999996762,0.7309999999997672,485809,1,485809,485808,0.22999999999979082,13.391400000090528,0.331,0.4495454545454384,28.938450500630996,1,485809,0.0,0.0,13.491400000090437,0.2,1814.58,485809,1814.45,1814.58,0,2022-01-17 03:12:00,2022-01-17 03:12:00,2022-01-17 03:12:00,2022-01-17 03:12:00,0.0,1,0.0,0.7309999999997672,-0.32999999999969987,-1.434782608695652,0.0,3.1782608695670955,0.32999999999969987,,SL_initial,3,0,Asia,0,,,,,,,nan/nan
489954,489954,-1,1838.64,1838.9499999999998,1838.85,1838.85,0.01,-0.30999999999971806,0.0,-0.4249999999999545,0.5950000000000273,489954,1,489954,489951,0.209999999999809,13.08140000009081,0.325,0.23545454545452768,32.54793616030594,1,489952,0.0,0.0,13.181400000090719,0.2,1838.85,489954,1838.74,1838.85,0,2022-01-20 07:20:00,2022-01-20 07:20:00,2022-01-20 07:20:00,2022-01-20 07:18:00,0.0,1,0.0,0.5950000000000273,-0.30999999999971806,-1.4761904761904763,0.0,2.83333333333604,0.30999999999971806,,SL_initial,7,3,Asia,2,weak_trend,bull,low_vol,True,False,False,weak_trend/low_vol
493035,493035,-1,1838.3000000000002,1838.9789999999998,1838.5,1838.5,0.01,-0.6789999999996326,0.0,-0.10899999999969623,0.778999999999769,493035,1,493035,493034,0.1999999999998181,12.402400000091177,0.319,0.5881818181818,34.71935452389089,1,493035,0.0,0.0,12.30240000009104,0.2,1838.5,493035,1838.4,1838.5,0,2022-01-24 12:43:00,2022-01-24 12:43:00,2022-01-24 12:43:00,2022-01-24 12:43:00,0.0,1,0.0,0.778999999999769,-0.6789999999996326,-3.3950000000012506,0.0,3.8950000000023874,0.6789999999996326,,SL_initial,12,0,London,0,,,,,,,nan/nan
506511,506511,-1,1809.4700000000003,1809.74,1809.64,1809.64,0.01,-0.26999999999975444,0.0,-0.39499999999975444,0.6349999999997635,506511,1,506511,506509,0.16999999999984539,12.132400000091422,0.325,0.1849999999999971,37.81410460348372,1,506510,0.0,0.0,12.232400000091332,0.2,1809.64,506511,1809.5700000000002,1809.64,0,2022-02-07 07:29:00,2022-02-07 07:29:00,2022-02-07 07:29:00,2022-02-07 07:28:00,0.0,1,0.0,0.6349999999997635,-0.26999999999975444,-1.588235294117647,0.0,3.7352941176490653,0.26999999999975444,,SL_initial,7,0,Asia,1,,,,,,,nan/nan
532758,532758,1,1938.62,1938.39,1938.49,1938.49,0.01,-0.22999999999979082,0.0,-0.209999999999809,0.8999999999998636,532758,1,532758,532757,0.12999999999988177,11.902400000091632,0.319,0.7568181818181756,35.10270594614716,1,532758,0.0,0.0,12.00240000009154,0.2,1938.49,532758,1938.52,1938.49,0,2022-03-04 10:46:00,2022-03-04 10:46:00,2022-03-04 10:46:00,2022-03-04 10:46:00,0.0,1,0.0,0.8999999999998636,-0.22999999999979082,-1.7692307692307692,0.0,6.92307692308217,0.22999999999979082,,SL_initial,10,4,London,0,strong_trend,bull,high_vol,False,False,False,strong_trend/high_vol
533991,533991,-1,1977.6000000000001,1977.83,1977.73,1977.73,0.01,-0.22999999999979082,0.0,-0.3550000000000182,1.4349999999999454,533991,1,533991,533990,0.12999999999988177,11.67240000009184,0.325,1.2831818181818706,32.80840536477647,1,533991,0.0,0.0,11.77240000009175,0.2,1977.73,533991,1977.7,1977.73,0,2022-03-07 08:20:00,2022-03-07 08:20:00,2022-03-07 08:20:00,2022-03-07 08:20:00,0.0,1,0.0,1.4349999999999454,-0.22999999999979082,-1.7692307692307692,0.0,11.038461538471157,0.22999999999979082,,SL_initial,8,0,London,0,,,,,,,nan/nan
610351,610351,-1,1865.4500000000003,1865.7099999999998,1865.61,1865.61,0.01,-0.25999999999953616,0.0,-0.3109999999996944,0.5209999999997308,610351,1,610351,610349,0.1599999999996271,11.412400000092305,0.331,0.3354545454545504,19.35669938420844,1,610350,0.0,0.0,11.512400000092214,0.2,1865.61,610351,1865.5500000000002,1865.61,0,2022-05-25 03:49:00,2022-05-25 03:49:00,2022-05-25 03:49:00,2022-05-25 03:48:00,0.0,1,0.0,0.5209999999997308,-0.25999999999953616,-1.6250000000008882,0.0,3.2562500000059065,0.25999999999953616,,SL_initial,3,2,Asia,1,strong_trend,bull,high_vol,False,False,False,strong_trend/high_vol
614649,614649,1,1858.8099999999997,1858.5900000000001,1858.69,1858.69,0.01,-0.21999999999957254,0.0,-0.27999999999974534,0.6499999999996362,614649,1,614649,614648,0.11999999999966349,11.192400000092732,0.31,0.35272727272725163,31.662336097459885,1,614649,0.0,0.0,11.292400000092641,0.2,1858.69,614649,1858.7099999999998,1858.69,0,2022-05-30 06:32:00,2022-05-30 06:32:00,2022-05-30 06:32:00,2022-05-30 06:32:00,0.0,1,0.0,0.6499999999996362,-0.21999999999957254,-1.8333333333349122,0.0,5.416666666678825,0.21999999999957254,,SL_initial,6,0,Asia,0,,,,,,,nan/nan
635657,635657,-1,1838.4400000000003,1839.079,1838.64,1838.64,0.01,-0.6389999999996689,0.0,-0.08899999999971442,0.5489999999997508,635657,1,635657,635656,0.1999999999998181,10.553400000093063,0.319,0.33772727272726527,29.02036040923212,1,635657,0.0,0.0,10.643400000092981,0.2,1838.64,635657,1838.5400000000002,1838.64,0,2022-06-20 14:25:00,2022-06-20 14:25:00,2022-06-20 14:25:00,2022-06-20 14:25:00,0.0,1,0.0,0.5489999999997508,-0.6389999999996689,-3.1950000000012504,0.0,2.7450000000012507,0.6389999999996689,,SL_initial,14,0,London/NY,0,,,,,,,nan/nan
672412,672412,1,1724.2099999999998,1723.93,1724.03,1724.03,0.01,-0.27999999999974534,0.0,-0.11999999999989086,0.6599999999998545,672412,1,672412,672411,0.1799999999998363,10.273400000093318,0.319,0.7040909090909095,37.34529780367271,1,672412,0.0,0.0,10.373400000093227,0.2,1724.03,672412,1724.11,1724.03,0,2022-07-27 11:29:00,2022-07-27 11:29:00,2022-07-27 11:29:00,2022-07-27 11:29:00,0.0,1,0.0,0.6599999999998545,-0.27999999999974534,-1.5555555555555556,0.0,3.666666666669193,0.27999999999974534,,SL_initial,11,2,London,0,strong_trend,bear,mid_vol,False,False,False,strong_trend/mid_vol
700322,700322,1,1745.6899999999998,1745.42,1745.52,1745.52,0.01,-0.26999999999975444,0.0,0.060000000000172804,0.6099999999999,700322,1,700322,700321,0.16999999999984539,10.003400000093563,0.319,0.6900000000000133,30.882491166647217,1,700322,0.0,0.0,10.103400000093472,0.2,1745.52,700322,1745.59,1745.52,0,2022-08-24 17:03:00,2022-08-24 17:03:00,2022-08-24 17:03:00,2022-08-24 17:03:00,0.0,1,0.060000000000172804,0.6099999999999,-0.26999999999975444,-1.588235294117647,0.35294117647192574,3.588235294120322,0.32999999999992724,549.9999999982947,SL_initial,17,2,NewYork,0,strong_trend,bear,low_vol,False,False,False,strong_trend/low_vol
723345,723345,1,1664.3199999999997,1663.66,1664.17,1664.17,0.01,-0.6599999999996271,0.0,0.3000000000001819,0.5999999999996817,723345,1,723345,723344,0.1499999999996362,9.343400000093936,0.319,0.7554545454545611,34.608203583613765,1,723345,0.0,0.0,9.403400000093882,0.2,1664.17,723345,1664.2199999999998,1664.17,0,2022-09-16 12:35:00,2022-09-16 12:35:00,2022-09-16 12:35:00,2022-09-16 12:35:00,0.0,1,0.3000000000001819,0.5999999999996817,-0.6599999999996271,-4.400000000008186,2.000000000006063,4.000000000007579,0.959999999999809,319.99999999974233,SL_initial,12,4,London,0,strong_trend,bear,high_vol,True,False,False,strong_trend/high_vol
728337,728337,-1,1661.65,1661.87,1661.77,1661.77,0.01,-0.2199999999997999,0.0,-0.15099999999983993,0.8609999999998763,728337,1,728337,728336,0.11999999999989086,9.123400000094136,0.331,0.6113636363636591,19.50791460258368,1,728337,0.0,0.0,9.223400000094045,0.2,1661.77,728337,1661.75,1661.77,0,2022-09-22 03:51:00,2022-09-22 03:51:00,2022-09-22 03:51:00,2022-09-22 03:51:00,0.0,1,0.0,0.8609999999998763,-0.2199999999997999,-1.8333333333333333,0.0,7.175000000005495,0.2199999999997999,,SL_initial,3,3,Asia,0,strong_trend,bear,high_vol,False,False,False,strong_trend/high_vol
828635,828635,-1,1851.38,1851.62,1851.52,1851.52,0.01,-0.23999999999978172,0.0,-0.41899999999986903,0.9389999999998508,828635,1,828635,828634,0.13999999999987267,8.883400000094355,0.319,0.4990909090908996,36.364212346224754,1,828635,0.0,0.0,8.983400000094264,0.2,1851.52,828635,1851.48,1851.52,0,2023-01-05 09:07:00,2023-01-05 09:07:00,2023-01-05 09:07:00,2023-01-05 09:07:00,0.0,1,0.0,0.9389999999998508,-0.23999999999978172,-1.7142857142857142,0.0,6.7071428571478915,0.23999999999978172,,SL_initial,9,3,London,0,strong_trend,bull,low_vol,True,False,False,strong_trend/low_vol
834940,834940,1,1877.2499999999998,1876.98,1877.08,1877.08,0.01,-0.26999999999975444,0.0,-0.1899999999998272,0.4799999999997908,834940,1,834940,834938,0.16999999999984539,8.6134000000946,0.319,0.3268181818181946,29.657626033533234,1,834939,0.0,0.0,8.71340000009451,0.2,1877.08,834940,1877.1499999999999,1877.08,0,2023-01-11 22:16:00,2023-01-11 22:16:00,2023-01-11 22:16:00,2023-01-11 22:15:00,0.0,1,0.0,0.4799999999997908,-0.26999999999975444,-1.588235294117647,0.0,2.823529411766043,0.26999999999975444,,SL_initial,22,2,Sydney,1,strong_trend,bull,mid_vol,True,False,False,strong_trend/mid_vol
1035439,1035439,-1,1936.7200000000003,1937.0,1936.9,1936.9,0.01,-0.27999999999974534,0.0,-0.39899999999965985,0.6989999999996144,1035439,1,1035439,1035436,0.1799999999998363,8.333400000094855,0.319,0.32363636363634835,20.299730929795146,1,1035437,0.0,0.0,8.433400000094764,0.2,1936.9,1035439,1936.8200000000002,1936.9,0,2023-08-07 10:27:00,2023-08-07 10:27:00,2023-08-07 10:27:00,2023-08-07 10:25:00,0.0,1,0.0,0.6989999999996144,-0.27999999999974534,-1.5555555555555556,0.0,3.883333333334723,0.27999999999974534,,SL_initial,10,0,London,2,,,,,,,nan/nan
1036463,1036463,-1,1933.3000000000002,1933.56,1933.46,1933.46,0.01,-0.25999999999976353,0.0,-0.4179999999998927,0.6779999999998836,1036463,1,1036463,1036462,0.15999999999985448,8.073400000095091,0.33799999999999997,0.3977272727272624,35.56721665712591,1,1036463,0.0,0.0,8.173400000095,0.2,1933.46,1036463,1933.4,1933.46,0,2023-08-08 04:33:00,2023-08-08 04:33:00,2023-08-08 04:33:00,2023-08-08 04:33:00,0.0,1,0.0,0.6779999999998836,-0.25999999999976353,-1.625,0.0,4.237500000003126,0.25999999999976353,,SL_initial,4,1,Asia,0,range,bull,low_vol,False,False,False,range/low_vol
1082667,1082667,-1,1925.5000000000002,1925.78,1925.68,1925.68,0.01,-0.27999999999974534,0.0,-0.3389999999997144,0.5989999999997053,1082667,1,1082667,1082666,0.1799999999998363,7.793400000095346,0.319,0.1745454545454508,41.262541305791295,1,1082667,0.0,0.0,7.893400000095255,0.2,1925.68,1082667,1925.6000000000001,1925.68,0,2023-09-22 20:29:00,2023-09-22 20:29:00,2023-09-22 20:29:00,2023-09-22 20:29:00,0.0,1,0.0,0.5989999999997053,-0.27999999999974534,-1.5555555555555556,0.0,3.3277777777791675,0.27999999999974534,,SL_initial,20,4,NewYork,0,weak_trend,bull,low_vol,False,False,False,weak_trend/low_vol
1090113,1090113,-1,1843.88,1844.1,1844.0,1844.0,0.01,-0.2199999999997999,0.0,-0.29399999999986903,0.5139999999998963,1090113,1,1090113,1090111,0.11999999999989086,7.573400000095546,0.334,0.16136363636364462,33.74361291768659,1,1090112,0.0,0.0,7.673400000095455,0.2,1844.0,1090113,1843.98,1844.0,0,2023-10-02 06:48:00,2023-10-02 06:48:00,2023-10-02 06:48:00,2023-10-02 06:47:00,0.0,1,0.0,0.5139999999998963,-0.2199999999997999,-1.8333333333333333,0.0,4.283333333336365,0.2199999999997999,,SL_initial,6,0,Asia,1,,,,,,,nan/nan
1136463,1136463,1,1985.5199999999998,1985.3000000000002,1985.4,1985.4,0.01,-0.21999999999957254,0.0,-0.4199999999998454,0.9799999999997908,1136463,1,1136463,1136462,0.11999999999966349,7.353400000095974,0.344,0.46954545454543056,53.5182603731551,1,1136463,0.0,0.0,7.453400000095883,0.2,1985.4,1136463,1985.4199999999998,1985.4,0,2023-11-17 03:09:00,2023-11-17 03:09:00,2023-11-17 03:09:00,2023-11-17 03:09:00,0.0,1,0.0,0.9799999999997908,-0.21999999999957254,-1.8333333333349122,0.0,8.166666666687824,0.21999999999957254,,SL_initial,3,4,Asia,0,weak_trend,bull,mid_vol,False,False,False,weak_trend/mid_vol
1155130,1155130,-1,2026.0000000000002,2026.2199999999998,2026.12,2026.12,0.01,-0.21999999999957254,0.0,-0.3569999999997435,0.6869999999996708,1155130,1,1155130,1155126,0.11999999999966349,7.133400000096401,0.327,0.20681818181814873,23.23131308507187,1,1155127,0.0,0.0,7.23340000009631,0.2,2026.12,1155130,2026.1000000000001,2026.12,0,2023-12-06 23:17:00,2023-12-06 23:17:00,2023-12-06 23:17:00,2023-12-06 23:14:00,0.0,1,0.0,0.6869999999996708,-0.21999999999957254,-1.8333333333349122,0.0,5.725000000013311,0.21999999999957254,,SL_initial,23,2,Sydney,3,strong_trend,bull,high_vol,False,False,False,strong_trend/high_vol
1229874,1229874,-1,2020.7400000000002,2020.9599999999998,2020.86,2020.86,0.01,-0.21999999999957254,0.0,-0.2969999999997981,0.7169999999996435,1229874,1,1229874,1229873,0.11999999999966349,6.9134000000968285,0.35700000000000004,0.41681818181816443,27.325145325340806,1,1229874,0.0,0.0,7.013400000096738,0.2,2020.86,1229874,2020.8400000000001,2020.86,0,2024-02-23 10:18:00,2024-02-23 10:18:00,2024-02-23 10:18:00,2024-02-23 10:18:00,0.0,1,0.0,0.7169999999996435,-0.21999999999957254,-1.8333333333349122,0.0,5.975000000013784,0.21999999999957254,,SL_initial,10,4,London,0,weak_trend,bull,low_vol,False,False,False,weak_trend/low_vol
1366550,1366550,1,2408.66,2408.03,2408.52,2408.52,0.01,-0.6299999999996544,0.0,0.05999999999994543,0.7699999999999818,1366550,1,1366550,1366549,0.13999999999987267,6.283400000097174,0.35700000000000004,0.4981818181818612,30.993923215517416,1,1366550,0.0,0.0,6.143400000096847,0.2,2408.52,1366550,2408.56,2408.52,0,2024-07-15 11:31:00,2024-07-15 11:31:00,2024-07-15 11:31:00,2024-07-15 11:31:00,0.0,1,0.05999999999994543,0.7699999999999818,-0.6299999999996544,-4.5000000000016245,0.42857142857142855,5.5000000000048725,0.6899999999995998,1150.000000000379,SL_initial,11,0,London,0,,,,,,,nan/nan
1382239,1382239,1,2403.62,2403.38,2403.48,2403.48,0.01,-0.23999999999978172,0.0,0.40000000000009095,1.0799999999999272,1382239,1,1382239,1382238,0.13999999999987267,6.043400000097392,0.35700000000000004,1.9918181818182306,31.619660189404208,1,1382239,0.0,0.0,6.1434000000973015,0.2,2403.48,1382239,2403.52,2403.48,0,2024-07-30 20:11:00,2024-07-30 20:11:00,2024-07-30 20:11:00,2024-07-30 20:11:00,0.0,1,0.40000000000009095,1.0799999999999272,-0.23999999999978172,-1.7142857142857142,2.8571428571461053,7.7142857142922105,0.6399999999998727,159.9999999999318,SL_initial,20,1,NewYork,0,strong_trend,bull,high_vol,False,False,False,strong_trend/high_vol
1455641,1455641,1,2654.68,2653.96,2654.52,2654.52,0.01,-0.7199999999997999,0.0,0.1000000000003638,1.1199999999998909,1455641,1,1455641,1455640,0.15999999999985448,5.3234000000975925,0.359,0.8209090909091298,40.06395744857476,1,1455641,0.0,0.0,4.923400000097502,0.2,2654.52,1455641,2654.58,2654.52,0,2024-10-14 06:07:00,2024-10-14 06:07:00,2024-10-14 06:07:00,2024-10-14 06:07:00,0.0,1,0.1000000000003638,1.1199999999998909,-0.7199999999997999,-4.500000000002842,0.6250000000028422,7.000000000005684,0.8200000000001637,819.9999999971806,SL_initial,6,0,Asia,0,,,,,,,nan/nan
1659856,1659856,-1,3181.0800000000004,3181.3199999999997,3181.22,3181.22,0.01,-0.23999999999932697,0.0,-0.3099999999994907,1.1199999999994361,1659856,1,1659856,1659854,0.13999999999941792,5.0834000000982655,0.37,1.2049999999999685,18.40855887791559,1,1659855,0.0,0.0,5.183400000098175,0.2,3181.22,1659856,3181.1800000000003,3181.22,0,2025-05-14 19:33:00,2025-05-14 19:33:00,2025-05-14 19:33:00,2025-05-14 19:32:00,0.0,1,0.0,1.1199999999994361,-0.23999999999932697,-1.7142857142880343,0.0,8.000000000029234,0.23999999999932697,,SL_initial,19,2,NewYork,1,weak_trend,bull,high_vol,False,False,False,weak_trend/high_vol
1866918,1866918,-1,4269.44,4270.882,4269.58,4269.58,0.01,-1.4420000000000073,0.0,1.0079999999998108,1.3419999999996435,1866918,1,1866918,1866917,0.14000000000032742,3.6414000000982583,0.38200000000000006,1.9499999999999835,37.2109529518822,1,1866918,0.0,0.0,3.741400000098622,0.2,4269.58,1866918,4269.54,4269.58,0,2025-12-11 22:16:00,2025-12-11 22:16:00,2025-12-11 22:16:00,2025-12-11 22:16:00,0.0,1,1.0079999999998108,1.3419999999996435,-1.4420000000000073,-10.299999999975963,7.19999999998181,9.58571428568932,2.449999999999818,243.0555555555831,SL_initial,22,3,Sydney,0,strong_trend,bull,mid_vol,False,False,False,strong_trend/mid_vol
