experiment_id,date,instrument,timeframe,config,parameters,filters,data_period,scenario,trades,win_rate,pf,expectancy_usd,expectancy_r,net_usd,net_r,max_dd_usd,sharpe_m,train_net_usd,val_net_usd,oos_net_usd,oos_pf,verdict,decision,reason
BASE-btcusd-002,2026-09-28,btcusd,1m,ASIS,"{""be_enable"": true, ""be_offset_pts"": 10, ""be_trigger_pts"": 500, ""entry_buffer_pts"": 10, ""fast"": 18, ""ma_exit"": true, ""prot_start_mode"": 1, ""prot_start_pts"": 500, ""protection"": 1, ""swing_buffer_pts"": 50, ""swing_search"": 100, ""swing_strength"": 2, ""thr_mode"": 0, ""trend"": 200, ""use_sl_pct"": false, ""use_volume"": true}",none,2021-09-01..2026-09-26,B,76068,4.6,0.182,-0.4952,-0.5592,-37670.95,-42541.0,37670.95,-5.68,-23939.05,-8001.57,-5730.33,0.328,negative,baseline,"negative: net -37670.95 USD/0.01 lot, PF 0.182, OOS -5730.33"
BASE-btcusd-005,2026-09-28,btcusd,3m,ASIS,"{""be_enable"": true, ""be_offset_pts"": 10, ""be_trigger_pts"": 500, ""entry_buffer_pts"": 10, ""fast"": 18, ""ma_exit"": true, ""prot_start_mode"": 1, ""prot_start_pts"": 500, ""protection"": 1, ""swing_buffer_pts"": 50, ""swing_search"": 100, ""swing_strength"": 2, ""thr_mode"": 0, ""trend"": 200, ""use_sl_pct"": false, ""use_volume"": true}",none,2021-09-01..2026-09-26,B,31777,4.7,0.289,-0.4439,-0.2873,-14106.75,-9131.0,14106.84,-6.17,-8530.94,-3069.53,-2506.28,0.4,negative,baseline,"negative: net -14106.75 USD/0.01 lot, PF 0.289, OOS -2506.28"
BASE-btcusd-008,2026-09-28,btcusd,5m,ASIS,"{""be_enable"": true, ""be_offset_pts"": 10, ""be_trigger_pts"": 500, ""entry_buffer_pts"": 10, ""fast"": 18, ""ma_exit"": true, ""prot_start_mode"": 1, ""prot_start_pts"": 500, ""protection"": 1, ""swing_buffer_pts"": 50, ""swing_search"": 100, ""swing_strength"": 2, ""thr_mode"": 0, ""trend"": 200, ""use_sl_pct"": false, ""use_volume"": true}",none,2021-09-01..2026-09-26,B,21835,4.3,0.322,-0.4302,-0.2066,-9393.6,-4510.14,9393.6,-5.73,-5863.07,-2134.86,-1395.66,0.504,negative,baseline,"negative: net -9393.6 USD/0.01 lot, PF 0.322, OOS -1395.66"
BASE-btcusd-011,2026-09-28,btcusd,10m,ASIS,"{""be_enable"": true, ""be_offset_pts"": 10, ""be_trigger_pts"": 500, ""entry_buffer_pts"": 10, ""fast"": 18, ""ma_exit"": true, ""prot_start_mode"": 1, ""prot_start_pts"": 500, ""protection"": 1, ""swing_buffer_pts"": 50, ""swing_search"": 100, ""swing_strength"": 2, ""thr_mode"": 0, ""trend"": 200, ""use_sl_pct"": false, ""use_volume"": true}",none,2021-09-01..2026-09-26,B,12793,4.0,0.398,-0.3849,-0.1296,-4923.9,-1657.42,4952.31,-4.38,-3147.8,-1045.84,-730.26,0.549,negative,baseline,"negative: net -4923.9 USD/0.01 lot, PF 0.398, OOS -730.26"
BASE-btcusd-014,2026-09-28,btcusd,15m,ASIS,"{""be_enable"": true, ""be_offset_pts"": 10, ""be_trigger_pts"": 500, ""entry_buffer_pts"": 10, ""fast"": 18, ""ma_exit"": true, ""prot_start_mode"": 1, ""prot_start_pts"": 500, ""protection"": 1, ""swing_buffer_pts"": 50, ""swing_search"": 100, ""swing_strength"": 2, ""thr_mode"": 0, ""trend"": 200, ""use_sl_pct"": false, ""use_volume"": true}",none,2021-09-01..2026-09-26,B,9178,3.7,0.429,-0.3782,-0.1046,-3470.67,-960.38,3515.13,-3.92,-2173.63,-896.26,-400.79,0.673,negative,baseline,"negative: net -3470.67 USD/0.01 lot, PF 0.429, OOS -400.79"
BASE-btcusd-017,2026-09-28,btcusd,30m,ASIS,"{""be_enable"": true, ""be_offset_pts"": 10, ""be_trigger_pts"": 500, ""entry_buffer_pts"": 10, ""fast"": 18, ""ma_exit"": true, ""prot_start_mode"": 1, ""prot_start_pts"": 500, ""protection"": 1, ""swing_buffer_pts"": 50, ""swing_search"": 100, ""swing_strength"": 2, ""thr_mode"": 0, ""trend"": 200, ""use_sl_pct"": false, ""use_volume"": true}",none,2021-09-01..2026-09-26,B,5186,3.6,0.533,-0.3039,-0.0676,-1575.89,-350.72,1585.03,-2.7,-960.77,-374.1,-241.02,0.643,negative,baseline,"negative: net -1575.89 USD/0.01 lot, PF 0.533, OOS -241.02"
BASE-btcusd-020,2026-09-28,btcusd,1h,ASIS,"{""be_enable"": true, ""be_offset_pts"": 10, ""be_trigger_pts"": 500, ""entry_buffer_pts"": 10, ""fast"": 18, ""ma_exit"": true, ""prot_start_mode"": 1, ""prot_start_pts"": 500, ""protection"": 1, ""swing_buffer_pts"": 50, ""swing_search"": 100, ""swing_strength"": 2, ""thr_mode"": 0, ""trend"": 200, ""use_sl_pct"": false, ""use_volume"": true}",none,2021-09-01..2026-09-26,B,2815,3.6,0.662,-0.2428,-0.0306,-683.36,-86.18,728.37,-1.35,-480.89,-171.38,-31.08,0.91,negative,baseline,"negative: net -683.36 USD/0.01 lot, PF 0.662, OOS -31.08"
BASE-btcusd-023,2026-09-28,btcusd,2h,ASIS,"{""be_enable"": true, ""be_offset_pts"": 10, ""be_trigger_pts"": 500, ""entry_buffer_pts"": 10, ""fast"": 18, ""ma_exit"": true, ""prot_start_mode"": 1, ""prot_start_pts"": 500, ""protection"": 1, ""swing_buffer_pts"": 50, ""swing_search"": 100, ""swing_strength"": 2, ""thr_mode"": 0, ""trend"": 200, ""use_sl_pct"": false, ""use_volume"": true}",none,2021-09-01..2026-09-26,B,1549,3.2,0.994,-0.0033,0.0002,-5.04,0.3,184.03,-0.01,95.85,82.94,-183.83,0.281,negative,baseline,"negative: net -5.04 USD/0.01 lot, PF 0.994, OOS -183.83"
BASE-btcusd-026,2026-09-28,btcusd,4h,ASIS,"{""be_enable"": true, ""be_offset_pts"": 10, ""be_trigger_pts"": 500, ""entry_buffer_pts"": 10, ""fast"": 18, ""ma_exit"": true, ""prot_start_mode"": 1, ""prot_start_pts"": 500, ""protection"": 1, ""swing_buffer_pts"": 50, ""swing_search"": 100, ""swing_strength"": 2, ""thr_mode"": 0, ""trend"": 200, ""use_sl_pct"": false, ""use_volume"": true}",none,2021-09-01..2026-09-26,B,806,2.9,1.245,0.1694,0.0217,136.53,17.51,141.23,0.32,147.98,26.19,-37.63,0.747,unstable,baseline,"unstable: net 136.53 USD/0.01 lot, PF 1.245, OOS -37.63"
BASE-btcusd-029,2026-09-28,btcusd,D1,ASIS,"{""be_enable"": true, ""be_offset_pts"": 10, ""be_trigger_pts"": 500, ""entry_buffer_pts"": 10, ""fast"": 18, ""ma_exit"": true, ""prot_start_mode"": 1, ""prot_start_pts"": 500, ""protection"": 1, ""swing_buffer_pts"": 50, ""swing_search"": 100, ""swing_strength"": 2, ""thr_mode"": 0, ""trend"": 200, ""use_sl_pct"": false, ""use_volume"": true}",none,2021-09-01..2026-09-26,B,144,2.8,2.338,0.8745,0.0387,125.93,5.58,60.56,0.38,169.81,-41.26,-2.62,0.0,unstable,baseline,"unstable: net 125.93 USD/0.01 lot, PF 2.338, OOS -2.62"
BASE-btcusd-032,2026-09-28,btcusd,1m,FINAL_H4,"{""atr_period"": 22, ""be_enable"": true, ""be_offset_pts"": 10, ""be_trigger_pts"": 200, ""entry_buffer_pts"": 0, ""fast"": 18, ""ma_exit"": true, ""prot_start_mode"": 0, ""prot_start_pts"": 0, ""protection"": 4, ""swing_search"": 100, ""swing_strength"": 2, ""thr_mode"": 1, ""trail_dist_pts"": 50, ""trail_start_pts"": 500, ""trail_step_pts"": 10, ""trend"": 200, ""use_sl_pct"": false, ""use_volume"": true}",none,2021-09-01..2026-09-26,B,64691,10.9,0.339,-0.5266,-0.6027,-34063.77,-38990.09,34063.77,-5.76,-21452.3,-7235.44,-5376.03,0.5,negative,baseline,"negative: net -34063.77 USD/0.01 lot, PF 0.339, OOS -5376.03"
BASE-btcusd-035,2026-09-28,btcusd,3m,FINAL_H4,"{""atr_period"": 22, ""be_enable"": true, ""be_offset_pts"": 10, ""be_trigger_pts"": 200, ""entry_buffer_pts"": 0, ""fast"": 18, ""ma_exit"": true, ""prot_start_mode"": 0, ""prot_start_pts"": 0, ""protection"": 4, ""swing_search"": 100, ""swing_strength"": 2, ""thr_mode"": 1, ""trail_dist_pts"": 50, ""trail_start_pts"": 500, ""trail_step_pts"": 10, ""trend"": 200, ""use_sl_pct"": false, ""use_volume"": true}",none,2021-09-01..2026-09-26,B,23116,15.6,0.526,-0.5307,-0.3537,-12267.59,-8175.86,12270.4,-6.52,-7122.73,-3052.57,-2092.29,0.654,negative,baseline,"negative: net -12267.59 USD/0.01 lot, PF 0.526, OOS -2092.29"
BASE-btcusd-038,2026-09-28,btcusd,5m,FINAL_H4,"{""atr_period"": 22, ""be_enable"": true, ""be_offset_pts"": 10, ""be_trigger_pts"": 200, ""entry_buffer_pts"": 0, ""fast"": 18, ""ma_exit"": true, ""prot_start_mode"": 0, ""prot_start_pts"": 0, ""protection"": 4, ""swing_search"": 100, ""swing_strength"": 2, ""thr_mode"": 1, ""trail_dist_pts"": 50, ""trail_start_pts"": 500, ""trail_step_pts"": 10, ""trend"": 200, ""use_sl_pct"": false, ""use_volume"": true}",none,2021-09-01..2026-09-26,B,14642,17.5,0.591,-0.5485,-0.2702,-8031.12,-3956.05,8031.12,-5.85,-4857.85,-2035.31,-1137.96,0.754,negative,baseline,"negative: net -8031.12 USD/0.01 lot, PF 0.591, OOS -1137.96"
BASE-btcusd-041,2026-09-28,btcusd,10m,FINAL_H4,"{""atr_period"": 22, ""be_enable"": true, ""be_offset_pts"": 10, ""be_trigger_pts"": 200, ""entry_buffer_pts"": 0, ""fast"": 18, ""ma_exit"": true, ""prot_start_mode"": 0, ""prot_start_pts"": 0, ""protection"": 4, ""swing_search"": 100, ""swing_strength"": 2, ""thr_mode"": 1, ""trail_dist_pts"": 50, ""trail_start_pts"": 500, ""trail_step_pts"": 10, ""trend"": 200, ""use_sl_pct"": false, ""use_volume"": true}",none,2021-09-01..2026-09-26,B,7746,19.8,0.677,-0.5575,-0.186,-4318.76,-1440.37,4332.15,-4.69,-2565.47,-905.94,-847.36,0.739,negative,baseline,"negative: net -4318.76 USD/0.01 lot, PF 0.677, OOS -847.36"
BASE-btcusd-044,2026-09-28,btcusd,15m,FINAL_H4,"{""atr_period"": 22, ""be_enable"": true, ""be_offset_pts"": 10, ""be_trigger_pts"": 200, ""entry_buffer_pts"": 0, ""fast"": 18, ""ma_exit"": true, ""prot_start_mode"": 0, ""prot_start_pts"": 0, ""protection"": 4, ""swing_search"": 100, ""swing_strength"": 2, ""thr_mode"": 1, ""trail_dist_pts"": 50, ""trail_start_pts"": 500, ""trail_step_pts"": 10, ""trend"": 200, ""use_sl_pct"": false, ""use_volume"": true}",none,2021-09-01..2026-09-26,B,5299,20.5,0.696,-0.6139,-0.1485,-3253.19,-787.04,3320.07,-3.73,-1894.19,-899.67,-459.34,0.827,negative,baseline,"negative: net -3253.19 USD/0.01 lot, PF 0.696, OOS -459.34"
BASE-btcusd-047,2026-09-28,btcusd,30m,FINAL_H4,"{""atr_period"": 22, ""be_enable"": true, ""be_offset_pts"": 10, ""be_trigger_pts"": 200, ""entry_buffer_pts"": 0, ""fast"": 18, ""ma_exit"": true, ""prot_start_mode"": 0, ""prot_start_pts"": 0, ""protection"": 4, ""swing_search"": 100, ""swing_strength"": 2, ""thr_mode"": 1, ""trail_dist_pts"": 50, ""trail_start_pts"": 500, ""trail_step_pts"": 10, ""trend"": 200, ""use_sl_pct"": false, ""use_volume"": true}",none,2021-09-01..2026-09-26,B,2783,20.9,0.802,-0.5049,-0.113,-1405.08,-314.45,1438.27,-1.78,-844.89,-461.24,-98.96,0.944,negative,baseline,"negative: net -1405.08 USD/0.01 lot, PF 0.802, OOS -98.96"
BASE-btcusd-050,2026-09-28,btcusd,1h,FINAL_H4,"{""atr_period"": 22, ""be_enable"": true, ""be_offset_pts"": 10, ""be_trigger_pts"": 200, ""entry_buffer_pts"": 0, ""fast"": 18, ""ma_exit"": true, ""prot_start_mode"": 0, ""prot_start_pts"": 0, ""protection"": 4, ""swing_search"": 100, ""swing_strength"": 2, ""thr_mode"": 1, ""trail_dist_pts"": 50, ""trail_start_pts"": 500, ""trail_step_pts"": 10, ""trend"": 200, ""use_sl_pct"": false, ""use_volume"": true}",none,2021-09-01..2026-09-26,B,1406,23.8,0.811,-0.7036,-0.0605,-989.32,-85.05,1107.47,-1.13,-502.31,-528.32,41.32,1.033,negative,baseline,"negative: net -989.32 USD/0.01 lot, PF 0.811, OOS 41.32"
BASE-btcusd-053,2026-09-28,btcusd,2h,FINAL_H4,"{""atr_period"": 22, ""be_enable"": true, ""be_offset_pts"": 10, ""be_trigger_pts"": 200, ""entry_buffer_pts"": 0, ""fast"": 18, ""ma_exit"": true, ""prot_start_mode"": 0, ""prot_start_pts"": 0, ""protection"": 4, ""swing_search"": 100, ""swing_strength"": 2, ""thr_mode"": 1, ""trail_dist_pts"": 50, ""trail_start_pts"": 500, ""trail_step_pts"": 10, ""trend"": 200, ""use_sl_pct"": false, ""use_volume"": true}",none,2021-09-01..2026-09-26,B,733,26.2,0.944,-0.2795,0.0174,-204.85,12.77,461.67,-0.31,-179.28,-121.51,95.94,1.108,negative,baseline,"negative: net -204.85 USD/0.01 lot, PF 0.944, OOS 95.94"
BASE-btcusd-056,2026-09-28,btcusd,4h,FINAL_H4,"{""atr_period"": 22, ""be_enable"": true, ""be_offset_pts"": 10, ""be_trigger_pts"": 200, ""entry_buffer_pts"": 0, ""fast"": 18, ""ma_exit"": true, ""prot_start_mode"": 0, ""prot_start_pts"": 0, ""protection"": 4, ""swing_search"": 100, ""swing_strength"": 2, ""thr_mode"": 1, ""trail_dist_pts"": 50, ""trail_start_pts"": 500, ""trail_step_pts"": 10, ""trend"": 200, ""use_sl_pct"": false, ""use_volume"": true}",none,2021-09-01..2026-09-26,B,367,26.2,0.886,-0.8303,-0.0423,-304.73,-15.51,435.13,-0.36,-250.66,-11.24,-42.84,0.945,negative,baseline,"negative: net -304.73 USD/0.01 lot, PF 0.886, OOS -42.84"
BASE-btcusd-059,2026-09-28,btcusd,D1,FINAL_H4,"{""atr_period"": 22, ""be_enable"": true, ""be_offset_pts"": 10, ""be_trigger_pts"": 200, ""entry_buffer_pts"": 0, ""fast"": 18, ""ma_exit"": true, ""prot_start_mode"": 0, ""prot_start_pts"": 0, ""protection"": 4, ""swing_search"": 100, ""swing_strength"": 2, ""thr_mode"": 1, ""trail_dist_pts"": 50, ""trail_start_pts"": 500, ""trail_step_pts"": 10, ""trend"": 200, ""use_sl_pct"": false, ""use_volume"": true}",none,2021-09-01..2026-09-26,B,54,33.3,1.612,9.0253,0.1146,487.36,6.19,187.89,0.6,122.09,53.47,311.8,2.657,unstable,baseline,"unstable: net 487.36 USD/0.01 lot, PF 1.612, OOS 311.8"
SWEEP-btcusd-001,2026-09-28,btcusd,4h,ASIS,"{""fast"": [8, 10, 12, 14, 16, 18, 20, 22, 25, 30], ""trend"": [50, 100, 150, 200, 250, 300]}",none,2021-09-01..2026-09-26,B,428,,,,,,,,,,,,,,robustness map,"56/60 MA cells TRAIN-positive, 1 also VAL+OOS; WF chosen>base 2/6"
SWEEP-btcusd-002,2026-09-28,btcusd,D1,ASIS,"{""fast"": [8, 10, 12, 14, 16, 18, 20, 22, 25, 30], ""trend"": [50, 100, 150, 200, 250, 300]}",none,2021-09-01..2026-09-26,B,62,,,,,,,,,,,,,,robustness map,"60/60 MA cells TRAIN-positive, 0 also VAL+OOS; WF chosen>base 2/6"
SWEEP-btcusd-003,2026-09-28,btcusd,D1,FINAL_H4,"{""fast"": [8, 10, 12, 14, 16, 18, 20, 22, 25, 30], ""trend"": [50, 100, 150, 200, 250, 300]}",none,2021-09-01..2026-09-26,B,29,,,,,,,,,,,,,,robustness map,"24/60 MA cells TRAIN-positive, 3 also VAL+OOS; WF chosen>base 3/5"
V01-btcusd-001,2026-09-28,btcusd,4h,ASIS,"{""adx_min"": 25.0, ""be_enable"": true, ""be_offset_pts"": 10, ""be_trigger_pts"": 500, ""entry_buffer_pts"": 10, ""fast"": 18, ""gate"": null, ""ma_exit"": true, ""prot_start_mode"": 1, ""prot_start_pts"": 500, ""protection"": 1, ""swing_buffer_pts"": 50, ""swing_search"": 100, ""swing_strength"": 2, ""thr_mode"": 0, ""trend"": 200, ""use_adx"": true, ""use_sl_pct"": false, ""use_volume"": true}",ADX(14) >= 25 (EA filter),2021-09-01..2026-09-26,B,609,3.0,1.268,0.1636,0.0154,99.61,9.38,108.99,0.28,99.14,54.25,-53.78,0.379,unstable,harmful,net 99.61 vs base 136.53; OOS -53.78 vs -37.63
V02-btcusd-002,2026-09-28,btcusd,4h,ASIS,"{""adx_min"": 20.0, ""be_enable"": true, ""be_offset_pts"": 10, ""be_trigger_pts"": 500, ""entry_buffer_pts"": 10, ""fast"": 18, ""gate"": null, ""ma_exit"": true, ""prot_start_mode"": 1, ""prot_start_pts"": 500, ""protection"": 1, ""swing_buffer_pts"": 50, ""swing_search"": 100, ""swing_strength"": 2, ""thr_mode"": 0, ""trend"": 200, ""use_adx"": true, ""use_sl_pct"": false, ""use_volume"": true}",ADX(14) >= 20,2021-09-01..2026-09-26,B,730,2.9,1.169,0.1139,0.0061,83.16,4.48,109.72,0.23,124.74,12.66,-54.24,0.533,unstable,harmful,net 83.16 vs base 136.53; OOS -54.24 vs -37.63
V03-btcusd-003,2026-09-28,btcusd,4h,ASIS,"{""be_enable"": true, ""be_offset_pts"": 10, ""be_trigger_pts"": 500, ""entry_buffer_pts"": 10, ""fast"": 18, ""gate"": null, ""ma_exit"": true, ""prot_start_mode"": 1, ""prot_start_pts"": 500, ""protection"": 1, ""swing_buffer_pts"": 50, ""swing_search"": 100, ""swing_strength"": 2, ""thr_mode"": 0, ""trend"": 200, ""use_sl_pct"": false, ""use_volume"": false}",no volume filter,2021-09-01..2026-09-26,B,1163,2.6,1.049,0.0354,0.0092,41.15,10.74,222.51,0.09,82.76,58.33,-99.94,0.527,unstable,harmful,net 41.15 vs base 136.53; OOS -99.94 vs -37.63
V04-btcusd-004,2026-09-28,btcusd,4h,ASIS,"{""be_enable"": true, ""be_offset_pts"": 10, ""be_trigger_pts"": 500, ""entry_buffer_pts"": 10, ""fast"": 18, ""gate"": null, ""ma_exit"": true, ""prot_start_mode"": 1, ""prot_start_pts"": 500, ""protection"": 1, ""session_hours"": [8, 9, 10, 11, 12, 13, 14, 15, 16, 17, 18, 19, 20, 21], ""swing_buffer_pts"": 50, ""swing_search"": 100, ""swing_strength"": 2, ""thr_mode"": 0, ""trend"": 200, ""use_session"": true, ""use_sl_pct"": false, ""use_volume"": true}",entries 08:00-21:59 server (London + New York),2021-09-01..2026-09-26,B,656,2.1,1.036,0.0218,0.0254,14.31,16.64,149.31,0.04,26.4,39.04,-51.13,0.66,unstable,harmful,net 14.31 vs base 136.53; OOS -51.13 vs -37.63
V05-btcusd-005,2026-09-28,btcusd,4h,ASIS,"{""be_enable"": true, ""be_offset_pts"": 10, ""be_trigger_pts"": 500, ""entry_buffer_pts"": 10, ""fast"": 18, ""gate"": null, ""ma_exit"": true, ""prot_start_mode"": 1, ""prot_start_pts"": 500, ""protection"": 1, ""session_hours"": [13, 14, 15, 16], ""swing_buffer_pts"": 50, ""swing_search"": 100, ""swing_strength"": 2, ""thr_mode"": 0, ""trend"": 200, ""use_session"": true, ""use_sl_pct"": false, ""use_volume"": true}",entries 13:00-16:59 server (London/NY overlap),2021-09-01..2026-09-26,B,249,1.6,0.559,-0.2448,-0.0196,-60.95,-4.87,72.38,-0.56,-11.26,-30.28,-19.4,0.515,negative,harmful,net -60.95 vs base 136.53; OOS -19.4 vs -37.63
V06-btcusd-006,2026-09-28,btcusd,4h,ASIS,"{""be_enable"": true, ""be_offset_pts"": 10, ""be_trigger_pts"": 500, ""entry_buffer_pts"": 10, ""fast"": 18, ""gate"": null, ""ma_exit"": true, ""prot_start_mode"": 1, ""prot_start_pts"": 500, ""protection"": 1, ""session_hours"": [7, 8, 9, 10, 11, 12, 13, 14, 15, 16, 17, 18, 19, 20, 21, 22, 23], ""swing_buffer_pts"": 50, ""swing_search"": 100, ""swing_strength"": 2, ""thr_mode"": 0, ""trend"": 200, ""use_session"": true, ""use_sl_pct"": false, ""use_volume"": true}",no entries 00:00-06:59 server (Asia),2021-09-01..2026-09-26,B,656,2.1,1.036,0.0218,0.0254,14.31,16.64,149.31,0.04,26.4,39.04,-51.13,0.66,unstable,harmful,net 14.31 vs base 136.53; OOS -51.13 vs -37.63
V07-btcusd-007,2026-09-28,btcusd,4h,ASIS,"{""be_enable"": true, ""be_offset_pts"": 10, ""be_trigger_pts"": 500, ""entry_buffer_pts"": 10, ""fast"": 18, ""gate"": [""mon_open""], ""ma_exit"": true, ""prot_start_mode"": 1, ""prot_start_pts"": 500, ""protection"": 1, ""swing_buffer_pts"": 50, ""swing_search"": 100, ""swing_strength"": 2, ""thr_mode"": 0, ""trend"": 200, ""use_sl_pct"": false, ""use_volume"": true}",no entries on Monday before 08:00 (weekend gap),2021-09-01..2026-09-26,B,752,2.9,1.494,0.3005,0.0313,225.96,23.52,99.08,0.55,154.1,73.28,-1.42,0.987,unstable,helpful,net 225.96 vs base 136.53; OOS -1.42 vs -37.63
V08-btcusd-008,2026-09-28,btcusd,4h,ASIS,"{""be_enable"": true, ""be_offset_pts"": 10, ""be_trigger_pts"": 500, ""entry_buffer_pts"": 10, ""fast"": 18, ""gate"": null, ""ma_exit"": true, ""prot_start_mode"": 1, ""prot_start_pts"": 500, ""protection"": 1, ""swing_buffer_pts"": 50, ""swing_search"": 100, ""swing_strength"": 2, ""thr_mode"": 0, ""trend"": 200, ""use_sl_pct"": false, ""use_vol_filter"": true, ""use_volume"": true, ""vol_filter_min"": 1.0}",ATR(22)/SMA100(ATR) >= 1.0,2021-09-01..2026-09-26,B,380,2.6,1.405,0.2533,0.0344,96.24,13.06,116.71,0.31,-68.6,84.38,80.45,3.21,unstable,mixed,net 96.24 vs base 136.53; OOS 80.45 vs -37.63
V09-btcusd-009,2026-09-28,btcusd,4h,ASIS,"{""be_enable"": true, ""be_offset_pts"": 10, ""be_trigger_pts"": 500, ""entry_buffer_pts"": 10, ""fast"": 18, ""gate"": null, ""ma_exit"": true, ""prot_start_mode"": 1, ""prot_start_pts"": 500, ""protection"": 1, ""swing_buffer_pts"": 50, ""swing_search"": 100, ""swing_strength"": 2, ""thr_mode"": 0, ""trend"": 200, ""use_sl_pct"": false, ""use_vol_filter"": true, ""use_volume"": true, ""vol_filter_max"": 1.5, ""vol_filter_min"": 0.0}",ATR(22)/SMA100(ATR) <= 1.5,2021-09-01..2026-09-26,B,758,2.9,1.308,0.2092,0.0212,158.54,16.07,134.75,0.37,169.05,26.51,-37.03,0.75,unstable,mixed,net 158.54 vs base 136.53; OOS -37.03 vs -37.63
V10-btcusd-010,2026-09-28,btcusd,4h,ASIS,"{""be_enable"": true, ""be_offset_pts"": 10, ""be_trigger_pts"": 500, ""entry_buffer_pts"": 10, ""fast"": 18, ""gate"": null, ""ma_exit"": true, ""prot_start_mode"": 1, ""prot_start_pts"": 500, ""protection"": 1, ""slope_filter_bars"": 3, ""swing_buffer_pts"": 50, ""swing_search"": 100, ""swing_strength"": 2, ""thr_mode"": 0, ""trend"": 200, ""use_sl_pct"": false, ""use_volume"": true}",MA18 slope filter over 3 bars,2021-09-01..2026-09-26,B,719,3.1,1.387,0.2391,0.0225,171.89,16.2,109.14,0.45,161.52,51.99,-41.62,0.441,unstable,mixed,net 171.89 vs base 136.53; OOS -41.62 vs -37.63
V11-btcusd-011,2026-09-28,btcusd,4h,ASIS,"{""be_enable"": true, ""be_offset_pts"": 10, ""be_trigger_pts"": 500, ""entry_buffer_pts"": 10, ""fast"": 18, ""gate"": null, ""ma_exit"": true, ""max_dist_atr"": 2.0, ""prot_start_mode"": 1, ""prot_start_pts"": 500, ""protection"": 1, ""swing_buffer_pts"": 50, ""swing_search"": 100, ""swing_strength"": 2, ""thr_mode"": 0, ""trend"": 200, ""use_sl_pct"": false, ""use_volume"": true}",no entry when |close - MA18| > 2 ATR,2021-09-01..2026-09-26,B,541,2.2,1.086,0.0619,0.0305,33.48,16.5,205.54,0.11,89.6,-40.79,-15.33,0.866,unstable,harmful,net 33.48 vs base 136.53; OOS -15.33 vs -37.63
V12-btcusd-012,2026-09-28,btcusd,4h,ASIS,"{""be_enable"": true, ""be_offset_pts"": 10, ""be_trigger_pts"": 500, ""entry_buffer_pts"": 10, ""fast"": 18, ""gate"": [""regime"", ""no_sideways""], ""ma_exit"": true, ""prot_start_mode"": 1, ""prot_start_pts"": 500, ""protection"": 1, ""swing_buffer_pts"": 50, ""swing_search"": 100, ""swing_strength"": 2, ""thr_mode"": 0, ""trend"": 200, ""use_sl_pct"": false, ""use_volume"": true}",trend-regime gate: no sideways days,2021-09-01..2026-09-26,B,654,2.9,1.386,0.2317,0.0283,151.55,18.48,85.69,0.43,108.26,31.38,11.92,1.12,robust,mixed,net 151.55 vs base 136.53; OOS 11.92 vs -37.63
V13-btcusd-013,2026-09-28,btcusd,4h,ASIS,"{""be_enable"": true, ""be_offset_pts"": 10, ""be_trigger_pts"": 500, ""entry_buffer_pts"": 10, ""fast"": 18, ""gate"": [""regime"", ""aligned""], ""ma_exit"": true, ""prot_start_mode"": 1, ""prot_start_pts"": 500, ""protection"": 1, ""swing_buffer_pts"": 50, ""swing_search"": 100, ""swing_strength"": 2, ""thr_mode"": 0, ""trend"": 200, ""use_sl_pct"": false, ""use_volume"": true}",regime-aligned direction,2021-09-01..2026-09-26,B,443,2.9,1.452,0.2858,0.0195,126.62,8.63,70.06,0.42,54.99,33.03,38.6,1.639,robust,mixed,net 126.62 vs base 136.53; OOS 38.6 vs -37.63
V14-btcusd-014,2026-09-28,btcusd,4h,ASIS,"{""be_enable"": true, ""be_offset_pts"": 10, ""be_trigger_pts"": 500, ""entry_buffer_pts"": 10, ""fast"": 18, ""gate"": [""dir"", 1], ""ma_exit"": true, ""prot_start_mode"": 1, ""prot_start_pts"": 500, ""protection"": 1, ""swing_buffer_pts"": 50, ""swing_search"": 100, ""swing_strength"": 2, ""thr_mode"": 0, ""trend"": 200, ""use_sl_pct"": false, ""use_volume"": true}",long only,2021-09-01..2026-09-26,B,389,3.9,1.919,0.6702,0.0727,260.72,28.28,60.95,0.77,207.66,11.69,41.37,1.838,robust,mixed,net 260.72 vs base 136.53; OOS 41.37 vs -37.63
V15-btcusd-015,2026-09-28,btcusd,4h,ASIS,"{""be_enable"": true, ""be_offset_pts"": 10, ""be_trigger_pts"": 500, ""entry_buffer_pts"": 10, ""fast"": 18, ""gate"": [""dir"", -1], ""ma_exit"": true, ""prot_start_mode"": 1, ""prot_start_pts"": 500, ""protection"": 1, ""swing_buffer_pts"": 50, ""swing_search"": 100, ""swing_strength"": 2, ""thr_mode"": 0, ""trend"": 200, ""use_sl_pct"": false, ""use_volume"": true}",short only,2021-09-01..2026-09-26,B,417,1.9,0.547,-0.2978,-0.0258,-124.18,-10.77,152.63,-0.54,-59.68,14.5,-79.0,0.207,negative,harmful,net -124.18 vs base 136.53; OOS -79.0 vs -37.63
V16-btcusd-016,2026-09-28,btcusd,4h,ASIS,"{""be_enable"": true, ""be_offset_pts"": 10, ""be_trigger_pts"": 500, ""entry_buffer_pts"": 10, ""fast"": 18, ""gate"": null, ""ma_exit"": true, ""pending_max_bars"": 3, ""prot_start_mode"": 1, ""prot_start_pts"": 500, ""protection"": 1, ""swing_buffer_pts"": 50, ""swing_search"": 100, ""swing_strength"": 2, ""thr_mode"": 0, ""trend"": 200, ""use_sl_pct"": false, ""use_volume"": true}",pending order expires after 3 bars,2021-09-01..2026-09-26,B,770,2.9,1.153,0.1121,0.0174,86.34,13.4,136.44,0.22,98.19,26.83,-38.68,0.742,unstable,harmful,net 86.34 vs base 136.53; OOS -38.68 vs -37.63
V17-btcusd-017,2026-09-28,btcusd,4h,ASIS,"{""be_enable"": true, ""be_offset_pts"": 10, ""be_trigger_pts"": 500, ""confirm_bars"": 1, ""entry_buffer_pts"": 10, ""fast"": 18, ""gate"": null, ""ma_exit"": true, ""prot_start_mode"": 1, ""prot_start_pts"": 500, ""protection"": 1, ""swing_buffer_pts"": 50, ""swing_search"": 100, ""swing_strength"": 2, ""thr_mode"": 0, ""trend"": 200, ""use_sl_pct"": false, ""use_volume"": true}",confirmation window 1 bar,2021-09-01..2026-09-26,B,981,2.9,1.215,0.1446,0.0188,141.81,18.43,151.87,0.31,163.73,43.54,-65.46,0.63,unstable,harmful,net 141.81 vs base 136.53; OOS -65.46 vs -37.63
V18-btcusd-018,2026-09-28,btcusd,4h,ASIS,"{""be_enable"": true, ""be_offset_pts"": 10, ""be_trigger_pts"": 500, ""confirm_bars"": 3, ""entry_buffer_pts"": 10, ""fast"": 18, ""gate"": null, ""ma_exit"": true, ""prot_start_mode"": 1, ""prot_start_pts"": 500, ""protection"": 1, ""swing_buffer_pts"": 50, ""swing_search"": 100, ""swing_strength"": 2, ""thr_mode"": 0, ""trend"": 200, ""use_sl_pct"": false, ""use_volume"": true}",confirmation window 3 bars,2021-09-01..2026-09-26,B,703,2.8,1.266,0.1775,0.0216,124.8,15.18,124.63,0.32,143.29,70.3,-88.78,0.27,unstable,mixed,net 124.8 vs base 136.53; OOS -88.78 vs -37.63
V19-btcusd-019,2026-09-28,btcusd,4h,ASIS,"{""be_enable"": true, ""be_offset_pts"": 10, ""be_trigger_pts"": 500, ""entry_buffer_pts"": 10, ""fast"": 18, ""gate"": [""regime"", ""vol_low_normal""], ""ma_exit"": true, ""prot_start_mode"": 1, ""prot_start_pts"": 500, ""protection"": 1, ""swing_buffer_pts"": 50, ""swing_search"": 100, ""swing_strength"": 2, ""thr_mode"": 0, ""trend"": 200, ""use_sl_pct"": false, ""use_volume"": true}",no high/extreme volatility days,2021-09-01..2026-09-26,B,595,3.0,1.167,0.1431,0.0253,85.13,15.03,134.69,0.21,95.0,27.09,-36.97,0.751,unstable,mixed,net 85.13 vs base 136.53; OOS -36.97 vs -37.63
V20-btcusd-020,2026-09-28,btcusd,4h,ASIS,"{""be_enable"": true, ""be_offset_pts"": 10, ""be_trigger_pts"": 500, ""entry_buffer_pts"": 10, ""fast"": 18, ""gate"": [""spread""], ""ma_exit"": true, ""prot_start_mode"": 1, ""prot_start_pts"": 500, ""protection"": 1, ""swing_buffer_pts"": 50, ""swing_search"": 100, ""swing_strength"": 2, ""thr_mode"": 0, ""trend"": 200, ""use_sl_pct"": false, ""use_volume"": true}",max spread filter: no setup when spread > 2x model median,2021-09-01..2026-09-26,B,772,2.6,1.08,0.0576,0.0199,44.48,15.35,141.23,0.11,55.93,26.19,-37.63,0.747,unstable,mixed,net 44.48 vs base 136.53; OOS -37.63 vs -37.63
V01-btcusd-021,2026-09-28,btcusd,D1,ASIS,"{""adx_min"": 25.0, ""be_enable"": true, ""be_offset_pts"": 10, ""be_trigger_pts"": 500, ""entry_buffer_pts"": 10, ""fast"": 18, ""gate"": null, ""ma_exit"": true, ""prot_start_mode"": 1, ""prot_start_pts"": 500, ""protection"": 1, ""swing_buffer_pts"": 50, ""swing_search"": 100, ""swing_strength"": 2, ""thr_mode"": 0, ""trend"": 200, ""use_adx"": true, ""use_sl_pct"": false, ""use_volume"": true}",ADX(14) >= 25 (EA filter),2021-09-01..2026-09-26,B,110,3.6,2.47,1.2156,0.0461,133.72,5.07,59.78,0.39,159.13,-23.0,-2.42,0.0,unstable,mixed,net 133.72 vs base 125.93; OOS -2.42 vs -2.62
V02-btcusd-022,2026-09-28,btcusd,D1,ASIS,"{""adx_min"": 20.0, ""be_enable"": true, ""be_offset_pts"": 10, ""be_trigger_pts"": 500, ""entry_buffer_pts"": 10, ""fast"": 18, ""gate"": null, ""ma_exit"": true, ""prot_start_mode"": 1, ""prot_start_pts"": 500, ""protection"": 1, ""swing_buffer_pts"": 50, ""swing_search"": 100, ""swing_strength"": 2, ""thr_mode"": 0, ""trend"": 200, ""use_adx"": true, ""use_sl_pct"": false, ""use_volume"": true}",ADX(14) >= 20,2021-09-01..2026-09-26,B,137,2.2,2.089,0.7473,0.0332,102.38,4.55,60.48,0.31,146.08,-41.17,-2.53,0.0,unstable,harmful,net 102.38 vs base 125.93; OOS -2.53 vs -2.62
V03-btcusd-023,2026-09-28,btcusd,D1,ASIS,"{""be_enable"": true, ""be_offset_pts"": 10, ""be_trigger_pts"": 500, ""entry_buffer_pts"": 10, ""fast"": 18, ""gate"": null, ""ma_exit"": true, ""prot_start_mode"": 1, ""prot_start_pts"": 500, ""protection"": 1, ""swing_buffer_pts"": 50, ""swing_search"": 100, ""swing_strength"": 2, ""thr_mode"": 0, ""trend"": 200, ""use_sl_pct"": false, ""use_volume"": false}",no volume filter,2021-09-01..2026-09-26,B,202,2.0,2.156,0.5806,0.0246,117.28,4.97,62.02,0.35,163.51,-42.22,-4.02,0.0,unstable,harmful,net 117.28 vs base 125.93; OOS -4.02 vs -2.62
V01-btcusd-001,2026-09-28,btcusd,4h,ASIS,"{""adx_min"": 25.0, ""be_enable"": true, ""be_offset_pts"": 10, ""be_trigger_pts"": 500, ""entry_buffer_pts"": 10, ""fast"": 18, ""gate"": null, ""ma_exit"": true, ""prot_start_mode"": 1, ""prot_start_pts"": 500, ""protection"": 1, ""swing_buffer_pts"": 50, ""swing_search"": 100, ""swing_strength"": 2, ""thr_mode"": 0, ""trend"": 200, ""use_adx"": true, ""use_sl_pct"": false, ""use_volume"": true}",ADX(14) >= 25 (EA filter),2021-09-01..2026-09-26,B,609,3.0,1.268,0.1636,0.0154,99.61,9.38,108.99,0.28,99.14,54.25,-53.78,0.379,unstable,harmful,net 99.61 vs base 136.53; OOS -53.78 vs -37.63
V02-btcusd-002,2026-09-28,btcusd,4h,ASIS,"{""adx_min"": 20.0, ""be_enable"": true, ""be_offset_pts"": 10, ""be_trigger_pts"": 500, ""entry_buffer_pts"": 10, ""fast"": 18, ""gate"": null, ""ma_exit"": true, ""prot_start_mode"": 1, ""prot_start_pts"": 500, ""protection"": 1, ""swing_buffer_pts"": 50, ""swing_search"": 100, ""swing_strength"": 2, ""thr_mode"": 0, ""trend"": 200, ""use_adx"": true, ""use_sl_pct"": false, ""use_volume"": true}",ADX(14) >= 20,2021-09-01..2026-09-26,B,730,2.9,1.169,0.1139,0.0061,83.16,4.48,109.72,0.23,124.74,12.66,-54.24,0.533,unstable,harmful,net 83.16 vs base 136.53; OOS -54.24 vs -37.63
V03-btcusd-003,2026-09-28,btcusd,4h,ASIS,"{""be_enable"": true, ""be_offset_pts"": 10, ""be_trigger_pts"": 500, ""entry_buffer_pts"": 10, ""fast"": 18, ""gate"": null, ""ma_exit"": true, ""prot_start_mode"": 1, ""prot_start_pts"": 500, ""protection"": 1, ""swing_buffer_pts"": 50, ""swing_search"": 100, ""swing_strength"": 2, ""thr_mode"": 0, ""trend"": 200, ""use_sl_pct"": false, ""use_volume"": false}",no volume filter,2021-09-01..2026-09-26,B,1163,2.6,1.049,0.0354,0.0092,41.15,10.74,222.51,0.09,82.76,58.33,-99.94,0.527,unstable,harmful,net 41.15 vs base 136.53; OOS -99.94 vs -37.63
V04-btcusd-004,2026-09-28,btcusd,4h,ASIS,"{""be_enable"": true, ""be_offset_pts"": 10, ""be_trigger_pts"": 500, ""entry_buffer_pts"": 10, ""fast"": 18, ""gate"": null, ""ma_exit"": true, ""prot_start_mode"": 1, ""prot_start_pts"": 500, ""protection"": 1, ""session_hours"": [8, 9, 10, 11, 12, 13, 14, 15, 16, 17, 18, 19, 20, 21], ""swing_buffer_pts"": 50, ""swing_search"": 100, ""swing_strength"": 2, ""thr_mode"": 0, ""trend"": 200, ""use_session"": true, ""use_sl_pct"": false, ""use_volume"": true}",entries 08:00-21:59 server (London + New York),2021-09-01..2026-09-26,B,656,2.1,1.036,0.0218,0.0254,14.31,16.64,149.31,0.04,26.4,39.04,-51.13,0.66,unstable,harmful,net 14.31 vs base 136.53; OOS -51.13 vs -37.63
V05-btcusd-005,2026-09-28,btcusd,4h,ASIS,"{""be_enable"": true, ""be_offset_pts"": 10, ""be_trigger_pts"": 500, ""entry_buffer_pts"": 10, ""fast"": 18, ""gate"": null, ""ma_exit"": true, ""prot_start_mode"": 1, ""prot_start_pts"": 500, ""protection"": 1, ""session_hours"": [13, 14, 15, 16], ""swing_buffer_pts"": 50, ""swing_search"": 100, ""swing_strength"": 2, ""thr_mode"": 0, ""trend"": 200, ""use_session"": true, ""use_sl_pct"": false, ""use_volume"": true}",entries 13:00-16:59 server (London/NY overlap),2021-09-01..2026-09-26,B,249,1.6,0.559,-0.2448,-0.0196,-60.95,-4.87,72.38,-0.56,-11.26,-30.28,-19.4,0.515,negative,harmful,net -60.95 vs base 136.53; OOS -19.4 vs -37.63
V06-btcusd-006,2026-09-28,btcusd,4h,ASIS,"{""be_enable"": true, ""be_offset_pts"": 10, ""be_trigger_pts"": 500, ""entry_buffer_pts"": 10, ""fast"": 18, ""gate"": null, ""ma_exit"": true, ""prot_start_mode"": 1, ""prot_start_pts"": 500, ""protection"": 1, ""session_hours"": [7, 8, 9, 10, 11, 12, 13, 14, 15, 16, 17, 18, 19, 20, 21, 22, 23], ""swing_buffer_pts"": 50, ""swing_search"": 100, ""swing_strength"": 2, ""thr_mode"": 0, ""trend"": 200, ""use_session"": true, ""use_sl_pct"": false, ""use_volume"": true}",no entries 00:00-06:59 server (Asia),2021-09-01..2026-09-26,B,656,2.1,1.036,0.0218,0.0254,14.31,16.64,149.31,0.04,26.4,39.04,-51.13,0.66,unstable,harmful,net 14.31 vs base 136.53; OOS -51.13 vs -37.63
V07-btcusd-007,2026-09-28,btcusd,4h,ASIS,"{""be_enable"": true, ""be_offset_pts"": 10, ""be_trigger_pts"": 500, ""entry_buffer_pts"": 10, ""fast"": 18, ""gate"": [""mon_open""], ""ma_exit"": true, ""prot_start_mode"": 1, ""prot_start_pts"": 500, ""protection"": 1, ""swing_buffer_pts"": 50, ""swing_search"": 100, ""swing_strength"": 2, ""thr_mode"": 0, ""trend"": 200, ""use_sl_pct"": false, ""use_volume"": true}",no entries on Monday before 08:00 (weekend gap),2021-09-01..2026-09-26,B,752,2.9,1.494,0.3005,0.0313,225.96,23.52,99.08,0.55,154.1,73.28,-1.42,0.987,unstable,helpful,net 225.96 vs base 136.53; OOS -1.42 vs -37.63
V08-btcusd-008,2026-09-28,btcusd,4h,ASIS,"{""be_enable"": true, ""be_offset_pts"": 10, ""be_trigger_pts"": 500, ""entry_buffer_pts"": 10, ""fast"": 18, ""gate"": null, ""ma_exit"": true, ""prot_start_mode"": 1, ""prot_start_pts"": 500, ""protection"": 1, ""swing_buffer_pts"": 50, ""swing_search"": 100, ""swing_strength"": 2, ""thr_mode"": 0, ""trend"": 200, ""use_sl_pct"": false, ""use_vol_filter"": true, ""use_volume"": true, ""vol_filter_min"": 1.0}",ATR(22)/SMA100(ATR) >= 1.0,2021-09-01..2026-09-26,B,380,2.6,1.405,0.2533,0.0344,96.24,13.06,116.71,0.31,-68.6,84.38,80.45,3.21,unstable,mixed,net 96.24 vs base 136.53; OOS 80.45 vs -37.63
V09-btcusd-009,2026-09-28,btcusd,4h,ASIS,"{""be_enable"": true, ""be_offset_pts"": 10, ""be_trigger_pts"": 500, ""entry_buffer_pts"": 10, ""fast"": 18, ""gate"": null, ""ma_exit"": true, ""prot_start_mode"": 1, ""prot_start_pts"": 500, ""protection"": 1, ""swing_buffer_pts"": 50, ""swing_search"": 100, ""swing_strength"": 2, ""thr_mode"": 0, ""trend"": 200, ""use_sl_pct"": false, ""use_vol_filter"": true, ""use_volume"": true, ""vol_filter_max"": 1.5, ""vol_filter_min"": 0.0}",ATR(22)/SMA100(ATR) <= 1.5,2021-09-01..2026-09-26,B,758,2.9,1.308,0.2092,0.0212,158.54,16.07,134.75,0.37,169.05,26.51,-37.03,0.75,unstable,mixed,net 158.54 vs base 136.53; OOS -37.03 vs -37.63
V10-btcusd-010,2026-09-28,btcusd,4h,ASIS,"{""be_enable"": true, ""be_offset_pts"": 10, ""be_trigger_pts"": 500, ""entry_buffer_pts"": 10, ""fast"": 18, ""gate"": null, ""ma_exit"": true, ""prot_start_mode"": 1, ""prot_start_pts"": 500, ""protection"": 1, ""slope_filter_bars"": 3, ""swing_buffer_pts"": 50, ""swing_search"": 100, ""swing_strength"": 2, ""thr_mode"": 0, ""trend"": 200, ""use_sl_pct"": false, ""use_volume"": true}",MA18 slope filter over 3 bars,2021-09-01..2026-09-26,B,719,3.1,1.387,0.2391,0.0225,171.89,16.2,109.14,0.45,161.52,51.99,-41.62,0.441,unstable,mixed,net 171.89 vs base 136.53; OOS -41.62 vs -37.63
V11-btcusd-011,2026-09-28,btcusd,4h,ASIS,"{""be_enable"": true, ""be_offset_pts"": 10, ""be_trigger_pts"": 500, ""entry_buffer_pts"": 10, ""fast"": 18, ""gate"": null, ""ma_exit"": true, ""max_dist_atr"": 2.0, ""prot_start_mode"": 1, ""prot_start_pts"": 500, ""protection"": 1, ""swing_buffer_pts"": 50, ""swing_search"": 100, ""swing_strength"": 2, ""thr_mode"": 0, ""trend"": 200, ""use_sl_pct"": false, ""use_volume"": true}",no entry when |close - MA18| > 2 ATR,2021-09-01..2026-09-26,B,541,2.2,1.086,0.0619,0.0305,33.48,16.5,205.54,0.11,89.6,-40.79,-15.33,0.866,unstable,harmful,net 33.48 vs base 136.53; OOS -15.33 vs -37.63
V12-btcusd-012,2026-09-28,btcusd,4h,ASIS,"{""be_enable"": true, ""be_offset_pts"": 10, ""be_trigger_pts"": 500, ""entry_buffer_pts"": 10, ""fast"": 18, ""gate"": [""regime"", ""no_sideways""], ""ma_exit"": true, ""prot_start_mode"": 1, ""prot_start_pts"": 500, ""protection"": 1, ""swing_buffer_pts"": 50, ""swing_search"": 100, ""swing_strength"": 2, ""thr_mode"": 0, ""trend"": 200, ""use_sl_pct"": false, ""use_volume"": true}",trend-regime gate: no sideways days,2021-09-01..2026-09-26,B,654,2.9,1.386,0.2317,0.0283,151.55,18.48,85.69,0.43,108.26,31.38,11.92,1.12,robust,mixed,net 151.55 vs base 136.53; OOS 11.92 vs -37.63
V13-btcusd-013,2026-09-28,btcusd,4h,ASIS,"{""be_enable"": true, ""be_offset_pts"": 10, ""be_trigger_pts"": 500, ""entry_buffer_pts"": 10, ""fast"": 18, ""gate"": [""regime"", ""aligned""], ""ma_exit"": true, ""prot_start_mode"": 1, ""prot_start_pts"": 500, ""protection"": 1, ""swing_buffer_pts"": 50, ""swing_search"": 100, ""swing_strength"": 2, ""thr_mode"": 0, ""trend"": 200, ""use_sl_pct"": false, ""use_volume"": true}",regime-aligned direction,2021-09-01..2026-09-26,B,457,3.1,1.603,0.3703,0.0207,169.21,9.47,70.06,0.54,97.58,33.03,38.6,1.639,robust,helpful,net 169.21 vs base 136.53; OOS 38.6 vs -37.63
V14-btcusd-014,2026-09-28,btcusd,4h,ASIS,"{""be_enable"": true, ""be_offset_pts"": 10, ""be_trigger_pts"": 500, ""entry_buffer_pts"": 10, ""fast"": 18, ""gate"": [""dir"", 1], ""ma_exit"": true, ""prot_start_mode"": 1, ""prot_start_pts"": 500, ""protection"": 1, ""swing_buffer_pts"": 50, ""swing_search"": 100, ""swing_strength"": 2, ""thr_mode"": 0, ""trend"": 200, ""use_sl_pct"": false, ""use_volume"": true}",long only,2021-09-01..2026-09-26,B,389,3.9,1.919,0.6702,0.0727,260.72,28.28,60.95,0.77,207.66,11.69,41.37,1.838,robust,mixed,net 260.72 vs base 136.53; OOS 41.37 vs -37.63
V15-btcusd-015,2026-09-28,btcusd,4h,ASIS,"{""be_enable"": true, ""be_offset_pts"": 10, ""be_trigger_pts"": 500, ""entry_buffer_pts"": 10, ""fast"": 18, ""gate"": [""dir"", -1], ""ma_exit"": true, ""prot_start_mode"": 1, ""prot_start_pts"": 500, ""protection"": 1, ""swing_buffer_pts"": 50, ""swing_search"": 100, ""swing_strength"": 2, ""thr_mode"": 0, ""trend"": 200, ""use_sl_pct"": false, ""use_volume"": true}",short only,2021-09-01..2026-09-26,B,417,1.9,0.547,-0.2978,-0.0258,-124.18,-10.77,152.63,-0.54,-59.68,14.5,-79.0,0.207,negative,harmful,net -124.18 vs base 136.53; OOS -79.0 vs -37.63
V16-btcusd-016,2026-09-28,btcusd,4h,ASIS,"{""be_enable"": true, ""be_offset_pts"": 10, ""be_trigger_pts"": 500, ""entry_buffer_pts"": 10, ""fast"": 18, ""gate"": null, ""ma_exit"": true, ""pending_max_bars"": 3, ""prot_start_mode"": 1, ""prot_start_pts"": 500, ""protection"": 1, ""swing_buffer_pts"": 50, ""swing_search"": 100, ""swing_strength"": 2, ""thr_mode"": 0, ""trend"": 200, ""use_sl_pct"": false, ""use_volume"": true}",pending order expires after 3 bars,2021-09-01..2026-09-26,B,770,2.9,1.153,0.1121,0.0174,86.34,13.4,136.44,0.22,98.19,26.83,-38.68,0.742,unstable,harmful,net 86.34 vs base 136.53; OOS -38.68 vs -37.63
V17-btcusd-017,2026-09-28,btcusd,4h,ASIS,"{""be_enable"": true, ""be_offset_pts"": 10, ""be_trigger_pts"": 500, ""confirm_bars"": 1, ""entry_buffer_pts"": 10, ""fast"": 18, ""gate"": null, ""ma_exit"": true, ""prot_start_mode"": 1, ""prot_start_pts"": 500, ""protection"": 1, ""swing_buffer_pts"": 50, ""swing_search"": 100, ""swing_strength"": 2, ""thr_mode"": 0, ""trend"": 200, ""use_sl_pct"": false, ""use_volume"": true}",confirmation window 1 bar,2021-09-01..2026-09-26,B,981,2.9,1.215,0.1446,0.0188,141.81,18.43,151.87,0.31,163.73,43.54,-65.46,0.63,unstable,harmful,net 141.81 vs base 136.53; OOS -65.46 vs -37.63
V18-btcusd-018,2026-09-28,btcusd,4h,ASIS,"{""be_enable"": true, ""be_offset_pts"": 10, ""be_trigger_pts"": 500, ""confirm_bars"": 3, ""entry_buffer_pts"": 10, ""fast"": 18, ""gate"": null, ""ma_exit"": true, ""prot_start_mode"": 1, ""prot_start_pts"": 500, ""protection"": 1, ""swing_buffer_pts"": 50, ""swing_search"": 100, ""swing_strength"": 2, ""thr_mode"": 0, ""trend"": 200, ""use_sl_pct"": false, ""use_volume"": true}",confirmation window 3 bars,2021-09-01..2026-09-26,B,703,2.8,1.266,0.1775,0.0216,124.8,15.18,124.63,0.32,143.29,70.3,-88.78,0.27,unstable,mixed,net 124.8 vs base 136.53; OOS -88.78 vs -37.63
V19-btcusd-019,2026-09-28,btcusd,4h,ASIS,"{""be_enable"": true, ""be_offset_pts"": 10, ""be_trigger_pts"": 500, ""entry_buffer_pts"": 10, ""fast"": 18, ""gate"": [""regime"", ""vol_low_normal""], ""ma_exit"": true, ""prot_start_mode"": 1, ""prot_start_pts"": 500, ""protection"": 1, ""swing_buffer_pts"": 50, ""swing_search"": 100, ""swing_strength"": 2, ""thr_mode"": 0, ""trend"": 200, ""use_sl_pct"": false, ""use_volume"": true}",no high/extreme volatility days,2021-09-01..2026-09-26,B,719,2.8,1.135,0.1045,0.021,75.16,15.09,140.53,0.18,85.94,26.45,-37.23,0.749,unstable,harmful,net 75.16 vs base 136.53; OOS -37.23 vs -37.63
V20-btcusd-020,2026-09-28,btcusd,4h,ASIS,"{""be_enable"": true, ""be_offset_pts"": 10, ""be_trigger_pts"": 500, ""entry_buffer_pts"": 10, ""fast"": 18, ""gate"": [""spread""], ""ma_exit"": true, ""prot_start_mode"": 1, ""prot_start_pts"": 500, ""protection"": 1, ""swing_buffer_pts"": 50, ""swing_search"": 100, ""swing_strength"": 2, ""thr_mode"": 0, ""trend"": 200, ""use_sl_pct"": false, ""use_volume"": true}",max spread filter: no setup when spread > 2x model median,2021-09-01..2026-09-26,B,772,2.6,1.08,0.0576,0.0199,44.48,15.35,141.23,0.11,55.93,26.19,-37.63,0.747,unstable,mixed,net 44.48 vs base 136.53; OOS -37.63 vs -37.63
V01-btcusd-021,2026-09-28,btcusd,D1,ASIS,"{""adx_min"": 25.0, ""be_enable"": true, ""be_offset_pts"": 10, ""be_trigger_pts"": 500, ""entry_buffer_pts"": 10, ""fast"": 18, ""gate"": null, ""ma_exit"": true, ""prot_start_mode"": 1, ""prot_start_pts"": 500, ""protection"": 1, ""swing_buffer_pts"": 50, ""swing_search"": 100, ""swing_strength"": 2, ""thr_mode"": 0, ""trend"": 200, ""use_adx"": true, ""use_sl_pct"": false, ""use_volume"": true}",ADX(14) >= 25 (EA filter),2021-09-01..2026-09-26,B,110,3.6,2.47,1.2156,0.0461,133.72,5.07,59.78,0.39,159.13,-23.0,-2.42,0.0,unstable,mixed,net 133.72 vs base 125.93; OOS -2.42 vs -2.62
V02-btcusd-022,2026-09-28,btcusd,D1,ASIS,"{""adx_min"": 20.0, ""be_enable"": true, ""be_offset_pts"": 10, ""be_trigger_pts"": 500, ""entry_buffer_pts"": 10, ""fast"": 18, ""gate"": null, ""ma_exit"": true, ""prot_start_mode"": 1, ""prot_start_pts"": 500, ""protection"": 1, ""swing_buffer_pts"": 50, ""swing_search"": 100, ""swing_strength"": 2, ""thr_mode"": 0, ""trend"": 200, ""use_adx"": true, ""use_sl_pct"": false, ""use_volume"": true}",ADX(14) >= 20,2021-09-01..2026-09-26,B,137,2.2,2.089,0.7473,0.0332,102.38,4.55,60.48,0.31,146.08,-41.17,-2.53,0.0,unstable,harmful,net 102.38 vs base 125.93; OOS -2.53 vs -2.62
V03-btcusd-023,2026-09-28,btcusd,D1,ASIS,"{""be_enable"": true, ""be_offset_pts"": 10, ""be_trigger_pts"": 500, ""entry_buffer_pts"": 10, ""fast"": 18, ""gate"": null, ""ma_exit"": true, ""prot_start_mode"": 1, ""prot_start_pts"": 500, ""protection"": 1, ""swing_buffer_pts"": 50, ""swing_search"": 100, ""swing_strength"": 2, ""thr_mode"": 0, ""trend"": 200, ""use_sl_pct"": false, ""use_volume"": false}",no volume filter,2021-09-01..2026-09-26,B,202,2.0,2.156,0.5806,0.0246,117.28,4.97,62.02,0.35,163.51,-42.22,-4.02,0.0,unstable,harmful,net 117.28 vs base 125.93; OOS -4.02 vs -2.62
V04-btcusd-024,2026-09-28,btcusd,D1,ASIS,"{""be_enable"": true, ""be_offset_pts"": 10, ""be_trigger_pts"": 500, ""entry_buffer_pts"": 10, ""fast"": 18, ""gate"": null, ""ma_exit"": true, ""prot_start_mode"": 1, ""prot_start_pts"": 500, ""protection"": 1, ""session_hours"": [8, 9, 10, 11, 12, 13, 14, 15, 16, 17, 18, 19, 20, 21], ""swing_buffer_pts"": 50, ""swing_search"": 100, ""swing_strength"": 2, ""thr_mode"": 0, ""trend"": 200, ""use_session"": true, ""use_sl_pct"": false, ""use_volume"": true}",entries 08:00-21:59 server (London + New York),2021-09-01..2026-09-26,B,0,nan,nan,nan,nan,0.0,0.0,0.0,nan,0.0,0.0,0.0,nan,negative,mixed,net 0.0 vs base 125.93; OOS 0.0 vs -2.62
V05-btcusd-025,2026-09-28,btcusd,D1,ASIS,"{""be_enable"": true, ""be_offset_pts"": 10, ""be_trigger_pts"": 500, ""entry_buffer_pts"": 10, ""fast"": 18, ""gate"": null, ""ma_exit"": true, ""prot_start_mode"": 1, ""prot_start_pts"": 500, ""protection"": 1, ""session_hours"": [13, 14, 15, 16], ""swing_buffer_pts"": 50, ""swing_search"": 100, ""swing_strength"": 2, ""thr_mode"": 0, ""trend"": 200, ""use_session"": true, ""use_sl_pct"": false, ""use_volume"": true}",entries 13:00-16:59 server (London/NY overlap),2021-09-01..2026-09-26,B,0,nan,nan,nan,nan,0.0,0.0,0.0,nan,0.0,0.0,0.0,nan,negative,mixed,net 0.0 vs base 125.93; OOS 0.0 vs -2.62
V06-btcusd-026,2026-09-28,btcusd,D1,ASIS,"{""be_enable"": true, ""be_offset_pts"": 10, ""be_trigger_pts"": 500, ""entry_buffer_pts"": 10, ""fast"": 18, ""gate"": null, ""ma_exit"": true, ""prot_start_mode"": 1, ""prot_start_pts"": 500, ""protection"": 1, ""session_hours"": [7, 8, 9, 10, 11, 12, 13, 14, 15, 16, 17, 18, 19, 20, 21, 22, 23], ""swing_buffer_pts"": 50, ""swing_search"": 100, ""swing_strength"": 2, ""thr_mode"": 0, ""trend"": 200, ""use_session"": true, ""use_sl_pct"": false, ""use_volume"": true}",no entries 00:00-06:59 server (Asia),2021-09-01..2026-09-26,B,0,nan,nan,nan,nan,0.0,0.0,0.0,nan,0.0,0.0,0.0,nan,negative,mixed,net 0.0 vs base 125.93; OOS 0.0 vs -2.62
V07-btcusd-027,2026-09-28,btcusd,D1,ASIS,"{""be_enable"": true, ""be_offset_pts"": 10, ""be_trigger_pts"": 500, ""entry_buffer_pts"": 10, ""fast"": 18, ""gate"": [""mon_open""], ""ma_exit"": true, ""prot_start_mode"": 1, ""prot_start_pts"": 500, ""protection"": 1, ""swing_buffer_pts"": 50, ""swing_search"": 100, ""swing_strength"": 2, ""thr_mode"": 0, ""trend"": 200, ""use_sl_pct"": false, ""use_volume"": true}",no entries on Monday before 08:00 (weekend gap),2021-09-01..2026-09-26,B,136,2.2,1.117,0.0809,0.0217,11.0,2.96,60.56,0.05,54.65,-41.14,-2.5,0.0,unstable,harmful,net 11.0 vs base 125.93; OOS -2.5 vs -2.62
V08-btcusd-028,2026-09-28,btcusd,D1,ASIS,"{""be_enable"": true, ""be_offset_pts"": 10, ""be_trigger_pts"": 500, ""entry_buffer_pts"": 10, ""fast"": 18, ""gate"": null, ""ma_exit"": true, ""prot_start_mode"": 1, ""prot_start_pts"": 500, ""protection"": 1, ""swing_buffer_pts"": 50, ""swing_search"": 100, ""swing_strength"": 2, ""thr_mode"": 0, ""trend"": 200, ""use_sl_pct"": false, ""use_vol_filter"": true, ""use_volume"": true, ""vol_filter_min"": 1.0}",ATR(22)/SMA100(ATR) >= 1.0,2021-09-01..2026-09-26,B,62,4.8,2.306,1.8421,0.0966,114.21,5.99,61.08,0.34,174.85,-0.81,-59.82,0.0,unstable,mixed,net 114.21 vs base 125.93; OOS -59.82 vs -2.62
V09-btcusd-029,2026-09-28,btcusd,D1,ASIS,"{""be_enable"": true, ""be_offset_pts"": 10, ""be_trigger_pts"": 500, ""entry_buffer_pts"": 10, ""fast"": 18, ""gate"": null, ""ma_exit"": true, ""prot_start_mode"": 1, ""prot_start_pts"": 500, ""protection"": 1, ""swing_buffer_pts"": 50, ""swing_search"": 100, ""swing_strength"": 2, ""thr_mode"": 0, ""trend"": 200, ""use_sl_pct"": false, ""use_vol_filter"": true, ""use_volume"": true, ""vol_filter_max"": 1.5, ""vol_filter_min"": 0.0}",ATR(22)/SMA100(ATR) <= 1.5,2021-09-01..2026-09-26,B,131,3.1,2.429,0.9882,0.0431,129.46,5.65,60.13,0.39,172.9,-40.82,-2.62,0.0,unstable,mixed,net 129.46 vs base 125.93; OOS -2.62 vs -2.62
V10-btcusd-030,2026-09-28,btcusd,D1,ASIS,"{""be_enable"": true, ""be_offset_pts"": 10, ""be_trigger_pts"": 500, ""entry_buffer_pts"": 10, ""fast"": 18, ""gate"": null, ""ma_exit"": true, ""prot_start_mode"": 1, ""prot_start_pts"": 500, ""protection"": 1, ""slope_filter_bars"": 3, ""swing_buffer_pts"": 50, ""swing_search"": 100, ""swing_strength"": 2, ""thr_mode"": 0, ""trend"": 200, ""use_sl_pct"": false, ""use_volume"": true}",MA18 slope filter over 3 bars,2021-09-01..2026-09-26,B,127,3.9,2.267,0.9338,0.0293,118.59,3.72,60.42,0.37,162.09,-41.14,-2.36,0.0,unstable,harmful,net 118.59 vs base 125.93; OOS -2.36 vs -2.62
V11-btcusd-031,2026-09-28,btcusd,D1,ASIS,"{""be_enable"": true, ""be_offset_pts"": 10, ""be_trigger_pts"": 500, ""entry_buffer_pts"": 10, ""fast"": 18, ""gate"": null, ""ma_exit"": true, ""max_dist_atr"": 2.0, ""prot_start_mode"": 1, ""prot_start_pts"": 500, ""protection"": 1, ""swing_buffer_pts"": 50, ""swing_search"": 100, ""swing_strength"": 2, ""thr_mode"": 0, ""trend"": 200, ""use_sl_pct"": false, ""use_volume"": true}",no entry when |close - MA18| > 2 ATR,2021-09-01..2026-09-26,B,85,3.5,11.769,1.0404,0.0512,88.43,4.35,3.0,0.58,90.5,-1.37,-0.7,0.0,unstable,mixed,net 88.43 vs base 125.93; OOS -0.7 vs -2.62
V12-btcusd-032,2026-09-28,btcusd,D1,ASIS,"{""be_enable"": true, ""be_offset_pts"": 10, ""be_trigger_pts"": 500, ""entry_buffer_pts"": 10, ""fast"": 18, ""gate"": [""regime"", ""no_sideways""], ""ma_exit"": true, ""prot_start_mode"": 1, ""prot_start_pts"": 500, ""protection"": 1, ""swing_buffer_pts"": 50, ""swing_search"": 100, ""swing_strength"": 2, ""thr_mode"": 0, ""trend"": 200, ""use_sl_pct"": false, ""use_volume"": true}",trend-regime gate: no sideways days,2021-09-01..2026-09-26,B,113,3.5,7.083,1.6726,0.0581,189.01,6.57,27.9,0.62,173.19,16.69,-0.87,0.0,unstable,helpful,net 189.01 vs base 125.93; OOS -0.87 vs -2.62
V13-btcusd-033,2026-09-28,btcusd,D1,ASIS,"{""be_enable"": true, ""be_offset_pts"": 10, ""be_trigger_pts"": 500, ""entry_buffer_pts"": 10, ""fast"": 18, ""gate"": [""regime"", ""aligned""], ""ma_exit"": true, ""prot_start_mode"": 1, ""prot_start_pts"": 500, ""protection"": 1, ""swing_buffer_pts"": 50, ""swing_search"": 100, ""swing_strength"": 2, ""thr_mode"": 0, ""trend"": 200, ""use_sl_pct"": false, ""use_volume"": true}",regime-aligned direction,2021-09-01..2026-09-26,B,100,4.0,7.395,1.9032,0.0659,190.32,6.59,26.82,0.62,174.3,16.69,-0.67,0.0,unstable,helpful,net 190.32 vs base 125.93; OOS -0.67 vs -2.62
V14-btcusd-034,2026-09-28,btcusd,D1,ASIS,"{""be_enable"": true, ""be_offset_pts"": 10, ""be_trigger_pts"": 500, ""entry_buffer_pts"": 10, ""fast"": 18, ""gate"": [""dir"", 1], ""ma_exit"": true, ""prot_start_mode"": 1, ""prot_start_pts"": 500, ""protection"": 1, ""swing_buffer_pts"": 50, ""swing_search"": 100, ""swing_strength"": 2, ""thr_mode"": 0, ""trend"": 200, ""use_sl_pct"": false, ""use_volume"": true}",long only,2021-09-01..2026-09-26,B,78,5.1,7.183,2.4287,0.0845,189.44,6.59,26.21,0.62,174.35,16.77,-1.69,0.0,unstable,mixed,net 189.44 vs base 125.93; OOS -1.69 vs -2.62
V15-btcusd-035,2026-09-28,btcusd,D1,ASIS,"{""be_enable"": true, ""be_offset_pts"": 10, ""be_trigger_pts"": 500, ""entry_buffer_pts"": 10, ""fast"": 18, ""gate"": [""dir"", -1], ""ma_exit"": true, ""prot_start_mode"": 1, ""prot_start_pts"": 500, ""protection"": 1, ""swing_buffer_pts"": 50, ""swing_search"": 100, ""swing_strength"": 2, ""thr_mode"": 0, ""trend"": 200, ""use_sl_pct"": false, ""use_volume"": true}",short only,2021-09-01..2026-09-26,B,66,0.0,0.0,-0.9622,-0.0154,-63.51,-1.01,63.51,-0.49,-4.55,-58.03,-0.93,0.0,negative,harmful,net -63.51 vs base 125.93; OOS -0.93 vs -2.62
V16-btcusd-036,2026-09-28,btcusd,D1,ASIS,"{""be_enable"": true, ""be_offset_pts"": 10, ""be_trigger_pts"": 500, ""entry_buffer_pts"": 10, ""fast"": 18, ""gate"": null, ""ma_exit"": true, ""pending_max_bars"": 3, ""prot_start_mode"": 1, ""prot_start_pts"": 500, ""protection"": 1, ""swing_buffer_pts"": 50, ""swing_search"": 100, ""swing_strength"": 2, ""thr_mode"": 0, ""trend"": 200, ""use_sl_pct"": false, ""use_volume"": true}",pending order expires after 3 bars,2021-09-01..2026-09-26,B,145,2.8,1.72,0.6339,0.028,91.92,4.05,86.52,0.26,177.48,-23.32,-62.24,0.0,unstable,mixed,net 91.92 vs base 125.93; OOS -62.24 vs -2.62
V17-btcusd-037,2026-09-28,btcusd,D1,ASIS,"{""be_enable"": true, ""be_offset_pts"": 10, ""be_trigger_pts"": 500, ""confirm_bars"": 1, ""entry_buffer_pts"": 10, ""fast"": 18, ""gate"": null, ""ma_exit"": true, ""prot_start_mode"": 1, ""prot_start_pts"": 500, ""protection"": 1, ""swing_buffer_pts"": 50, ""swing_search"": 100, ""swing_strength"": 2, ""thr_mode"": 0, ""trend"": 200, ""use_sl_pct"": false, ""use_volume"": true}",confirmation window 1 bar,2021-09-01..2026-09-26,B,180,2.2,2.298,0.6906,0.0305,124.3,5.48,60.85,0.37,168.59,-41.46,-2.82,0.0,unstable,mixed,net 124.3 vs base 125.93; OOS -2.82 vs -2.62
V18-btcusd-038,2026-09-28,btcusd,D1,ASIS,"{""be_enable"": true, ""be_offset_pts"": 10, ""be_trigger_pts"": 500, ""confirm_bars"": 3, ""entry_buffer_pts"": 10, ""fast"": 18, ""gate"": null, ""ma_exit"": true, ""prot_start_mode"": 1, ""prot_start_pts"": 500, ""protection"": 1, ""swing_buffer_pts"": 50, ""swing_search"": 100, ""swing_strength"": 2, ""thr_mode"": 0, ""trend"": 200, ""use_sl_pct"": false, ""use_volume"": true}",confirmation window 3 bars,2021-09-01..2026-09-26,B,122,4.1,3.261,1.3084,0.0521,159.62,6.36,60.33,0.48,203.18,-41.11,-2.44,0.0,unstable,harmful,net 159.62 vs base 125.93; OOS -2.44 vs -2.62
V19-btcusd-039,2026-09-28,btcusd,D1,ASIS,"{""be_enable"": true, ""be_offset_pts"": 10, ""be_trigger_pts"": 500, ""entry_buffer_pts"": 10, ""fast"": 18, ""gate"": [""regime"", ""vol_low_normal""], ""ma_exit"": true, ""prot_start_mode"": 1, ""prot_start_pts"": 500, ""protection"": 1, ""swing_buffer_pts"": 50, ""swing_search"": 100, ""swing_strength"": 2, ""thr_mode"": 0, ""trend"": 200, ""use_sl_pct"": false, ""use_volume"": true}",no high/extreme volatility days,2021-09-01..2026-09-26,B,135,3.0,2.35,0.9365,0.0414,126.43,5.59,60.56,0.38,170.3,-41.26,-2.62,0.0,unstable,mixed,net 126.43 vs base 125.93; OOS -2.62 vs -2.62
V20-btcusd-040,2026-09-28,btcusd,D1,ASIS,"{""be_enable"": true, ""be_offset_pts"": 10, ""be_trigger_pts"": 500, ""entry_buffer_pts"": 10, ""fast"": 18, ""gate"": [""spread""], ""ma_exit"": true, ""prot_start_mode"": 1, ""prot_start_pts"": 500, ""protection"": 1, ""swing_buffer_pts"": 50, ""swing_search"": 100, ""swing_strength"": 2, ""thr_mode"": 0, ""trend"": 200, ""use_sl_pct"": false, ""use_volume"": true}",max spread filter: no setup when spread > 2x model median,2021-09-01..2026-09-26,B,144,2.8,2.338,0.8745,0.0387,125.93,5.58,60.56,0.38,169.81,-41.26,-2.62,0.0,unstable,mixed,net 125.93 vs base 125.93; OOS -2.62 vs -2.62
M09m-btcusd-041,2026-09-28,btcusd,4h,ASIS,"{""be_enable"": true, ""be_offset_pts"": 10, ""be_trigger_pts"": 500, ""entry_buffer_pts"": 10, ""fast"": 18, ""htf"": ""D1"", ""ma_exit"": true, ""mode"": ""ma"", ""prot_start_mode"": 1, ""prot_start_pts"": 500, ""protection"": 1, ""swing_buffer_pts"": 50, ""swing_search"": 100, ""swing_strength"": 2, ""thr_mode"": 0, ""trend"": 200, ""use_sl_pct"": false, ""use_volume"": true}",HTF D1 gate (ma),2021-09-01..2026-09-26,B,407,3.2,1.112,0.1044,0.0145,42.5,5.9,119.51,0.13,36.66,-11.25,17.09,1.278,unstable,harmful,net 42.5 vs base 136.53
M09c-btcusd-042,2026-09-28,btcusd,4h,ASIS,"{""be_enable"": true, ""be_offset_pts"": 10, ""be_trigger_pts"": 500, ""entry_buffer_pts"": 10, ""fast"": 18, ""htf"": ""D1"", ""ma_exit"": true, ""mode"": ""close"", ""prot_start_mode"": 1, ""prot_start_pts"": 500, ""protection"": 1, ""swing_buffer_pts"": 50, ""swing_search"": 100, ""swing_strength"": 2, ""thr_mode"": 0, ""trend"": 200, ""use_sl_pct"": false, ""use_volume"": true}",HTF D1 gate (close),2021-09-01..2026-09-26,B,386,3.1,0.96,-0.0381,-0.0005,-14.69,-0.18,98.61,-0.05,49.52,-12.05,-52.16,0.0,negative,harmful,net -14.69 vs base 136.53
V01-btcusd-043,2026-09-28,btcusd,D1,FINAL_H4,"{""adx_min"": 25.0, ""atr_period"": 22, ""be_enable"": true, ""be_offset_pts"": 10, ""be_trigger_pts"": 200, ""entry_buffer_pts"": 0, ""fast"": 18, ""gate"": null, ""ma_exit"": true, ""prot_start_mode"": 0, ""prot_start_pts"": 0, ""protection"": 4, ""swing_search"": 100, ""swing_strength"": 2, ""thr_mode"": 1, ""trail_dist_pts"": 50, ""trail_start_pts"": 500, ""trail_step_pts"": 10, ""trend"": 200, ""use_adx"": true, ""use_sl_pct"": false, ""use_volume"": true}",ADX(14) >= 25 (EA filter),2021-09-01..2026-09-26,B,48,33.3,1.283,5.2924,0.1033,254.04,4.96,316.46,0.29,138.71,-149.08,264.41,2.109,unstable,harmful,net 254.04 vs base 487.36; OOS 264.41 vs 311.8
V02-btcusd-044,2026-09-28,btcusd,D1,FINAL_H4,"{""adx_min"": 20.0, ""atr_period"": 22, ""be_enable"": true, ""be_offset_pts"": 10, ""be_trigger_pts"": 200, ""entry_buffer_pts"": 0, ""fast"": 18, ""gate"": null, ""ma_exit"": true, ""prot_start_mode"": 0, ""prot_start_pts"": 0, ""protection"": 4, ""swing_search"": 100, ""swing_strength"": 2, ""thr_mode"": 1, ""trail_dist_pts"": 50, ""trail_start_pts"": 500, ""trail_step_pts"": 10, ""trend"": 200, ""use_adx"": true, ""use_sl_pct"": false, ""use_volume"": true}",ADX(14) >= 20,2021-09-01..2026-09-26,B,51,35.3,1.466,7.9979,0.1288,407.9,6.57,244.61,0.47,116.53,-3.24,294.61,2.435,unstable,harmful,net 407.9 vs base 487.36; OOS 294.61 vs 311.8
V03-btcusd-045,2026-09-28,btcusd,D1,FINAL_H4,"{""atr_period"": 22, ""be_enable"": true, ""be_offset_pts"": 10, ""be_trigger_pts"": 200, ""entry_buffer_pts"": 0, ""fast"": 18, ""gate"": null, ""ma_exit"": true, ""prot_start_mode"": 0, ""prot_start_pts"": 0, ""protection"": 4, ""swing_search"": 100, ""swing_strength"": 2, ""thr_mode"": 1, ""trail_dist_pts"": 50, ""trail_start_pts"": 500, ""trail_step_pts"": 10, ""trend"": 200, ""use_sl_pct"": false, ""use_volume"": false}",no volume filter,2021-09-01..2026-09-26,B,76,27.6,1.276,3.7269,-0.0022,283.24,-0.17,312.36,0.33,-109.66,100.34,292.56,2.206,unstable,harmful,net 283.24 vs base 487.36; OOS 292.56 vs 311.8
V04-btcusd-046,2026-09-28,btcusd,D1,FINAL_H4,"{""atr_period"": 22, ""be_enable"": true, ""be_offset_pts"": 10, ""be_trigger_pts"": 200, ""entry_buffer_pts"": 0, ""fast"": 18, ""gate"": null, ""ma_exit"": true, ""prot_start_mode"": 0, ""prot_start_pts"": 0, ""protection"": 4, ""session_hours"": [8, 9, 10, 11, 12, 13, 14, 15, 16, 17, 18, 19, 20, 21], ""swing_search"": 100, ""swing_strength"": 2, ""thr_mode"": 1, ""trail_dist_pts"": 50, ""trail_start_pts"": 500, ""trail_step_pts"": 10, ""trend"": 200, ""use_session"": true, ""use_sl_pct"": false, ""use_volume"": true}",entries 08:00-21:59 server (London + New York),2021-09-01..2026-09-26,B,0,nan,nan,nan,nan,0.0,0.0,0.0,nan,0.0,0.0,0.0,nan,negative,mixed,net 0.0 vs base 487.36; OOS 0.0 vs 311.8
V05-btcusd-047,2026-09-28,btcusd,D1,FINAL_H4,"{""atr_period"": 22, ""be_enable"": true, ""be_offset_pts"": 10, ""be_trigger_pts"": 200, ""entry_buffer_pts"": 0, ""fast"": 18, ""gate"": null, ""ma_exit"": true, ""prot_start_mode"": 0, ""prot_start_pts"": 0, ""protection"": 4, ""session_hours"": [13, 14, 15, 16], ""swing_search"": 100, ""swing_strength"": 2, ""thr_mode"": 1, ""trail_dist_pts"": 50, ""trail_start_pts"": 500, ""trail_step_pts"": 10, ""trend"": 200, ""use_session"": true, ""use_sl_pct"": false, ""use_volume"": true}",entries 13:00-16:59 server (London/NY overlap),2021-09-01..2026-09-26,B,0,nan,nan,nan,nan,0.0,0.0,0.0,nan,0.0,0.0,0.0,nan,negative,mixed,net 0.0 vs base 487.36; OOS 0.0 vs 311.8
V06-btcusd-048,2026-09-28,btcusd,D1,FINAL_H4,"{""atr_period"": 22, ""be_enable"": true, ""be_offset_pts"": 10, ""be_trigger_pts"": 200, ""entry_buffer_pts"": 0, ""fast"": 18, ""gate"": null, ""ma_exit"": true, ""prot_start_mode"": 0, ""prot_start_pts"": 0, ""protection"": 4, ""session_hours"": [7, 8, 9, 10, 11, 12, 13, 14, 15, 16, 17, 18, 19, 20, 21, 22, 23], ""swing_search"": 100, ""swing_strength"": 2, ""thr_mode"": 1, ""trail_dist_pts"": 50, ""trail_start_pts"": 500, ""trail_step_pts"": 10, ""trend"": 200, ""use_session"": true, ""use_sl_pct"": false, ""use_volume"": true}",no entries 00:00-06:59 server (Asia),2021-09-01..2026-09-26,B,0,nan,nan,nan,nan,0.0,0.0,0.0,nan,0.0,0.0,0.0,nan,negative,mixed,net 0.0 vs base 487.36; OOS 0.0 vs 311.8
V07-btcusd-049,2026-09-28,btcusd,D1,FINAL_H4,"{""atr_period"": 22, ""be_enable"": true, ""be_offset_pts"": 10, ""be_trigger_pts"": 200, ""entry_buffer_pts"": 0, ""fast"": 18, ""gate"": [""mon_open""], ""ma_exit"": true, ""prot_start_mode"": 0, ""prot_start_pts"": 0, ""protection"": 4, ""swing_search"": 100, ""swing_strength"": 2, ""thr_mode"": 1, ""trail_dist_pts"": 50, ""trail_start_pts"": 500, ""trail_step_pts"": 10, ""trend"": 200, ""use_sl_pct"": false, ""use_volume"": true}",no entries on Monday before 08:00 (weekend gap),2021-09-01..2026-09-26,B,53,34.0,1.931,11.8393,0.1565,627.48,8.3,149.87,0.81,98.76,239.39,289.33,2.325,unstable,harmful,net 627.48 vs base 487.36; OOS 289.33 vs 311.8
V08-btcusd-050,2026-09-28,btcusd,D1,FINAL_H4,"{""atr_period"": 22, ""be_enable"": true, ""be_offset_pts"": 10, ""be_trigger_pts"": 200, ""entry_buffer_pts"": 0, ""fast"": 18, ""gate"": null, ""ma_exit"": true, ""prot_start_mode"": 0, ""prot_start_pts"": 0, ""protection"": 4, ""swing_search"": 100, ""swing_strength"": 2, ""thr_mode"": 1, ""trail_dist_pts"": 50, ""trail_start_pts"": 500, ""trail_step_pts"": 10, ""trend"": 200, ""use_sl_pct"": false, ""use_vol_filter"": true, ""use_volume"": true, ""vol_filter_min"": 1.0}",ATR(22)/SMA100(ATR) >= 1.0,2021-09-01..2026-09-26,B,32,21.9,0.52,-11.0523,-0.0223,-353.67,-0.71,393.71,-0.56,-70.78,-157.12,-125.78,0.367,negative,harmful,net -353.67 vs base 487.36; OOS -125.78 vs 311.8
V09-btcusd-051,2026-09-28,btcusd,D1,FINAL_H4,"{""atr_period"": 22, ""be_enable"": true, ""be_offset_pts"": 10, ""be_trigger_pts"": 200, ""entry_buffer_pts"": 0, ""fast"": 18, ""gate"": null, ""ma_exit"": true, ""prot_start_mode"": 0, ""prot_start_pts"": 0, ""protection"": 4, ""swing_search"": 100, ""swing_strength"": 2, ""thr_mode"": 1, ""trail_dist_pts"": 50, ""trail_start_pts"": 500, ""trail_step_pts"": 10, ""trend"": 200, ""use_sl_pct"": false, ""use_vol_filter"": true, ""use_volume"": true, ""vol_filter_max"": 1.5, ""vol_filter_min"": 0.0}",ATR(22)/SMA100(ATR) <= 1.5,2021-09-01..2026-09-26,B,50,34.0,1.967,12.4668,0.1516,623.34,7.58,125.19,0.77,153.2,158.33,311.8,2.657,unstable,mixed,net 623.34 vs base 487.36; OOS 311.8 vs 311.8
V10-btcusd-052,2026-09-28,btcusd,D1,FINAL_H4,"{""atr_period"": 22, ""be_enable"": true, ""be_offset_pts"": 10, ""be_trigger_pts"": 200, ""entry_buffer_pts"": 0, ""fast"": 18, ""gate"": null, ""ma_exit"": true, ""prot_start_mode"": 0, ""prot_start_pts"": 0, ""protection"": 4, ""slope_filter_bars"": 3, ""swing_search"": 100, ""swing_strength"": 2, ""thr_mode"": 1, ""trail_dist_pts"": 50, ""trail_start_pts"": 500, ""trail_step_pts"": 10, ""trend"": 200, ""use_sl_pct"": false, ""use_volume"": true}",MA18 slope filter over 3 bars,2021-09-01..2026-09-26,B,50,30.0,1.446,6.376,0.169,318.8,8.45,139.04,0.44,46.46,166.48,105.85,1.505,unstable,harmful,net 318.8 vs base 487.36; OOS 105.85 vs 311.8
V11-btcusd-053,2026-09-28,btcusd,D1,FINAL_H4,"{""atr_period"": 22, ""be_enable"": true, ""be_offset_pts"": 10, ""be_trigger_pts"": 200, ""entry_buffer_pts"": 0, ""fast"": 18, ""gate"": null, ""ma_exit"": true, ""max_dist_atr"": 2.0, ""prot_start_mode"": 0, ""prot_start_pts"": 0, ""protection"": 4, ""swing_search"": 100, ""swing_strength"": 2, ""thr_mode"": 1, ""trail_dist_pts"": 50, ""trail_start_pts"": 500, ""trail_step_pts"": 10, ""trend"": 200, ""use_sl_pct"": false, ""use_volume"": true}",no entry when |close - MA18| > 2 ATR,2021-09-01..2026-09-26,B,46,30.4,1.203,3.3132,0.1137,152.41,5.23,316.65,0.2,93.76,-115.89,174.54,1.943,unstable,harmful,net 152.41 vs base 487.36; OOS 174.54 vs 311.8
V12-btcusd-054,2026-09-28,btcusd,D1,FINAL_H4,"{""atr_period"": 22, ""be_enable"": true, ""be_offset_pts"": 10, ""be_trigger_pts"": 200, ""entry_buffer_pts"": 0, ""fast"": 18, ""gate"": [""regime"", ""no_sideways""], ""ma_exit"": true, ""prot_start_mode"": 0, ""prot_start_pts"": 0, ""protection"": 4, ""swing_search"": 100, ""swing_strength"": 2, ""thr_mode"": 1, ""trail_dist_pts"": 50, ""trail_start_pts"": 500, ""trail_step_pts"": 10, ""trend"": 200, ""use_sl_pct"": false, ""use_volume"": true}",trend-regime gate: no sideways days,2021-09-01..2026-09-26,B,49,30.6,1.104,2.0795,0.0594,101.89,2.91,212.31,0.14,160.38,7.08,-65.57,0.814,unstable,harmful,net 101.89 vs base 487.36; OOS -65.57 vs 311.8
V13-btcusd-055,2026-09-28,btcusd,D1,FINAL_H4,"{""atr_period"": 22, ""be_enable"": true, ""be_offset_pts"": 10, ""be_trigger_pts"": 200, ""entry_buffer_pts"": 0, ""fast"": 18, ""gate"": [""regime"", ""aligned""], ""ma_exit"": true, ""prot_start_mode"": 0, ""prot_start_pts"": 0, ""protection"": 4, ""swing_search"": 100, ""swing_strength"": 2, ""thr_mode"": 1, ""trail_dist_pts"": 50, ""trail_start_pts"": 500, ""trail_step_pts"": 10, ""trend"": 200, ""use_sl_pct"": false, ""use_volume"": true}",regime-aligned direction,2021-09-01..2026-09-26,B,45,28.9,0.96,-0.9105,0.0211,-40.97,0.95,297.21,-0.06,153.07,7.08,-201.13,0.502,negative,harmful,net -40.97 vs base 487.36; OOS -201.13 vs 311.8
V14-btcusd-056,2026-09-28,btcusd,D1,FINAL_H4,"{""atr_period"": 22, ""be_enable"": true, ""be_offset_pts"": 10, ""be_trigger_pts"": 200, ""entry_buffer_pts"": 0, ""fast"": 18, ""gate"": [""dir"", 1], ""ma_exit"": true, ""prot_start_mode"": 0, ""prot_start_pts"": 0, ""protection"": 4, ""swing_search"": 100, ""swing_strength"": 2, ""thr_mode"": 1, ""trail_dist_pts"": 50, ""trail_start_pts"": 500, ""trail_step_pts"": 10, ""trend"": 200, ""use_sl_pct"": false, ""use_volume"": true}",long only,2021-09-01..2026-09-26,B,32,34.4,1.388,6.4258,0.1927,205.63,6.17,187.16,0.32,54.84,87.22,63.56,2.691,unstable,harmful,net 205.63 vs base 487.36; OOS 63.56 vs 311.8
V15-btcusd-057,2026-09-28,btcusd,D1,FINAL_H4,"{""atr_period"": 22, ""be_enable"": true, ""be_offset_pts"": 10, ""be_trigger_pts"": 200, ""entry_buffer_pts"": 0, ""fast"": 18, ""gate"": [""dir"", -1], ""ma_exit"": true, ""prot_start_mode"": 0, ""prot_start_pts"": 0, ""protection"": 4, ""swing_search"": 100, ""swing_strength"": 2, ""thr_mode"": 1, ""trail_dist_pts"": 50, ""trail_start_pts"": 500, ""trail_step_pts"": 10, ""trend"": 200, ""use_sl_pct"": false, ""use_volume"": true}",short only,2021-09-01..2026-09-26,B,22,31.8,2.056,12.8063,0.0011,281.74,0.03,105.13,0.53,67.25,-33.75,248.24,2.648,unstable,mixed,net 281.74 vs base 487.36; OOS 248.24 vs 311.8
V16-btcusd-058,2026-09-28,btcusd,D1,FINAL_H4,"{""atr_period"": 22, ""be_enable"": true, ""be_offset_pts"": 10, ""be_trigger_pts"": 200, ""entry_buffer_pts"": 0, ""fast"": 18, ""gate"": null, ""ma_exit"": true, ""pending_max_bars"": 3, ""prot_start_mode"": 0, ""prot_start_pts"": 0, ""protection"": 4, ""swing_search"": 100, ""swing_strength"": 2, ""thr_mode"": 1, ""trail_dist_pts"": 50, ""trail_start_pts"": 500, ""trail_step_pts"": 10, ""trend"": 200, ""use_sl_pct"": false, ""use_volume"": true}",pending order expires after 3 bars,2021-09-01..2026-09-26,B,53,32.1,1.63,9.118,0.201,483.26,10.65,187.89,0.54,75.99,53.47,353.79,2.885,unstable,mixed,net 483.26 vs base 487.36; OOS 353.79 vs 311.8
V17-btcusd-059,2026-09-28,btcusd,D1,FINAL_H4,"{""atr_period"": 22, ""be_enable"": true, ""be_offset_pts"": 10, ""be_trigger_pts"": 200, ""confirm_bars"": 1, ""entry_buffer_pts"": 0, ""fast"": 18, ""gate"": null, ""ma_exit"": true, ""prot_start_mode"": 0, ""prot_start_pts"": 0, ""protection"": 4, ""swing_search"": 100, ""swing_strength"": 2, ""thr_mode"": 1, ""trail_dist_pts"": 50, ""trail_start_pts"": 500, ""trail_step_pts"": 10, ""trend"": 200, ""use_sl_pct"": false, ""use_volume"": true}",confirmation window 1 bar,2021-09-01..2026-09-26,B,65,33.8,1.778,10.7897,0.1326,701.33,8.62,185.73,0.82,216.55,223.5,261.28,1.882,unstable,mixed,net 701.33 vs base 487.36; OOS 261.28 vs 311.8
V18-btcusd-060,2026-09-28,btcusd,D1,FINAL_H4,"{""atr_period"": 22, ""be_enable"": true, ""be_offset_pts"": 10, ""be_trigger_pts"": 200, ""confirm_bars"": 3, ""entry_buffer_pts"": 0, ""fast"": 18, ""gate"": null, ""ma_exit"": true, ""prot_start_mode"": 0, ""prot_start_pts"": 0, ""protection"": 4, ""swing_search"": 100, ""swing_strength"": 2, ""thr_mode"": 1, ""trail_dist_pts"": 50, ""trail_start_pts"": 500, ""trail_step_pts"": 10, ""trend"": 200, ""use_sl_pct"": false, ""use_volume"": true}",confirmation window 3 bars,2021-09-01..2026-09-26,B,49,32.7,1.305,4.9933,0.1125,244.67,5.51,186.81,0.32,93.6,24.29,126.79,1.657,unstable,harmful,net 244.67 vs base 487.36; OOS 126.79 vs 311.8
V19-btcusd-061,2026-09-28,btcusd,D1,FINAL_H4,"{""atr_period"": 22, ""be_enable"": true, ""be_offset_pts"": 10, ""be_trigger_pts"": 200, ""entry_buffer_pts"": 0, ""fast"": 18, ""gate"": [""regime"", ""vol_low_normal""], ""ma_exit"": true, ""prot_start_mode"": 0, ""prot_start_pts"": 0, ""protection"": 4, ""swing_search"": 100, ""swing_strength"": 2, ""thr_mode"": 1, ""trail_dist_pts"": 50, ""trail_start_pts"": 500, ""trail_step_pts"": 10, ""trend"": 200, ""use_sl_pct"": false, ""use_volume"": true}",no high/extreme volatility days,2021-09-01..2026-09-26,B,52,32.7,1.639,9.5787,0.1418,498.09,7.37,187.89,0.61,132.82,53.47,311.8,2.657,unstable,mixed,net 498.09 vs base 487.36; OOS 311.8 vs 311.8
V20-btcusd-062,2026-09-28,btcusd,D1,FINAL_H4,"{""atr_period"": 22, ""be_enable"": true, ""be_offset_pts"": 10, ""be_trigger_pts"": 200, ""entry_buffer_pts"": 0, ""fast"": 18, ""gate"": [""spread""], ""ma_exit"": true, ""prot_start_mode"": 0, ""prot_start_pts"": 0, ""protection"": 4, ""swing_search"": 100, ""swing_strength"": 2, ""thr_mode"": 1, ""trail_dist_pts"": 50, ""trail_start_pts"": 500, ""trail_step_pts"": 10, ""trend"": 200, ""use_sl_pct"": false, ""use_volume"": true}",max spread filter: no setup when spread > 2x model median,2021-09-01..2026-09-26,B,54,33.3,1.612,9.0253,0.1146,487.36,6.19,187.89,0.6,122.09,53.47,311.8,2.657,unstable,mixed,net 487.36 vs base 487.36; OOS 311.8 vs 311.8
BASE-btcusd-002,2026-09-28,btcusd,1m,ASIS,"{""be_enable"": true, ""be_offset_pts"": 10, ""be_trigger_pts"": 500, ""entry_buffer_pts"": 10, ""fast"": 18, ""ma_exit"": true, ""prot_start_mode"": 1, ""prot_start_pts"": 500, ""protection"": 1, ""swing_buffer_pts"": 50, ""swing_search"": 100, ""swing_strength"": 2, ""thr_mode"": 0, ""trend"": 200, ""use_sl_pct"": false, ""use_volume"": true}",none,2021-09-01..2026-09-26,B,76068,4.6,0.182,-0.4952,-0.5592,-37670.95,-42541.0,37670.95,-5.68,-23939.05,-8001.57,-5730.33,0.328,negative,baseline,"negative: net -37670.95 USD/0.01 lot, PF 0.182, OOS -5730.33"
BASE-btcusd-005,2026-09-28,btcusd,3m,ASIS,"{""be_enable"": true, ""be_offset_pts"": 10, ""be_trigger_pts"": 500, ""entry_buffer_pts"": 10, ""fast"": 18, ""ma_exit"": true, ""prot_start_mode"": 1, ""prot_start_pts"": 500, ""protection"": 1, ""swing_buffer_pts"": 50, ""swing_search"": 100, ""swing_strength"": 2, ""thr_mode"": 0, ""trend"": 200, ""use_sl_pct"": false, ""use_volume"": true}",none,2021-09-01..2026-09-26,B,31777,4.7,0.289,-0.4439,-0.2873,-14106.75,-9131.0,14106.84,-6.17,-8530.94,-3069.53,-2506.28,0.4,negative,baseline,"negative: net -14106.75 USD/0.01 lot, PF 0.289, OOS -2506.28"
BASE-btcusd-008,2026-09-28,btcusd,5m,ASIS,"{""be_enable"": true, ""be_offset_pts"": 10, ""be_trigger_pts"": 500, ""entry_buffer_pts"": 10, ""fast"": 18, ""ma_exit"": true, ""prot_start_mode"": 1, ""prot_start_pts"": 500, ""protection"": 1, ""swing_buffer_pts"": 50, ""swing_search"": 100, ""swing_strength"": 2, ""thr_mode"": 0, ""trend"": 200, ""use_sl_pct"": false, ""use_volume"": true}",none,2021-09-01..2026-09-26,B,21835,4.3,0.322,-0.4302,-0.2066,-9393.6,-4510.14,9393.6,-5.73,-5863.07,-2134.86,-1395.66,0.504,negative,baseline,"negative: net -9393.6 USD/0.01 lot, PF 0.322, OOS -1395.66"
BASE-btcusd-011,2026-09-28,btcusd,10m,ASIS,"{""be_enable"": true, ""be_offset_pts"": 10, ""be_trigger_pts"": 500, ""entry_buffer_pts"": 10, ""fast"": 18, ""ma_exit"": true, ""prot_start_mode"": 1, ""prot_start_pts"": 500, ""protection"": 1, ""swing_buffer_pts"": 50, ""swing_search"": 100, ""swing_strength"": 2, ""thr_mode"": 0, ""trend"": 200, ""use_sl_pct"": false, ""use_volume"": true}",none,2021-09-01..2026-09-26,B,12793,4.0,0.398,-0.3849,-0.1296,-4923.9,-1657.42,4952.31,-4.38,-3147.8,-1045.84,-730.26,0.549,negative,baseline,"negative: net -4923.9 USD/0.01 lot, PF 0.398, OOS -730.26"
BASE-btcusd-014,2026-09-28,btcusd,15m,ASIS,"{""be_enable"": true, ""be_offset_pts"": 10, ""be_trigger_pts"": 500, ""entry_buffer_pts"": 10, ""fast"": 18, ""ma_exit"": true, ""prot_start_mode"": 1, ""prot_start_pts"": 500, ""protection"": 1, ""swing_buffer_pts"": 50, ""swing_search"": 100, ""swing_strength"": 2, ""thr_mode"": 0, ""trend"": 200, ""use_sl_pct"": false, ""use_volume"": true}",none,2021-09-01..2026-09-26,B,9178,3.7,0.429,-0.3782,-0.1046,-3470.67,-960.38,3515.13,-3.92,-2173.63,-896.26,-400.79,0.673,negative,baseline,"negative: net -3470.67 USD/0.01 lot, PF 0.429, OOS -400.79"
BASE-btcusd-017,2026-09-28,btcusd,30m,ASIS,"{""be_enable"": true, ""be_offset_pts"": 10, ""be_trigger_pts"": 500, ""entry_buffer_pts"": 10, ""fast"": 18, ""ma_exit"": true, ""prot_start_mode"": 1, ""prot_start_pts"": 500, ""protection"": 1, ""swing_buffer_pts"": 50, ""swing_search"": 100, ""swing_strength"": 2, ""thr_mode"": 0, ""trend"": 200, ""use_sl_pct"": false, ""use_volume"": true}",none,2021-09-01..2026-09-26,B,5186,3.6,0.533,-0.3039,-0.0676,-1575.89,-350.72,1585.03,-2.7,-960.77,-374.1,-241.02,0.643,negative,baseline,"negative: net -1575.89 USD/0.01 lot, PF 0.533, OOS -241.02"
BASE-btcusd-020,2026-09-28,btcusd,1h,ASIS,"{""be_enable"": true, ""be_offset_pts"": 10, ""be_trigger_pts"": 500, ""entry_buffer_pts"": 10, ""fast"": 18, ""ma_exit"": true, ""prot_start_mode"": 1, ""prot_start_pts"": 500, ""protection"": 1, ""swing_buffer_pts"": 50, ""swing_search"": 100, ""swing_strength"": 2, ""thr_mode"": 0, ""trend"": 200, ""use_sl_pct"": false, ""use_volume"": true}",none,2021-09-01..2026-09-26,B,2815,3.6,0.662,-0.2428,-0.0306,-683.36,-86.18,728.37,-1.35,-480.89,-171.38,-31.08,0.91,negative,baseline,"negative: net -683.36 USD/0.01 lot, PF 0.662, OOS -31.08"
BASE-btcusd-023,2026-09-28,btcusd,2h,ASIS,"{""be_enable"": true, ""be_offset_pts"": 10, ""be_trigger_pts"": 500, ""entry_buffer_pts"": 10, ""fast"": 18, ""ma_exit"": true, ""prot_start_mode"": 1, ""prot_start_pts"": 500, ""protection"": 1, ""swing_buffer_pts"": 50, ""swing_search"": 100, ""swing_strength"": 2, ""thr_mode"": 0, ""trend"": 200, ""use_sl_pct"": false, ""use_volume"": true}",none,2021-09-01..2026-09-26,B,1549,3.2,0.994,-0.0033,0.0002,-5.04,0.3,184.03,-0.01,95.85,82.94,-183.83,0.281,negative,baseline,"negative: net -5.04 USD/0.01 lot, PF 0.994, OOS -183.83"
BASE-btcusd-026,2026-09-28,btcusd,4h,ASIS,"{""be_enable"": true, ""be_offset_pts"": 10, ""be_trigger_pts"": 500, ""entry_buffer_pts"": 10, ""fast"": 18, ""ma_exit"": true, ""prot_start_mode"": 1, ""prot_start_pts"": 500, ""protection"": 1, ""swing_buffer_pts"": 50, ""swing_search"": 100, ""swing_strength"": 2, ""thr_mode"": 0, ""trend"": 200, ""use_sl_pct"": false, ""use_volume"": true}",none,2021-09-01..2026-09-26,B,806,2.9,1.245,0.1694,0.0217,136.53,17.51,141.23,0.32,147.98,26.19,-37.63,0.747,unstable,baseline,"unstable: net 136.53 USD/0.01 lot, PF 1.245, OOS -37.63"
BASE-btcusd-029,2026-09-28,btcusd,D1,ASIS,"{""be_enable"": true, ""be_offset_pts"": 10, ""be_trigger_pts"": 500, ""entry_buffer_pts"": 10, ""fast"": 18, ""ma_exit"": true, ""prot_start_mode"": 1, ""prot_start_pts"": 500, ""protection"": 1, ""swing_buffer_pts"": 50, ""swing_search"": 100, ""swing_strength"": 2, ""thr_mode"": 0, ""trend"": 200, ""use_sl_pct"": false, ""use_volume"": true}",none,2021-09-01..2026-09-26,B,144,2.8,2.338,0.8745,0.0387,125.93,5.58,60.56,0.38,169.81,-41.26,-2.62,0.0,unstable,baseline,"unstable: net 125.93 USD/0.01 lot, PF 2.338, OOS -2.62"
BASE-btcusd-032,2026-09-28,btcusd,1m,FINAL_H4,"{""atr_period"": 22, ""be_enable"": true, ""be_offset_pts"": 10, ""be_trigger_pts"": 200, ""entry_buffer_pts"": 0, ""fast"": 18, ""ma_exit"": true, ""prot_start_mode"": 0, ""prot_start_pts"": 0, ""protection"": 4, ""swing_search"": 100, ""swing_strength"": 2, ""thr_mode"": 1, ""trail_dist_pts"": 50, ""trail_start_pts"": 500, ""trail_step_pts"": 10, ""trend"": 200, ""use_sl_pct"": false, ""use_volume"": true}",none,2021-09-01..2026-09-26,B,64691,10.9,0.339,-0.5266,-0.6027,-34063.77,-38990.09,34063.77,-5.76,-21452.3,-7235.44,-5376.03,0.5,negative,baseline,"negative: net -34063.77 USD/0.01 lot, PF 0.339, OOS -5376.03"
BASE-btcusd-035,2026-09-28,btcusd,3m,FINAL_H4,"{""atr_period"": 22, ""be_enable"": true, ""be_offset_pts"": 10, ""be_trigger_pts"": 200, ""entry_buffer_pts"": 0, ""fast"": 18, ""ma_exit"": true, ""prot_start_mode"": 0, ""prot_start_pts"": 0, ""protection"": 4, ""swing_search"": 100, ""swing_strength"": 2, ""thr_mode"": 1, ""trail_dist_pts"": 50, ""trail_start_pts"": 500, ""trail_step_pts"": 10, ""trend"": 200, ""use_sl_pct"": false, ""use_volume"": true}",none,2021-09-01..2026-09-26,B,23116,15.6,0.526,-0.5307,-0.3537,-12267.59,-8175.86,12270.4,-6.52,-7122.73,-3052.57,-2092.29,0.654,negative,baseline,"negative: net -12267.59 USD/0.01 lot, PF 0.526, OOS -2092.29"
BASE-btcusd-038,2026-09-28,btcusd,5m,FINAL_H4,"{""atr_period"": 22, ""be_enable"": true, ""be_offset_pts"": 10, ""be_trigger_pts"": 200, ""entry_buffer_pts"": 0, ""fast"": 18, ""ma_exit"": true, ""prot_start_mode"": 0, ""prot_start_pts"": 0, ""protection"": 4, ""swing_search"": 100, ""swing_strength"": 2, ""thr_mode"": 1, ""trail_dist_pts"": 50, ""trail_start_pts"": 500, ""trail_step_pts"": 10, ""trend"": 200, ""use_sl_pct"": false, ""use_volume"": true}",none,2021-09-01..2026-09-26,B,14642,17.5,0.591,-0.5485,-0.2702,-8031.12,-3956.05,8031.12,-5.85,-4857.85,-2035.31,-1137.96,0.754,negative,baseline,"negative: net -8031.12 USD/0.01 lot, PF 0.591, OOS -1137.96"
BASE-btcusd-041,2026-09-28,btcusd,10m,FINAL_H4,"{""atr_period"": 22, ""be_enable"": true, ""be_offset_pts"": 10, ""be_trigger_pts"": 200, ""entry_buffer_pts"": 0, ""fast"": 18, ""ma_exit"": true, ""prot_start_mode"": 0, ""prot_start_pts"": 0, ""protection"": 4, ""swing_search"": 100, ""swing_strength"": 2, ""thr_mode"": 1, ""trail_dist_pts"": 50, ""trail_start_pts"": 500, ""trail_step_pts"": 10, ""trend"": 200, ""use_sl_pct"": false, ""use_volume"": true}",none,2021-09-01..2026-09-26,B,7746,19.8,0.677,-0.5575,-0.186,-4318.76,-1440.37,4332.15,-4.69,-2565.47,-905.94,-847.36,0.739,negative,baseline,"negative: net -4318.76 USD/0.01 lot, PF 0.677, OOS -847.36"
BASE-btcusd-044,2026-09-28,btcusd,15m,FINAL_H4,"{""atr_period"": 22, ""be_enable"": true, ""be_offset_pts"": 10, ""be_trigger_pts"": 200, ""entry_buffer_pts"": 0, ""fast"": 18, ""ma_exit"": true, ""prot_start_mode"": 0, ""prot_start_pts"": 0, ""protection"": 4, ""swing_search"": 100, ""swing_strength"": 2, ""thr_mode"": 1, ""trail_dist_pts"": 50, ""trail_start_pts"": 500, ""trail_step_pts"": 10, ""trend"": 200, ""use_sl_pct"": false, ""use_volume"": true}",none,2021-09-01..2026-09-26,B,5299,20.5,0.696,-0.6139,-0.1485,-3253.19,-787.04,3320.07,-3.73,-1894.19,-899.67,-459.34,0.827,negative,baseline,"negative: net -3253.19 USD/0.01 lot, PF 0.696, OOS -459.34"
BASE-btcusd-047,2026-09-28,btcusd,30m,FINAL_H4,"{""atr_period"": 22, ""be_enable"": true, ""be_offset_pts"": 10, ""be_trigger_pts"": 200, ""entry_buffer_pts"": 0, ""fast"": 18, ""ma_exit"": true, ""prot_start_mode"": 0, ""prot_start_pts"": 0, ""protection"": 4, ""swing_search"": 100, ""swing_strength"": 2, ""thr_mode"": 1, ""trail_dist_pts"": 50, ""trail_start_pts"": 500, ""trail_step_pts"": 10, ""trend"": 200, ""use_sl_pct"": false, ""use_volume"": true}",none,2021-09-01..2026-09-26,B,2783,20.9,0.802,-0.5049,-0.113,-1405.08,-314.45,1438.27,-1.78,-844.89,-461.24,-98.96,0.944,negative,baseline,"negative: net -1405.08 USD/0.01 lot, PF 0.802, OOS -98.96"
BASE-btcusd-050,2026-09-28,btcusd,1h,FINAL_H4,"{""atr_period"": 22, ""be_enable"": true, ""be_offset_pts"": 10, ""be_trigger_pts"": 200, ""entry_buffer_pts"": 0, ""fast"": 18, ""ma_exit"": true, ""prot_start_mode"": 0, ""prot_start_pts"": 0, ""protection"": 4, ""swing_search"": 100, ""swing_strength"": 2, ""thr_mode"": 1, ""trail_dist_pts"": 50, ""trail_start_pts"": 500, ""trail_step_pts"": 10, ""trend"": 200, ""use_sl_pct"": false, ""use_volume"": true}",none,2021-09-01..2026-09-26,B,1406,23.8,0.811,-0.7036,-0.0605,-989.32,-85.05,1107.47,-1.13,-502.31,-528.32,41.32,1.033,negative,baseline,"negative: net -989.32 USD/0.01 lot, PF 0.811, OOS 41.32"
BASE-btcusd-053,2026-09-28,btcusd,2h,FINAL_H4,"{""atr_period"": 22, ""be_enable"": true, ""be_offset_pts"": 10, ""be_trigger_pts"": 200, ""entry_buffer_pts"": 0, ""fast"": 18, ""ma_exit"": true, ""prot_start_mode"": 0, ""prot_start_pts"": 0, ""protection"": 4, ""swing_search"": 100, ""swing_strength"": 2, ""thr_mode"": 1, ""trail_dist_pts"": 50, ""trail_start_pts"": 500, ""trail_step_pts"": 10, ""trend"": 200, ""use_sl_pct"": false, ""use_volume"": true}",none,2021-09-01..2026-09-26,B,733,26.2,0.944,-0.2795,0.0174,-204.85,12.77,461.67,-0.31,-179.28,-121.51,95.94,1.108,negative,baseline,"negative: net -204.85 USD/0.01 lot, PF 0.944, OOS 95.94"
BASE-btcusd-056,2026-09-28,btcusd,4h,FINAL_H4,"{""atr_period"": 22, ""be_enable"": true, ""be_offset_pts"": 10, ""be_trigger_pts"": 200, ""entry_buffer_pts"": 0, ""fast"": 18, ""ma_exit"": true, ""prot_start_mode"": 0, ""prot_start_pts"": 0, ""protection"": 4, ""swing_search"": 100, ""swing_strength"": 2, ""thr_mode"": 1, ""trail_dist_pts"": 50, ""trail_start_pts"": 500, ""trail_step_pts"": 10, ""trend"": 200, ""use_sl_pct"": false, ""use_volume"": true}",none,2021-09-01..2026-09-26,B,367,26.2,0.886,-0.8303,-0.0423,-304.73,-15.51,435.13,-0.36,-250.66,-11.24,-42.84,0.945,negative,baseline,"negative: net -304.73 USD/0.01 lot, PF 0.886, OOS -42.84"
BASE-btcusd-059,2026-09-28,btcusd,D1,FINAL_H4,"{""atr_period"": 22, ""be_enable"": true, ""be_offset_pts"": 10, ""be_trigger_pts"": 200, ""entry_buffer_pts"": 0, ""fast"": 18, ""ma_exit"": true, ""prot_start_mode"": 0, ""prot_start_pts"": 0, ""protection"": 4, ""swing_search"": 100, ""swing_strength"": 2, ""thr_mode"": 1, ""trail_dist_pts"": 50, ""trail_start_pts"": 500, ""trail_step_pts"": 10, ""trend"": 200, ""use_sl_pct"": false, ""use_volume"": true}",none,2021-09-01..2026-09-26,B,54,33.3,1.612,9.0253,0.1146,487.36,6.19,187.89,0.6,122.09,53.47,311.8,2.657,unstable,baseline,"unstable: net 487.36 USD/0.01 lot, PF 1.612, OOS 311.8"
BASE-eurusd-002,2026-09-28,eurusd,1m,ASIS,"{""be_enable"": true, ""be_offset_pts"": 10, ""be_trigger_pts"": 500, ""entry_buffer_pts"": 10, ""fast"": 18, ""ma_exit"": true, ""prot_start_mode"": 1, ""prot_start_pts"": 500, ""protection"": 1, ""swing_buffer_pts"": 50, ""swing_search"": 100, ""swing_strength"": 2, ""thr_mode"": 0, ""trend"": 200, ""use_sl_pct"": false, ""use_volume"": true}",none,2021-09-01..2026-09-26,B,47526,15.6,0.275,-0.2374,-0.4894,-11284.78,-23259.9,11284.78,-11.83,-7068.08,-2183.32,-2033.38,0.189,negative,baseline,"negative: net -11284.78 USD/0.01 lot, PF 0.275, OOS -2033.38"
BASE-eurusd-005,2026-09-28,eurusd,3m,ASIS,"{""be_enable"": true, ""be_offset_pts"": 10, ""be_trigger_pts"": 500, ""entry_buffer_pts"": 10, ""fast"": 18, ""ma_exit"": true, ""prot_start_mode"": 1, ""prot_start_pts"": 500, ""protection"": 1, ""swing_buffer_pts"": 50, ""swing_search"": 100, ""swing_strength"": 2, ""thr_mode"": 0, ""trend"": 200, ""use_sl_pct"": false, ""use_volume"": true}",none,2021-09-01..2026-09-26,B,18745,19.5,0.405,-0.2525,-0.3641,-4733.59,-6825.93,4733.64,-10.64,-2953.22,-943.78,-836.58,0.319,negative,baseline,"negative: net -4733.59 USD/0.01 lot, PF 0.405, OOS -836.58"
BASE-eurusd-008,2026-09-28,eurusd,5m,ASIS,"{""be_enable"": true, ""be_offset_pts"": 10, ""be_trigger_pts"": 500, ""entry_buffer_pts"": 10, ""fast"": 18, ""ma_exit"": true, ""prot_start_mode"": 1, ""prot_start_pts"": 500, ""protection"": 1, ""swing_buffer_pts"": 50, ""swing_search"": 100, ""swing_strength"": 2, ""thr_mode"": 0, ""trend"": 200, ""use_sl_pct"": false, ""use_volume"": true}",none,2021-09-01..2026-09-26,B,11683,20.6,0.468,-0.2648,-0.3163,-3094.07,-3695.69,3094.2,-9.24,-1971.79,-596.85,-525.43,0.396,negative,baseline,"negative: net -3094.07 USD/0.01 lot, PF 0.468, OOS -525.43"
BASE-eurusd-011,2026-09-28,eurusd,10m,ASIS,"{""be_enable"": true, ""be_offset_pts"": 10, ""be_trigger_pts"": 500, ""entry_buffer_pts"": 10, ""fast"": 18, ""ma_exit"": true, ""prot_start_mode"": 1, ""prot_start_pts"": 500, ""protection"": 1, ""swing_buffer_pts"": 50, ""swing_search"": 100, ""swing_strength"": 2, ""thr_mode"": 0, ""trend"": 200, ""use_sl_pct"": false, ""use_volume"": true}",none,2021-09-01..2026-09-26,B,6091,21.9,0.58,-0.2674,-0.2475,-1628.94,-1507.7,1628.94,-5.74,-1016.83,-325.84,-286.27,0.515,negative,baseline,"negative: net -1628.94 USD/0.01 lot, PF 0.58, OOS -286.27"
BASE-eurusd-014,2026-09-28,eurusd,15m,ASIS,"{""be_enable"": true, ""be_offset_pts"": 10, ""be_trigger_pts"": 500, ""entry_buffer_pts"": 10, ""fast"": 18, ""ma_exit"": true, ""prot_start_mode"": 1, ""prot_start_pts"": 500, ""protection"": 1, ""swing_buffer_pts"": 50, ""swing_search"": 100, ""swing_strength"": 2, ""thr_mode"": 0, ""trend"": 200, ""use_sl_pct"": false, ""use_volume"": true}",none,2021-09-01..2026-09-26,B,4089,24.3,0.614,-0.2867,-0.2271,-1172.35,-928.81,1173.16,-4.86,-741.99,-249.26,-181.11,0.6,negative,baseline,"negative: net -1172.35 USD/0.01 lot, PF 0.614, OOS -181.11"
BASE-eurusd-017,2026-09-28,eurusd,30m,ASIS,"{""be_enable"": true, ""be_offset_pts"": 10, ""be_trigger_pts"": 500, ""entry_buffer_pts"": 10, ""fast"": 18, ""ma_exit"": true, ""prot_start_mode"": 1, ""prot_start_pts"": 500, ""protection"": 1, ""swing_buffer_pts"": 50, ""swing_search"": 100, ""swing_strength"": 2, ""thr_mode"": 0, ""trend"": 200, ""use_sl_pct"": false, ""use_volume"": true}",none,2021-09-01..2026-09-26,B,2066,26.0,0.696,-0.2892,-0.1467,-597.57,-303.13,597.83,-2.61,-335.79,-173.47,-88.31,0.71,negative,baseline,"negative: net -597.57 USD/0.01 lot, PF 0.696, OOS -88.31"
BASE-eurusd-020,2026-09-28,eurusd,1h,ASIS,"{""be_enable"": true, ""be_offset_pts"": 10, ""be_trigger_pts"": 500, ""entry_buffer_pts"": 10, ""fast"": 18, ""ma_exit"": true, ""prot_start_mode"": 1, ""prot_start_pts"": 500, ""protection"": 1, ""swing_buffer_pts"": 50, ""swing_search"": 100, ""swing_strength"": 2, ""thr_mode"": 0, ""trend"": 200, ""use_sl_pct"": false, ""use_volume"": true}",none,2021-09-01..2026-09-26,B,1058,27.9,0.739,-0.3401,-0.0939,-359.87,-99.32,390.49,-1.64,-256.15,-39.16,-64.56,0.689,negative,baseline,"negative: net -359.87 USD/0.01 lot, PF 0.739, OOS -64.56"
BASE-eurusd-023,2026-09-28,eurusd,2h,ASIS,"{""be_enable"": true, ""be_offset_pts"": 10, ""be_trigger_pts"": 500, ""entry_buffer_pts"": 10, ""fast"": 18, ""ma_exit"": true, ""prot_start_mode"": 1, ""prot_start_pts"": 500, ""protection"": 1, ""swing_buffer_pts"": 50, ""swing_search"": 100, ""swing_strength"": 2, ""thr_mode"": 0, ""trend"": 200, ""use_sl_pct"": false, ""use_volume"": true}",none,2021-09-01..2026-09-26,B,533,30.0,0.822,-0.322,-0.0695,-171.62,-37.06,216.41,-0.78,-161.33,-5.99,-4.3,0.963,negative,baseline,"negative: net -171.62 USD/0.01 lot, PF 0.822, OOS -4.3"
BASE-eurusd-026,2026-09-28,eurusd,4h,ASIS,"{""be_enable"": true, ""be_offset_pts"": 10, ""be_trigger_pts"": 500, ""entry_buffer_pts"": 10, ""fast"": 18, ""ma_exit"": true, ""prot_start_mode"": 1, ""prot_start_pts"": 500, ""protection"": 1, ""swing_buffer_pts"": 50, ""swing_search"": 100, ""swing_strength"": 2, ""thr_mode"": 0, ""trend"": 200, ""use_sl_pct"": false, ""use_volume"": true}",none,2021-09-01..2026-09-26,B,260,34.6,1.002,0.0051,-0.0128,1.32,-3.33,111.66,0.01,-11.13,-18.4,30.85,1.399,unstable,baseline,"unstable: net 1.32 USD/0.01 lot, PF 1.002, OOS 30.85"
BASE-eurusd-029,2026-09-28,eurusd,D1,ASIS,"{""be_enable"": true, ""be_offset_pts"": 10, ""be_trigger_pts"": 500, ""entry_buffer_pts"": 10, ""fast"": 18, ""ma_exit"": true, ""prot_start_mode"": 1, ""prot_start_pts"": 500, ""protection"": 1, ""swing_buffer_pts"": 50, ""swing_search"": 100, ""swing_strength"": 2, ""thr_mode"": 0, ""trend"": 200, ""use_sl_pct"": false, ""use_volume"": true}",none,2021-09-01..2026-09-26,B,53,43.4,0.77,-0.7057,-0.0986,-37.4,-5.22,94.2,-0.28,-63.63,43.46,-17.23,0.368,negative,baseline,"negative: net -37.4 USD/0.01 lot, PF 0.77, OOS -17.23"
BASE-eurusd-032,2026-09-28,eurusd,1m,FINAL_H4,"{""atr_period"": 22, ""be_enable"": true, ""be_offset_pts"": 10, ""be_trigger_pts"": 200, ""entry_buffer_pts"": 0, ""fast"": 18, ""ma_exit"": true, ""prot_start_mode"": 0, ""prot_start_pts"": 0, ""protection"": 4, ""swing_search"": 100, ""swing_strength"": 2, ""thr_mode"": 1, ""trail_dist_pts"": 50, ""trail_start_pts"": 500, ""trail_step_pts"": 10, ""trend"": 200, ""use_sl_pct"": false, ""use_volume"": true}",none,2021-09-01..2026-09-26,B,61086,16.7,0.246,-0.2253,-0.663,-13759.63,-40500.55,13759.63,-12.32,-8578.02,-2545.72,-2635.89,0.155,negative,baseline,"negative: net -13759.63 USD/0.01 lot, PF 0.246, OOS -2635.89"
BASE-eurusd-035,2026-09-28,eurusd,3m,FINAL_H4,"{""atr_period"": 22, ""be_enable"": true, ""be_offset_pts"": 10, ""be_trigger_pts"": 200, ""entry_buffer_pts"": 0, ""fast"": 18, ""ma_exit"": true, ""prot_start_mode"": 0, ""prot_start_pts"": 0, ""protection"": 4, ""swing_search"": 100, ""swing_strength"": 2, ""thr_mode"": 1, ""trail_dist_pts"": 50, ""trail_start_pts"": 500, ""trail_step_pts"": 10, ""trend"": 200, ""use_sl_pct"": false, ""use_volume"": true}",none,2021-09-01..2026-09-26,B,21569,24.7,0.411,-0.2346,-0.4054,-5060.94,-8744.36,5060.94,-10.61,-3126.67,-941.34,-992.93,0.285,negative,baseline,"negative: net -5060.94 USD/0.01 lot, PF 0.411, OOS -992.93"
BASE-eurusd-038,2026-09-28,eurusd,5m,FINAL_H4,"{""atr_period"": 22, ""be_enable"": true, ""be_offset_pts"": 10, ""be_trigger_pts"": 200, ""entry_buffer_pts"": 0, ""fast"": 18, ""ma_exit"": true, ""prot_start_mode"": 0, ""prot_start_pts"": 0, ""protection"": 4, ""swing_search"": 100, ""swing_strength"": 2, ""thr_mode"": 1, ""trail_dist_pts"": 50, ""trail_start_pts"": 500, ""trail_step_pts"": 10, ""trend"": 200, ""use_sl_pct"": false, ""use_volume"": true}",none,2021-09-01..2026-09-26,B,13486,27.2,0.471,-0.247,-0.3332,-3331.42,-4493.0,3331.42,-9.07,-2068.65,-626.28,-636.48,0.375,negative,baseline,"negative: net -3331.42 USD/0.01 lot, PF 0.471, OOS -636.48"
BASE-eurusd-041,2026-09-28,eurusd,10m,FINAL_H4,"{""atr_period"": 22, ""be_enable"": true, ""be_offset_pts"": 10, ""be_trigger_pts"": 200, ""entry_buffer_pts"": 0, ""fast"": 18, ""ma_exit"": true, ""prot_start_mode"": 0, ""prot_start_pts"": 0, ""protection"": 4, ""swing_search"": 100, ""swing_strength"": 2, ""thr_mode"": 1, ""trail_dist_pts"": 50, ""trail_start_pts"": 500, ""trail_step_pts"": 10, ""trend"": 200, ""use_sl_pct"": false, ""use_volume"": true}",none,2021-09-01..2026-09-26,B,7224,30.6,0.577,-0.2485,-0.2472,-1794.97,-1785.58,1795.1,-6.98,-1128.14,-327.08,-339.75,0.502,negative,baseline,"negative: net -1794.97 USD/0.01 lot, PF 0.577, OOS -339.75"
BASE-eurusd-044,2026-09-28,eurusd,15m,FINAL_H4,"{""atr_period"": 22, ""be_enable"": true, ""be_offset_pts"": 10, ""be_trigger_pts"": 200, ""entry_buffer_pts"": 0, ""fast"": 18, ""ma_exit"": true, ""prot_start_mode"": 0, ""prot_start_pts"": 0, ""protection"": 4, ""swing_search"": 100, ""swing_strength"": 2, ""thr_mode"": 1, ""trail_dist_pts"": 50, ""trail_start_pts"": 500, ""trail_step_pts"": 10, ""trend"": 200, ""use_sl_pct"": false, ""use_volume"": true}",none,2021-09-01..2026-09-26,B,4844,32.9,0.615,-0.2635,-0.2113,-1276.51,-1023.31,1276.51,-5.62,-768.66,-291.86,-215.99,0.594,negative,baseline,"negative: net -1276.51 USD/0.01 lot, PF 0.615, OOS -215.99"
BASE-eurusd-047,2026-09-28,eurusd,30m,FINAL_H4,"{""atr_period"": 22, ""be_enable"": true, ""be_offset_pts"": 10, ""be_trigger_pts"": 200, ""entry_buffer_pts"": 0, ""fast"": 18, ""ma_exit"": true, ""prot_start_mode"": 0, ""prot_start_pts"": 0, ""protection"": 4, ""swing_search"": 100, ""swing_strength"": 2, ""thr_mode"": 1, ""trail_dist_pts"": 50, ""trail_start_pts"": 500, ""trail_step_pts"": 10, ""trend"": 200, ""use_sl_pct"": false, ""use_volume"": true}",none,2021-09-01..2026-09-26,B,2523,35.5,0.703,-0.2573,-0.1502,-649.1,-379.0,652.93,-2.81,-363.77,-168.0,-117.33,0.674,negative,baseline,"negative: net -649.1 USD/0.01 lot, PF 0.703, OOS -117.33"
BASE-eurusd-050,2026-09-28,eurusd,1h,FINAL_H4,"{""atr_period"": 22, ""be_enable"": true, ""be_offset_pts"": 10, ""be_trigger_pts"": 200, ""entry_buffer_pts"": 0, ""fast"": 18, ""ma_exit"": true, ""prot_start_mode"": 0, ""prot_start_pts"": 0, ""protection"": 4, ""swing_search"": 100, ""swing_strength"": 2, ""thr_mode"": 1, ""trail_dist_pts"": 50, ""trail_start_pts"": 500, ""trail_step_pts"": 10, ""trend"": 200, ""use_sl_pct"": false, ""use_volume"": true}",none,2021-09-01..2026-09-26,B,1234,32.4,0.728,-0.3346,-0.1024,-412.9,-126.37,435.32,-1.9,-303.04,-49.31,-60.55,0.732,negative,baseline,"negative: net -412.9 USD/0.01 lot, PF 0.728, OOS -60.55"
BASE-eurusd-053,2026-09-28,eurusd,2h,FINAL_H4,"{""atr_period"": 22, ""be_enable"": true, ""be_offset_pts"": 10, ""be_trigger_pts"": 200, ""entry_buffer_pts"": 0, ""fast"": 18, ""ma_exit"": true, ""prot_start_mode"": 0, ""prot_start_pts"": 0, ""protection"": 4, ""swing_search"": 100, ""swing_strength"": 2, ""thr_mode"": 1, ""trail_dist_pts"": 50, ""trail_start_pts"": 500, ""trail_step_pts"": 10, ""trend"": 200, ""use_sl_pct"": false, ""use_volume"": true}",none,2021-09-01..2026-09-26,B,605,29.9,0.724,-0.5045,-0.0999,-305.25,-60.47,311.52,-1.37,-247.37,-22.68,-35.2,0.771,negative,baseline,"negative: net -305.25 USD/0.01 lot, PF 0.724, OOS -35.2"
BASE-eurusd-056,2026-09-28,eurusd,4h,FINAL_H4,"{""atr_period"": 22, ""be_enable"": true, ""be_offset_pts"": 10, ""be_trigger_pts"": 200, ""entry_buffer_pts"": 0, ""fast"": 18, ""ma_exit"": true, ""prot_start_mode"": 0, ""prot_start_pts"": 0, ""protection"": 4, ""swing_search"": 100, ""swing_strength"": 2, ""thr_mode"": 1, ""trail_dist_pts"": 50, ""trail_start_pts"": 500, ""trail_step_pts"": 10, ""trend"": 200, ""use_sl_pct"": false, ""use_volume"": true}",none,2021-09-01..2026-09-26,B,283,33.9,1.028,0.0722,0.0297,20.43,8.41,66.32,0.08,-24.81,8.53,36.71,1.4,unstable,baseline,"unstable: net 20.43 USD/0.01 lot, PF 1.028, OOS 36.71"
BASE-eurusd-059,2026-09-28,eurusd,D1,FINAL_H4,"{""atr_period"": 22, ""be_enable"": true, ""be_offset_pts"": 10, ""be_trigger_pts"": 200, ""entry_buffer_pts"": 0, ""fast"": 18, ""ma_exit"": true, ""prot_start_mode"": 0, ""prot_start_pts"": 0, ""protection"": 4, ""swing_search"": 100, ""swing_strength"": 2, ""thr_mode"": 1, ""trail_dist_pts"": 50, ""trail_start_pts"": 500, ""trail_step_pts"": 10, ""trend"": 200, ""use_sl_pct"": false, ""use_volume"": true}",none,2021-09-01..2026-09-26,B,36,36.1,1.006,0.0317,0.0149,1.14,0.54,92.75,0.01,-46.03,61.41,-14.24,0.548,unstable,baseline,"unstable: net 1.14 USD/0.01 lot, PF 1.006, OOS -14.24"
BASE-gbpusd-002,2026-09-28,gbpusd,1m,ASIS,"{""be_enable"": true, ""be_offset_pts"": 10, ""be_trigger_pts"": 500, ""entry_buffer_pts"": 10, ""fast"": 18, ""ma_exit"": true, ""prot_start_mode"": 1, ""prot_start_pts"": 500, ""protection"": 1, ""swing_buffer_pts"": 50, ""swing_search"": 100, ""swing_strength"": 2, ""thr_mode"": 0, ""trend"": 200, ""use_sl_pct"": false, ""use_volume"": true}",none,2021-09-01..2026-09-26,B,49987,16.4,0.297,-0.2742,-0.4717,-13705.41,-23579.1,13705.61,-11.61,-8594.53,-2702.84,-2408.04,0.229,negative,baseline,"negative: net -13705.41 USD/0.01 lot, PF 0.297, OOS -2408.04"
BASE-gbpusd-005,2026-09-28,gbpusd,3m,ASIS,"{""be_enable"": true, ""be_offset_pts"": 10, ""be_trigger_pts"": 500, ""entry_buffer_pts"": 10, ""fast"": 18, ""ma_exit"": true, ""prot_start_mode"": 1, ""prot_start_pts"": 500, ""protection"": 1, ""swing_buffer_pts"": 50, ""swing_search"": 100, ""swing_strength"": 2, ""thr_mode"": 0, ""trend"": 200, ""use_sl_pct"": false, ""use_volume"": true}",none,2021-09-01..2026-09-26,B,19200,20.2,0.435,-0.2907,-0.3393,-5580.5,-6514.93,5582.38,-10.21,-3571.63,-1101.26,-907.62,0.407,negative,baseline,"negative: net -5580.5 USD/0.01 lot, PF 0.435, OOS -907.62"
BASE-gbpusd-008,2026-09-28,gbpusd,5m,ASIS,"{""be_enable"": true, ""be_offset_pts"": 10, ""be_trigger_pts"": 500, ""entry_buffer_pts"": 10, ""fast"": 18, ""ma_exit"": true, ""prot_start_mode"": 1, ""prot_start_pts"": 500, ""protection"": 1, ""swing_buffer_pts"": 50, ""swing_search"": 100, ""swing_strength"": 2, ""thr_mode"": 0, ""trend"": 200, ""use_sl_pct"": false, ""use_volume"": true}",none,2021-09-01..2026-09-26,B,12060,20.5,0.49,-0.3166,-0.306,-3818.15,-3690.53,3819.12,-9.85,-2477.16,-722.52,-618.47,0.459,negative,baseline,"negative: net -3818.15 USD/0.01 lot, PF 0.49, OOS -618.47"
BASE-gbpusd-011,2026-09-28,gbpusd,10m,ASIS,"{""be_enable"": true, ""be_offset_pts"": 10, ""be_trigger_pts"": 500, ""entry_buffer_pts"": 10, ""fast"": 18, ""ma_exit"": true, ""prot_start_mode"": 1, ""prot_start_pts"": 500, ""protection"": 1, ""swing_buffer_pts"": 50, ""swing_search"": 100, ""swing_strength"": 2, ""thr_mode"": 0, ""trend"": 200, ""use_sl_pct"": false, ""use_volume"": true}",none,2021-09-01..2026-09-26,B,6369,22.2,0.547,-0.3601,-0.2684,-2293.45,-1709.74,2295.63,-6.65,-1403.24,-475.28,-414.92,0.478,negative,baseline,"negative: net -2293.45 USD/0.01 lot, PF 0.547, OOS -414.92"
BASE-gbpusd-014,2026-09-28,gbpusd,15m,ASIS,"{""be_enable"": true, ""be_offset_pts"": 10, ""be_trigger_pts"": 500, ""entry_buffer_pts"": 10, ""fast"": 18, ""ma_exit"": true, ""prot_start_mode"": 1, ""prot_start_pts"": 500, ""protection"": 1, ""swing_buffer_pts"": 50, ""swing_search"": 100, ""swing_strength"": 2, ""thr_mode"": 0, ""trend"": 200, ""use_sl_pct"": false, ""use_volume"": true}",none,2021-09-01..2026-09-26,B,4243,23.6,0.601,-0.367,-0.2216,-1557.36,-940.05,1563.86,-4.38,-937.62,-325.0,-294.74,0.527,negative,baseline,"negative: net -1557.36 USD/0.01 lot, PF 0.601, OOS -294.74"
BASE-gbpusd-017,2026-09-28,gbpusd,30m,ASIS,"{""be_enable"": true, ""be_offset_pts"": 10, ""be_trigger_pts"": 500, ""entry_buffer_pts"": 10, ""fast"": 18, ""ma_exit"": true, ""prot_start_mode"": 1, ""prot_start_pts"": 500, ""protection"": 1, ""swing_buffer_pts"": 50, ""swing_search"": 100, ""swing_strength"": 2, ""thr_mode"": 0, ""trend"": 200, ""use_sl_pct"": false, ""use_volume"": true}",none,2021-09-01..2026-09-26,B,2148,26.2,0.709,-0.3463,-0.1594,-743.88,-342.38,753.65,-2.21,-385.46,-136.07,-222.36,0.514,negative,baseline,"negative: net -743.88 USD/0.01 lot, PF 0.709, OOS -222.36"
BASE-gbpusd-020,2026-09-28,gbpusd,1h,ASIS,"{""be_enable"": true, ""be_offset_pts"": 10, ""be_trigger_pts"": 500, ""entry_buffer_pts"": 10, ""fast"": 18, ""ma_exit"": true, ""prot_start_mode"": 1, ""prot_start_pts"": 500, ""protection"": 1, ""swing_buffer_pts"": 50, ""swing_search"": 100, ""swing_strength"": 2, ""thr_mode"": 0, ""trend"": 200, ""use_sl_pct"": false, ""use_volume"": true}",none,2021-09-01..2026-09-26,B,1114,28.8,0.794,-0.328,-0.1029,-365.44,-114.59,412.65,-1.23,-182.17,-77.25,-106.01,0.636,negative,baseline,"negative: net -365.44 USD/0.01 lot, PF 0.794, OOS -106.01"
BASE-gbpusd-023,2026-09-28,gbpusd,2h,ASIS,"{""be_enable"": true, ""be_offset_pts"": 10, ""be_trigger_pts"": 500, ""entry_buffer_pts"": 10, ""fast"": 18, ""ma_exit"": true, ""prot_start_mode"": 1, ""prot_start_pts"": 500, ""protection"": 1, ""swing_buffer_pts"": 50, ""swing_search"": 100, ""swing_strength"": 2, ""thr_mode"": 0, ""trend"": 200, ""use_sl_pct"": false, ""use_volume"": true}",none,2021-09-01..2026-09-26,B,563,33.2,0.881,-0.2587,-0.0432,-145.67,-24.3,194.92,-0.53,-57.33,-66.17,-22.17,0.89,negative,baseline,"negative: net -145.67 USD/0.01 lot, PF 0.881, OOS -22.17"
BASE-gbpusd-026,2026-09-28,gbpusd,4h,ASIS,"{""be_enable"": true, ""be_offset_pts"": 10, ""be_trigger_pts"": 500, ""entry_buffer_pts"": 10, ""fast"": 18, ""ma_exit"": true, ""prot_start_mode"": 1, ""prot_start_pts"": 500, ""protection"": 1, ""swing_buffer_pts"": 50, ""swing_search"": 100, ""swing_strength"": 2, ""thr_mode"": 0, ""trend"": 200, ""use_sl_pct"": false, ""use_volume"": true}",none,2021-09-01..2026-09-26,B,282,41.5,0.937,-0.161,-0.0608,-45.41,-17.15,134.33,-0.17,-58.07,14.34,-1.69,0.986,negative,baseline,"negative: net -45.41 USD/0.01 lot, PF 0.937, OOS -1.69"
BASE-gbpusd-029,2026-09-28,gbpusd,D1,ASIS,"{""be_enable"": true, ""be_offset_pts"": 10, ""be_trigger_pts"": 500, ""entry_buffer_pts"": 10, ""fast"": 18, ""ma_exit"": true, ""prot_start_mode"": 1, ""prot_start_pts"": 500, ""protection"": 1, ""swing_buffer_pts"": 50, ""swing_search"": 100, ""swing_strength"": 2, ""thr_mode"": 0, ""trend"": 200, ""use_sl_pct"": false, ""use_volume"": true}",none,2021-09-01..2026-09-26,B,58,25.9,0.27,-4.2788,-0.2308,-248.17,-13.38,275.89,-1.28,-116.86,-89.09,-42.23,0.069,negative,baseline,"negative: net -248.17 USD/0.01 lot, PF 0.27, OOS -42.23"
BASE-gbpusd-032,2026-09-28,gbpusd,1m,FINAL_H4,"{""atr_period"": 22, ""be_enable"": true, ""be_offset_pts"": 10, ""be_trigger_pts"": 200, ""entry_buffer_pts"": 0, ""fast"": 18, ""ma_exit"": true, ""prot_start_mode"": 0, ""prot_start_pts"": 0, ""protection"": 4, ""swing_search"": 100, ""swing_strength"": 2, ""thr_mode"": 1, ""trail_dist_pts"": 50, ""trail_start_pts"": 500, ""trail_step_pts"": 10, ""trend"": 200, ""use_sl_pct"": false, ""use_volume"": true}",none,2021-09-01..2026-09-26,B,62899,17.9,0.265,-0.2662,-0.6119,-16746.71,-38490.85,16746.71,-12.34,-10544.09,-3164.13,-3038.5,0.195,negative,baseline,"negative: net -16746.71 USD/0.01 lot, PF 0.265, OOS -3038.5"
BASE-gbpusd-035,2026-09-28,gbpusd,3m,FINAL_H4,"{""atr_period"": 22, ""be_enable"": true, ""be_offset_pts"": 10, ""be_trigger_pts"": 200, ""entry_buffer_pts"": 0, ""fast"": 18, ""ma_exit"": true, ""prot_start_mode"": 0, ""prot_start_pts"": 0, ""protection"": 4, ""swing_search"": 100, ""swing_strength"": 2, ""thr_mode"": 1, ""trail_dist_pts"": 50, ""trail_start_pts"": 500, ""trail_step_pts"": 10, ""trend"": 200, ""use_sl_pct"": false, ""use_volume"": true}",none,2021-09-01..2026-09-26,B,22107,25.1,0.422,-0.2841,-0.3797,-6280.89,-8393.38,6284.02,-11.0,-3917.93,-1217.1,-1145.86,0.348,negative,baseline,"negative: net -6280.89 USD/0.01 lot, PF 0.422, OOS -1145.86"
BASE-gbpusd-038,2026-09-28,gbpusd,5m,FINAL_H4,"{""atr_period"": 22, ""be_enable"": true, ""be_offset_pts"": 10, ""be_trigger_pts"": 200, ""entry_buffer_pts"": 0, ""fast"": 18, ""ma_exit"": true, ""prot_start_mode"": 0, ""prot_start_pts"": 0, ""protection"": 4, ""swing_search"": 100, ""swing_strength"": 2, ""thr_mode"": 1, ""trail_dist_pts"": 50, ""trail_start_pts"": 500, ""trail_step_pts"": 10, ""trend"": 200, ""use_sl_pct"": false, ""use_volume"": true}",none,2021-09-01..2026-09-26,B,13805,27.9,0.492,-0.2982,-0.3077,-4116.47,-4248.4,4117.9,-9.82,-2594.99,-820.43,-701.05,0.443,negative,baseline,"negative: net -4116.47 USD/0.01 lot, PF 0.492, OOS -701.05"
BASE-gbpusd-041,2026-09-28,gbpusd,10m,FINAL_H4,"{""atr_period"": 22, ""be_enable"": true, ""be_offset_pts"": 10, ""be_trigger_pts"": 200, ""entry_buffer_pts"": 0, ""fast"": 18, ""ma_exit"": true, ""prot_start_mode"": 0, ""prot_start_pts"": 0, ""protection"": 4, ""swing_search"": 100, ""swing_strength"": 2, ""thr_mode"": 1, ""trail_dist_pts"": 50, ""trail_start_pts"": 500, ""trail_step_pts"": 10, ""trend"": 200, ""use_sl_pct"": false, ""use_volume"": true}",none,2021-09-01..2026-09-26,B,7381,30.0,0.555,-0.3356,-0.2495,-2476.86,-1841.46,2478.56,-7.95,-1559.53,-470.89,-446.44,0.48,negative,baseline,"negative: net -2476.86 USD/0.01 lot, PF 0.555, OOS -446.44"
BASE-gbpusd-044,2026-09-28,gbpusd,15m,FINAL_H4,"{""atr_period"": 22, ""be_enable"": true, ""be_offset_pts"": 10, ""be_trigger_pts"": 200, ""entry_buffer_pts"": 0, ""fast"": 18, ""ma_exit"": true, ""prot_start_mode"": 0, ""prot_start_pts"": 0, ""protection"": 4, ""swing_search"": 100, ""swing_strength"": 2, ""thr_mode"": 1, ""trail_dist_pts"": 50, ""trail_start_pts"": 500, ""trail_step_pts"": 10, ""trend"": 200, ""use_sl_pct"": false, ""use_volume"": true}",none,2021-09-01..2026-09-26,B,4932,32.9,0.625,-0.3244,-0.1993,-1599.94,-983.14,1607.12,-4.95,-943.38,-329.17,-327.4,0.534,negative,baseline,"negative: net -1599.94 USD/0.01 lot, PF 0.625, OOS -327.4"
BASE-gbpusd-047,2026-09-28,gbpusd,30m,FINAL_H4,"{""atr_period"": 22, ""be_enable"": true, ""be_offset_pts"": 10, ""be_trigger_pts"": 200, ""entry_buffer_pts"": 0, ""fast"": 18, ""ma_exit"": true, ""prot_start_mode"": 0, ""prot_start_pts"": 0, ""protection"": 4, ""swing_search"": 100, ""swing_strength"": 2, ""thr_mode"": 1, ""trail_dist_pts"": 50, ""trail_start_pts"": 500, ""trail_step_pts"": 10, ""trend"": 200, ""use_sl_pct"": false, ""use_volume"": true}",none,2021-09-01..2026-09-26,B,2528,36.0,0.706,-0.3225,-0.1426,-815.29,-360.45,823.74,-2.45,-412.41,-154.83,-248.05,0.516,negative,baseline,"negative: net -815.29 USD/0.01 lot, PF 0.706, OOS -248.05"
BASE-gbpusd-050,2026-09-28,gbpusd,1h,FINAL_H4,"{""atr_period"": 22, ""be_enable"": true, ""be_offset_pts"": 10, ""be_trigger_pts"": 200, ""entry_buffer_pts"": 0, ""fast"": 18, ""ma_exit"": true, ""prot_start_mode"": 0, ""prot_start_pts"": 0, ""protection"": 4, ""swing_search"": 100, ""swing_strength"": 2, ""thr_mode"": 1, ""trail_dist_pts"": 50, ""trail_start_pts"": 500, ""trail_step_pts"": 10, ""trend"": 200, ""use_sl_pct"": false, ""use_volume"": true}",none,2021-09-01..2026-09-26,B,1248,33.9,0.778,-0.3494,-0.0959,-436.05,-119.63,511.21,-1.51,-208.59,-92.05,-135.41,0.556,negative,baseline,"negative: net -436.05 USD/0.01 lot, PF 0.778, OOS -135.41"
BASE-gbpusd-053,2026-09-28,gbpusd,2h,FINAL_H4,"{""atr_period"": 22, ""be_enable"": true, ""be_offset_pts"": 10, ""be_trigger_pts"": 200, ""entry_buffer_pts"": 0, ""fast"": 18, ""ma_exit"": true, ""prot_start_mode"": 0, ""prot_start_pts"": 0, ""protection"": 4, ""swing_search"": 100, ""swing_strength"": 2, ""thr_mode"": 1, ""trail_dist_pts"": 50, ""trail_start_pts"": 500, ""trail_step_pts"": 10, ""trend"": 200, ""use_sl_pct"": false, ""use_volume"": true}",none,2021-09-01..2026-09-26,B,594,33.8,0.861,-0.3203,-0.0418,-190.25,-24.86,268.02,-0.76,-121.0,-57.08,-12.18,0.943,negative,baseline,"negative: net -190.25 USD/0.01 lot, PF 0.861, OOS -12.18"
BASE-gbpusd-056,2026-09-28,gbpusd,4h,FINAL_H4,"{""atr_period"": 22, ""be_enable"": true, ""be_offset_pts"": 10, ""be_trigger_pts"": 200, ""entry_buffer_pts"": 0, ""fast"": 18, ""ma_exit"": true, ""prot_start_mode"": 0, ""prot_start_pts"": 0, ""protection"": 4, ""swing_search"": 100, ""swing_strength"": 2, ""thr_mode"": 1, ""trail_dist_pts"": 50, ""trail_start_pts"": 500, ""trail_step_pts"": 10, ""trend"": 200, ""use_sl_pct"": false, ""use_volume"": true}",none,2021-09-01..2026-09-26,B,284,32.0,0.864,-0.4363,-0.0759,-123.9,-21.56,181.19,-0.49,-145.8,15.38,6.53,1.048,negative,baseline,"negative: net -123.9 USD/0.01 lot, PF 0.864, OOS 6.53"
BASE-gbpusd-059,2026-09-28,gbpusd,D1,FINAL_H4,"{""atr_period"": 22, ""be_enable"": true, ""be_offset_pts"": 10, ""be_trigger_pts"": 200, ""entry_buffer_pts"": 0, ""fast"": 18, ""ma_exit"": true, ""prot_start_mode"": 0, ""prot_start_pts"": 0, ""protection"": 4, ""swing_search"": 100, ""swing_strength"": 2, ""thr_mode"": 1, ""trail_dist_pts"": 50, ""trail_start_pts"": 500, ""trail_step_pts"": 10, ""trend"": 200, ""use_sl_pct"": false, ""use_volume"": true}",none,2021-09-01..2026-09-26,B,41,29.3,0.641,-2.852,-0.1148,-116.93,-4.71,253.25,-0.31,7.52,-48.06,-76.39,0.04,negative,baseline,"negative: net -116.93 USD/0.01 lot, PF 0.641, OOS -76.39"
BASE-usdjpy-002,2026-09-28,usdjpy,1m,ASIS,"{""be_enable"": true, ""be_offset_pts"": 10, ""be_trigger_pts"": 500, ""entry_buffer_pts"": 10, ""fast"": 18, ""ma_exit"": true, ""prot_start_mode"": 1, ""prot_start_pts"": 500, ""protection"": 1, ""swing_buffer_pts"": 50, ""swing_search"": 100, ""swing_strength"": 2, ""thr_mode"": 0, ""trend"": 200, ""use_sl_pct"": false, ""use_volume"": true}",none,2021-09-01..2026-09-26,B,51207,18.9,0.389,-0.1812,-0.3964,-9279.46,-20299.82,9279.54,-11.23,-5577.58,-2075.5,-1626.39,0.298,negative,baseline,"negative: net -9279.46 USD/0.01 lot, PF 0.389, OOS -1626.39"
BASE-usdjpy-005,2026-09-28,usdjpy,3m,ASIS,"{""be_enable"": true, ""be_offset_pts"": 10, ""be_trigger_pts"": 500, ""entry_buffer_pts"": 10, ""fast"": 18, ""ma_exit"": true, ""prot_start_mode"": 1, ""prot_start_pts"": 500, ""protection"": 1, ""swing_buffer_pts"": 50, ""swing_search"": 100, ""swing_strength"": 2, ""thr_mode"": 0, ""trend"": 200, ""use_sl_pct"": false, ""use_volume"": true}",none,2021-09-01..2026-09-26,B,19473,22.7,0.581,-0.1637,-0.2522,-3188.03,-4911.95,3194.36,-7.4,-1942.05,-679.21,-566.77,0.509,negative,baseline,"negative: net -3188.03 USD/0.01 lot, PF 0.581, OOS -566.77"
BASE-usdjpy-008,2026-09-28,usdjpy,5m,ASIS,"{""be_enable"": true, ""be_offset_pts"": 10, ""be_trigger_pts"": 500, ""entry_buffer_pts"": 10, ""fast"": 18, ""ma_exit"": true, ""prot_start_mode"": 1, ""prot_start_pts"": 500, ""protection"": 1, ""swing_buffer_pts"": 50, ""swing_search"": 100, ""swing_strength"": 2, ""thr_mode"": 0, ""trend"": 200, ""use_sl_pct"": false, ""use_volume"": true}",none,2021-09-01..2026-09-26,B,12016,24.4,0.678,-0.1484,-0.1937,-1782.61,-2327.9,1782.84,-4.92,-1029.76,-401.32,-351.54,0.583,negative,baseline,"negative: net -1782.61 USD/0.01 lot, PF 0.678, OOS -351.54"
BASE-usdjpy-011,2026-09-28,usdjpy,10m,ASIS,"{""be_enable"": true, ""be_offset_pts"": 10, ""be_trigger_pts"": 500, ""entry_buffer_pts"": 10, ""fast"": 18, ""ma_exit"": true, ""prot_start_mode"": 1, ""prot_start_pts"": 500, ""protection"": 1, ""swing_buffer_pts"": 50, ""swing_search"": 100, ""swing_strength"": 2, ""thr_mode"": 0, ""trend"": 200, ""use_sl_pct"": false, ""use_volume"": true}",none,2021-09-01..2026-09-26,B,6213,26.7,0.77,-0.1378,-0.1301,-856.26,-808.56,876.07,-2.87,-473.1,-252.95,-130.21,0.771,negative,baseline,"negative: net -856.26 USD/0.01 lot, PF 0.77, OOS -130.21"
BASE-usdjpy-014,2026-09-28,usdjpy,15m,ASIS,"{""be_enable"": true, ""be_offset_pts"": 10, ""be_trigger_pts"": 500, ""entry_buffer_pts"": 10, ""fast"": 18, ""ma_exit"": true, ""prot_start_mode"": 1, ""prot_start_pts"": 500, ""protection"": 1, ""swing_buffer_pts"": 50, ""swing_search"": 100, ""swing_strength"": 2, ""thr_mode"": 0, ""trend"": 200, ""use_sl_pct"": false, ""use_volume"": true}",none,2021-09-01..2026-09-26,B,4229,27.5,0.839,-0.113,-0.1004,-477.72,-424.62,500.89,-1.58,-246.23,-142.17,-89.33,0.8,negative,baseline,"negative: net -477.72 USD/0.01 lot, PF 0.839, OOS -89.33"
BASE-usdjpy-017,2026-09-28,usdjpy,30m,ASIS,"{""be_enable"": true, ""be_offset_pts"": 10, ""be_trigger_pts"": 500, ""entry_buffer_pts"": 10, ""fast"": 18, ""ma_exit"": true, ""prot_start_mode"": 1, ""prot_start_pts"": 500, ""protection"": 1, ""swing_buffer_pts"": 50, ""swing_search"": 100, ""swing_strength"": 2, ""thr_mode"": 0, ""trend"": 200, ""use_sl_pct"": false, ""use_volume"": true}",none,2021-09-01..2026-09-26,B,2146,30.5,0.978,-0.0201,-0.0116,-43.23,-24.95,173.28,-0.14,-58.97,21.53,-5.8,0.98,negative,baseline,"negative: net -43.23 USD/0.01 lot, PF 0.978, OOS -5.8"
BASE-usdjpy-020,2026-09-28,usdjpy,1h,ASIS,"{""be_enable"": true, ""be_offset_pts"": 10, ""be_trigger_pts"": 500, ""entry_buffer_pts"": 10, ""fast"": 18, ""ma_exit"": true, ""prot_start_mode"": 1, ""prot_start_pts"": 500, ""protection"": 1, ""swing_buffer_pts"": 50, ""swing_search"": 100, ""swing_strength"": 2, ""thr_mode"": 0, ""trend"": 200, ""use_sl_pct"": false, ""use_volume"": true}",none,2021-09-01..2026-09-26,B,1078,33.6,1.054,0.0677,0.0358,73.01,38.62,112.66,0.26,78.89,55.79,-61.68,0.735,unstable,baseline,"unstable: net 73.01 USD/0.01 lot, PF 1.054, OOS -61.68"
BASE-usdjpy-023,2026-09-28,usdjpy,2h,ASIS,"{""be_enable"": true, ""be_offset_pts"": 10, ""be_trigger_pts"": 500, ""entry_buffer_pts"": 10, ""fast"": 18, ""ma_exit"": true, ""prot_start_mode"": 1, ""prot_start_pts"": 500, ""protection"": 1, ""swing_buffer_pts"": 50, ""swing_search"": 100, ""swing_strength"": 2, ""thr_mode"": 0, ""trend"": 200, ""use_sl_pct"": false, ""use_volume"": true}",none,2021-09-01..2026-09-26,B,576,45.1,1.241,0.3653,0.0787,210.39,45.35,75.52,0.7,229.16,1.9,-20.67,0.836,unstable,baseline,"unstable: net 210.39 USD/0.01 lot, PF 1.241, OOS -20.67"
BASE-usdjpy-026,2026-09-28,usdjpy,4h,ASIS,"{""be_enable"": true, ""be_offset_pts"": 10, ""be_trigger_pts"": 500, ""entry_buffer_pts"": 10, ""fast"": 18, ""ma_exit"": true, ""prot_start_mode"": 1, ""prot_start_pts"": 500, ""protection"": 1, ""swing_buffer_pts"": 50, ""swing_search"": 100, ""swing_strength"": 2, ""thr_mode"": 0, ""trend"": 200, ""use_sl_pct"": false, ""use_volume"": true}",none,2021-09-01..2026-09-26,B,299,49.8,1.151,0.317,0.0469,94.79,14.03,118.39,0.32,190.05,-102.44,7.18,1.093,unstable,baseline,"unstable: net 94.79 USD/0.01 lot, PF 1.151, OOS 7.18"
BASE-usdjpy-029,2026-09-28,usdjpy,D1,ASIS,"{""be_enable"": true, ""be_offset_pts"": 10, ""be_trigger_pts"": 500, ""entry_buffer_pts"": 10, ""fast"": 18, ""ma_exit"": true, ""prot_start_mode"": 1, ""prot_start_pts"": 500, ""protection"": 1, ""swing_buffer_pts"": 50, ""swing_search"": 100, ""swing_strength"": 2, ""thr_mode"": 0, ""trend"": 200, ""use_sl_pct"": false, ""use_volume"": true}",none,2021-09-01..2026-09-26,B,85,62.4,0.435,-1.3145,-0.0936,-111.74,-7.95,143.67,-0.74,-0.91,-44.5,-66.33,0.073,negative,baseline,"negative: net -111.74 USD/0.01 lot, PF 0.435, OOS -66.33"
BASE-usdjpy-032,2026-09-28,usdjpy,1m,FINAL_H4,"{""atr_period"": 22, ""be_enable"": true, ""be_offset_pts"": 10, ""be_trigger_pts"": 200, ""entry_buffer_pts"": 0, ""fast"": 18, ""ma_exit"": true, ""prot_start_mode"": 0, ""prot_start_pts"": 0, ""protection"": 4, ""swing_search"": 100, ""swing_strength"": 2, ""thr_mode"": 1, ""trail_dist_pts"": 50, ""trail_start_pts"": 500, ""trail_step_pts"": 10, ""trend"": 200, ""use_sl_pct"": false, ""use_volume"": true}",none,2021-09-01..2026-09-26,B,59861,22.8,0.382,-0.1731,-0.4835,-10363.7,-28942.82,10364.18,-11.16,-6229.66,-2294.67,-1839.38,0.284,negative,baseline,"negative: net -10363.7 USD/0.01 lot, PF 0.382, OOS -1839.38"
BASE-usdjpy-035,2026-09-28,usdjpy,3m,FINAL_H4,"{""atr_period"": 22, ""be_enable"": true, ""be_offset_pts"": 10, ""be_trigger_pts"": 200, ""entry_buffer_pts"": 0, ""fast"": 18, ""ma_exit"": true, ""prot_start_mode"": 0, ""prot_start_pts"": 0, ""protection"": 4, ""swing_search"": 100, ""swing_strength"": 2, ""thr_mode"": 1, ""trail_dist_pts"": 50, ""trail_start_pts"": 500, ""trail_step_pts"": 10, ""trend"": 200, ""use_sl_pct"": false, ""use_volume"": true}",none,2021-09-01..2026-09-26,B,22027,29.6,0.578,-0.1602,-0.2643,-3529.45,-5822.58,3535.12,-7.75,-2092.84,-816.02,-620.6,0.497,negative,baseline,"negative: net -3529.45 USD/0.01 lot, PF 0.578, OOS -620.6"
BASE-usdjpy-038,2026-09-28,usdjpy,5m,FINAL_H4,"{""atr_period"": 22, ""be_enable"": true, ""be_offset_pts"": 10, ""be_trigger_pts"": 200, ""entry_buffer_pts"": 0, ""fast"": 18, ""ma_exit"": true, ""prot_start_mode"": 0, ""prot_start_pts"": 0, ""protection"": 4, ""swing_search"": 100, ""swing_strength"": 2, ""thr_mode"": 1, ""trail_dist_pts"": 50, ""trail_start_pts"": 500, ""trail_step_pts"": 10, ""trend"": 200, ""use_sl_pct"": false, ""use_volume"": true}",none,2021-09-01..2026-09-26,B,13876,32.5,0.663,-0.1506,-0.2004,-2089.15,-2781.27,2090.57,-5.56,-1182.08,-495.58,-411.5,0.553,negative,baseline,"negative: net -2089.15 USD/0.01 lot, PF 0.663, OOS -411.5"
BASE-usdjpy-041,2026-09-28,usdjpy,10m,FINAL_H4,"{""atr_period"": 22, ""be_enable"": true, ""be_offset_pts"": 10, ""be_trigger_pts"": 200, ""entry_buffer_pts"": 0, ""fast"": 18, ""ma_exit"": true, ""prot_start_mode"": 0, ""prot_start_pts"": 0, ""protection"": 4, ""swing_search"": 100, ""swing_strength"": 2, ""thr_mode"": 1, ""trail_dist_pts"": 50, ""trail_start_pts"": 500, ""trail_step_pts"": 10, ""trend"": 200, ""use_sl_pct"": false, ""use_volume"": true}",none,2021-09-01..2026-09-26,B,7271,35.2,0.769,-0.1319,-0.1316,-959.3,-956.72,985.83,-3.12,-501.76,-293.38,-164.16,0.737,negative,baseline,"negative: net -959.3 USD/0.01 lot, PF 0.769, OOS -164.16"
BASE-usdjpy-044,2026-09-28,usdjpy,15m,FINAL_H4,"{""atr_period"": 22, ""be_enable"": true, ""be_offset_pts"": 10, ""be_trigger_pts"": 200, ""entry_buffer_pts"": 0, ""fast"": 18, ""ma_exit"": true, ""prot_start_mode"": 0, ""prot_start_pts"": 0, ""protection"": 4, ""swing_search"": 100, ""swing_strength"": 2, ""thr_mode"": 1, ""trail_dist_pts"": 50, ""trail_start_pts"": 500, ""trail_step_pts"": 10, ""trend"": 200, ""use_sl_pct"": false, ""use_volume"": true}",none,2021-09-01..2026-09-26,B,4918,36.4,0.831,-0.1123,-0.1032,-552.12,-507.58,562.79,-1.91,-237.06,-186.23,-128.84,0.735,negative,baseline,"negative: net -552.12 USD/0.01 lot, PF 0.831, OOS -128.84"
BASE-usdjpy-047,2026-09-28,usdjpy,30m,FINAL_H4,"{""atr_period"": 22, ""be_enable"": true, ""be_offset_pts"": 10, ""be_trigger_pts"": 200, ""entry_buffer_pts"": 0, ""fast"": 18, ""ma_exit"": true, ""prot_start_mode"": 0, ""prot_start_pts"": 0, ""protection"": 4, ""swing_search"": 100, ""swing_strength"": 2, ""thr_mode"": 1, ""trail_dist_pts"": 50, ""trail_start_pts"": 500, ""trail_step_pts"": 10, ""trend"": 200, ""use_sl_pct"": false, ""use_volume"": true}",none,2021-09-01..2026-09-26,B,2449,37.7,0.944,-0.0494,-0.0347,-120.95,-84.86,166.44,-0.46,-80.7,-11.25,-29.0,0.913,negative,baseline,"negative: net -120.95 USD/0.01 lot, PF 0.944, OOS -29.0"
BASE-usdjpy-050,2026-09-28,usdjpy,1h,FINAL_H4,"{""atr_period"": 22, ""be_enable"": true, ""be_offset_pts"": 10, ""be_trigger_pts"": 200, ""entry_buffer_pts"": 0, ""fast"": 18, ""ma_exit"": true, ""prot_start_mode"": 0, ""prot_start_pts"": 0, ""protection"": 4, ""swing_search"": 100, ""swing_strength"": 2, ""thr_mode"": 1, ""trail_dist_pts"": 50, ""trail_start_pts"": 500, ""trail_step_pts"": 10, ""trend"": 200, ""use_sl_pct"": false, ""use_volume"": true}",none,2021-09-01..2026-09-26,B,1191,36.5,1.023,0.0297,0.0095,35.34,11.29,132.26,0.14,61.03,48.42,-74.11,0.698,unstable,baseline,"unstable: net 35.34 USD/0.01 lot, PF 1.023, OOS -74.11"
BASE-usdjpy-053,2026-09-28,usdjpy,2h,FINAL_H4,"{""atr_period"": 22, ""be_enable"": true, ""be_offset_pts"": 10, ""be_trigger_pts"": 200, ""entry_buffer_pts"": 0, ""fast"": 18, ""ma_exit"": true, ""prot_start_mode"": 0, ""prot_start_pts"": 0, ""protection"": 4, ""swing_search"": 100, ""swing_strength"": 2, ""thr_mode"": 1, ""trail_dist_pts"": 50, ""trail_start_pts"": 500, ""trail_step_pts"": 10, ""trend"": 200, ""use_sl_pct"": false, ""use_volume"": true}",none,2021-09-01..2026-09-26,B,609,40.1,1.255,0.4281,0.0737,260.68,44.89,77.68,0.93,244.77,43.92,-28.01,0.825,unstable,baseline,"unstable: net 260.68 USD/0.01 lot, PF 1.255, OOS -28.01"
BASE-usdjpy-056,2026-09-28,usdjpy,4h,FINAL_H4,"{""atr_period"": 22, ""be_enable"": true, ""be_offset_pts"": 10, ""be_trigger_pts"": 200, ""entry_buffer_pts"": 0, ""fast"": 18, ""ma_exit"": true, ""prot_start_mode"": 0, ""prot_start_pts"": 0, ""protection"": 4, ""swing_search"": 100, ""swing_strength"": 2, ""thr_mode"": 1, ""trail_dist_pts"": 50, ""trail_start_pts"": 500, ""trail_step_pts"": 10, ""trend"": 200, ""use_sl_pct"": false, ""use_volume"": true}",none,2021-09-01..2026-09-26,B,291,40.9,1.062,0.178,0.0623,51.81,18.13,154.65,0.17,158.04,-115.83,9.6,1.101,unstable,baseline,"unstable: net 51.81 USD/0.01 lot, PF 1.062, OOS 9.6"
BASE-usdjpy-059,2026-09-28,usdjpy,D1,FINAL_H4,"{""atr_period"": 22, ""be_enable"": true, ""be_offset_pts"": 10, ""be_trigger_pts"": 200, ""entry_buffer_pts"": 0, ""fast"": 18, ""ma_exit"": true, ""prot_start_mode"": 0, ""prot_start_pts"": 0, ""protection"": 4, ""swing_search"": 100, ""swing_strength"": 2, ""thr_mode"": 1, ""trail_dist_pts"": 50, ""trail_start_pts"": 500, ""trail_step_pts"": 10, ""trend"": 200, ""use_sl_pct"": false, ""use_volume"": true}",none,2021-09-01..2026-09-26,B,42,28.6,0.929,-0.3751,-0.1335,-15.75,-5.61,149.96,-0.07,122.94,-63.0,-75.69,0.207,negative,baseline,"negative: net -15.75 USD/0.01 lot, PF 0.929, OOS -75.69"
BASE-audusd-002,2026-09-28,audusd,1m,ASIS,"{""be_enable"": true, ""be_offset_pts"": 10, ""be_trigger_pts"": 500, ""entry_buffer_pts"": 10, ""fast"": 18, ""ma_exit"": true, ""prot_start_mode"": 1, ""prot_start_pts"": 500, ""protection"": 1, ""swing_buffer_pts"": 50, ""swing_search"": 100, ""swing_strength"": 2, ""thr_mode"": 0, ""trend"": 200, ""use_sl_pct"": false, ""use_volume"": true}",none,2021-09-01..2026-09-26,B,38943,11.8,0.172,-0.3087,-0.6368,-12020.64,-24799.26,12020.64,-10.62,-7870.46,-2298.21,-1851.96,0.141,negative,baseline,"negative: net -12020.64 USD/0.01 lot, PF 0.172, OOS -1851.96"
BASE-audusd-005,2026-09-28,audusd,3m,ASIS,"{""be_enable"": true, ""be_offset_pts"": 10, ""be_trigger_pts"": 500, ""entry_buffer_pts"": 10, ""fast"": 18, ""ma_exit"": true, ""prot_start_mode"": 1, ""prot_start_pts"": 500, ""protection"": 1, ""swing_buffer_pts"": 50, ""swing_search"": 100, ""swing_strength"": 2, ""thr_mode"": 0, ""trend"": 200, ""use_sl_pct"": false, ""use_volume"": true}",none,2021-09-01..2026-09-26,B,17067,17.3,0.305,-0.3119,-0.433,-5323.06,-7389.76,5323.06,-10.47,-3456.14,-1046.38,-820.54,0.278,negative,baseline,"negative: net -5323.06 USD/0.01 lot, PF 0.305, OOS -820.54"
BASE-audusd-008,2026-09-28,audusd,5m,ASIS,"{""be_enable"": true, ""be_offset_pts"": 10, ""be_trigger_pts"": 500, ""entry_buffer_pts"": 10, ""fast"": 18, ""ma_exit"": true, ""prot_start_mode"": 1, ""prot_start_pts"": 500, ""protection"": 1, ""swing_buffer_pts"": 50, ""swing_search"": 100, ""swing_strength"": 2, ""thr_mode"": 0, ""trend"": 200, ""use_sl_pct"": false, ""use_volume"": true}",none,2021-09-01..2026-09-26,B,11051,19.2,0.374,-0.3213,-0.3733,-3550.67,-4125.49,3551.54,-9.35,-2312.04,-661.72,-576.9,0.323,negative,baseline,"negative: net -3550.67 USD/0.01 lot, PF 0.374, OOS -576.9"
BASE-audusd-011,2026-09-28,audusd,10m,ASIS,"{""be_enable"": true, ""be_offset_pts"": 10, ""be_trigger_pts"": 500, ""entry_buffer_pts"": 10, ""fast"": 18, ""ma_exit"": true, ""prot_start_mode"": 1, ""prot_start_pts"": 500, ""protection"": 1, ""swing_buffer_pts"": 50, ""swing_search"": 100, ""swing_strength"": 2, ""thr_mode"": 0, ""trend"": 200, ""use_sl_pct"": false, ""use_volume"": true}",none,2021-09-01..2026-09-26,B,5979,20.9,0.455,-0.3403,-0.3012,-2034.42,-1800.6,2034.42,-7.38,-1282.0,-407.7,-344.71,0.389,negative,baseline,"negative: net -2034.42 USD/0.01 lot, PF 0.455, OOS -344.71"
BASE-audusd-014,2026-09-28,audusd,15m,ASIS,"{""be_enable"": true, ""be_offset_pts"": 10, ""be_trigger_pts"": 500, ""entry_buffer_pts"": 10, ""fast"": 18, ""ma_exit"": true, ""prot_start_mode"": 1, ""prot_start_pts"": 500, ""protection"": 1, ""swing_buffer_pts"": 50, ""swing_search"": 100, ""swing_strength"": 2, ""thr_mode"": 0, ""trend"": 200, ""use_sl_pct"": false, ""use_volume"": true}",none,2021-09-01..2026-09-26,B,4087,22.6,0.493,-0.367,-0.2709,-1499.89,-1107.17,1501.94,-6.81,-904.86,-312.21,-282.82,0.403,negative,baseline,"negative: net -1499.89 USD/0.01 lot, PF 0.493, OOS -282.82"
BASE-audusd-017,2026-09-28,audusd,30m,ASIS,"{""be_enable"": true, ""be_offset_pts"": 10, ""be_trigger_pts"": 500, ""entry_buffer_pts"": 10, ""fast"": 18, ""ma_exit"": true, ""prot_start_mode"": 1, ""prot_start_pts"": 500, ""protection"": 1, ""swing_buffer_pts"": 50, ""swing_search"": 100, ""swing_strength"": 2, ""thr_mode"": 0, ""trend"": 200, ""use_sl_pct"": false, ""use_volume"": true}",none,2021-09-01..2026-09-26,B,2134,24.6,0.547,-0.411,-0.2239,-877.17,-477.84,878.46,-5.11,-558.06,-163.54,-155.57,0.48,negative,baseline,"negative: net -877.17 USD/0.01 lot, PF 0.547, OOS -155.57"
BASE-audusd-020,2026-09-28,audusd,1h,ASIS,"{""be_enable"": true, ""be_offset_pts"": 10, ""be_trigger_pts"": 500, ""entry_buffer_pts"": 10, ""fast"": 18, ""ma_exit"": true, ""prot_start_mode"": 1, ""prot_start_pts"": 500, ""protection"": 1, ""swing_buffer_pts"": 50, ""swing_search"": 100, ""swing_strength"": 2, ""thr_mode"": 0, ""trend"": 200, ""use_sl_pct"": false, ""use_volume"": true}",none,2021-09-01..2026-09-26,B,1056,27.6,0.6,-0.488,-0.1829,-515.3,-193.17,516.22,-2.75,-301.86,-146.64,-66.81,0.606,negative,baseline,"negative: net -515.3 USD/0.01 lot, PF 0.6, OOS -66.81"
BASE-audusd-023,2026-09-28,audusd,2h,ASIS,"{""be_enable"": true, ""be_offset_pts"": 10, ""be_trigger_pts"": 500, ""entry_buffer_pts"": 10, ""fast"": 18, ""ma_exit"": true, ""prot_start_mode"": 1, ""prot_start_pts"": 500, ""protection"": 1, ""swing_buffer_pts"": 50, ""swing_search"": 100, ""swing_strength"": 2, ""thr_mode"": 0, ""trend"": 200, ""use_sl_pct"": false, ""use_volume"": true}",none,2021-09-01..2026-09-26,B,552,29.2,0.624,-0.6242,-0.1418,-344.58,-78.28,356.72,-1.78,-187.25,-73.75,-83.57,0.49,negative,baseline,"negative: net -344.58 USD/0.01 lot, PF 0.624, OOS -83.57"
BASE-audusd-026,2026-09-28,audusd,4h,ASIS,"{""be_enable"": true, ""be_offset_pts"": 10, ""be_trigger_pts"": 500, ""entry_buffer_pts"": 10, ""fast"": 18, ""ma_exit"": true, ""prot_start_mode"": 1, ""prot_start_pts"": 500, ""protection"": 1, ""swing_buffer_pts"": 50, ""swing_search"": 100, ""swing_strength"": 2, ""thr_mode"": 0, ""trend"": 200, ""use_sl_pct"": false, ""use_volume"": true}",none,2021-09-01..2026-09-26,B,286,31.5,0.58,-0.9971,-0.1186,-285.17,-33.93,296.81,-1.63,-181.75,-78.42,-24.99,0.747,negative,baseline,"negative: net -285.17 USD/0.01 lot, PF 0.58, OOS -24.99"
BASE-audusd-029,2026-09-28,audusd,D1,ASIS,"{""be_enable"": true, ""be_offset_pts"": 10, ""be_trigger_pts"": 500, ""entry_buffer_pts"": 10, ""fast"": 18, ""ma_exit"": true, ""prot_start_mode"": 1, ""prot_start_pts"": 500, ""protection"": 1, ""swing_buffer_pts"": 50, ""swing_search"": 100, ""swing_strength"": 2, ""thr_mode"": 0, ""trend"": 200, ""use_sl_pct"": false, ""use_volume"": true}",none,2021-09-01..2026-09-26,B,56,25.0,0.317,-3.657,-0.2525,-204.79,-14.14,206.33,-1.05,-122.66,-57.13,-25.01,0.549,negative,baseline,"negative: net -204.79 USD/0.01 lot, PF 0.317, OOS -25.01"
BASE-audusd-032,2026-09-28,audusd,1m,FINAL_H4,"{""atr_period"": 22, ""be_enable"": true, ""be_offset_pts"": 10, ""be_trigger_pts"": 200, ""entry_buffer_pts"": 0, ""fast"": 18, ""ma_exit"": true, ""prot_start_mode"": 0, ""prot_start_pts"": 0, ""protection"": 4, ""swing_search"": 100, ""swing_strength"": 2, ""thr_mode"": 1, ""trail_dist_pts"": 50, ""trail_start_pts"": 500, ""trail_step_pts"": 10, ""trend"": 200, ""use_sl_pct"": false, ""use_volume"": true}",none,2021-09-01..2026-09-26,B,61122,10.3,0.125,-0.2858,-0.8501,-17468.1,-51957.37,17468.1,-12.67,-10935.53,-3366.27,-3166.31,0.088,negative,baseline,"negative: net -17468.1 USD/0.01 lot, PF 0.125, OOS -3166.31"
BASE-audusd-035,2026-09-28,audusd,3m,FINAL_H4,"{""atr_period"": 22, ""be_enable"": true, ""be_offset_pts"": 10, ""be_trigger_pts"": 200, ""entry_buffer_pts"": 0, ""fast"": 18, ""ma_exit"": true, ""prot_start_mode"": 0, ""prot_start_pts"": 0, ""protection"": 4, ""swing_search"": 100, ""swing_strength"": 2, ""thr_mode"": 1, ""trail_dist_pts"": 50, ""trail_start_pts"": 500, ""trail_step_pts"": 10, ""trend"": 200, ""use_sl_pct"": false, ""use_volume"": true}",none,2021-09-01..2026-09-26,B,20104,19.8,0.28,-0.3049,-0.5315,-6129.6,-10684.46,6129.6,-11.38,-3937.03,-1193.28,-999.29,0.24,negative,baseline,"negative: net -6129.6 USD/0.01 lot, PF 0.28, OOS -999.29"
BASE-audusd-038,2026-09-28,audusd,5m,FINAL_H4,"{""atr_period"": 22, ""be_enable"": true, ""be_offset_pts"": 10, ""be_trigger_pts"": 200, ""entry_buffer_pts"": 0, ""fast"": 18, ""ma_exit"": true, ""prot_start_mode"": 0, ""prot_start_pts"": 0, ""protection"": 4, ""swing_search"": 100, ""swing_strength"": 2, ""thr_mode"": 1, ""trail_dist_pts"": 50, ""trail_start_pts"": 500, ""trail_step_pts"": 10, ""trend"": 200, ""use_sl_pct"": false, ""use_volume"": true}",none,2021-09-01..2026-09-26,B,12721,23.5,0.352,-0.315,-0.4279,-4006.8,-5442.85,4006.8,-9.75,-2632.05,-749.89,-624.86,0.31,negative,baseline,"negative: net -4006.8 USD/0.01 lot, PF 0.352, OOS -624.86"
BASE-audusd-041,2026-09-28,audusd,10m,FINAL_H4,"{""atr_period"": 22, ""be_enable"": true, ""be_offset_pts"": 10, ""be_trigger_pts"": 200, ""entry_buffer_pts"": 0, ""fast"": 18, ""ma_exit"": true, ""prot_start_mode"": 0, ""prot_start_pts"": 0, ""protection"": 4, ""swing_search"": 100, ""swing_strength"": 2, ""thr_mode"": 1, ""trail_dist_pts"": 50, ""trail_start_pts"": 500, ""trail_step_pts"": 10, ""trend"": 200, ""use_sl_pct"": false, ""use_volume"": true}",none,2021-09-01..2026-09-26,B,6866,27.9,0.444,-0.3246,-0.3221,-2228.45,-2211.46,2228.45,-8.5,-1425.35,-420.0,-383.1,0.366,negative,baseline,"negative: net -2228.45 USD/0.01 lot, PF 0.444, OOS -383.1"
BASE-audusd-044,2026-09-28,audusd,15m,FINAL_H4,"{""atr_period"": 22, ""be_enable"": true, ""be_offset_pts"": 10, ""be_trigger_pts"": 200, ""entry_buffer_pts"": 0, ""fast"": 18, ""ma_exit"": true, ""prot_start_mode"": 0, ""prot_start_pts"": 0, ""protection"": 4, ""swing_search"": 100, ""swing_strength"": 2, ""thr_mode"": 1, ""trail_dist_pts"": 50, ""trail_start_pts"": 500, ""trail_step_pts"": 10, ""trend"": 200, ""use_sl_pct"": false, ""use_volume"": true}",none,2021-09-01..2026-09-26,B,4705,29.4,0.479,-0.3551,-0.2739,-1670.68,-1288.78,1673.76,-7.29,-1033.42,-311.98,-325.28,0.381,negative,baseline,"negative: net -1670.68 USD/0.01 lot, PF 0.479, OOS -325.28"
BASE-audusd-047,2026-09-28,audusd,30m,FINAL_H4,"{""atr_period"": 22, ""be_enable"": true, ""be_offset_pts"": 10, ""be_trigger_pts"": 200, ""entry_buffer_pts"": 0, ""fast"": 18, ""ma_exit"": true, ""prot_start_mode"": 0, ""prot_start_pts"": 0, ""protection"": 4, ""swing_search"": 100, ""swing_strength"": 2, ""thr_mode"": 1, ""trail_dist_pts"": 50, ""trail_start_pts"": 500, ""trail_step_pts"": 10, ""trend"": 200, ""use_sl_pct"": false, ""use_volume"": true}",none,2021-09-01..2026-09-26,B,2436,31.4,0.552,-0.3856,-0.2131,-939.35,-519.04,942.74,-5.69,-581.7,-181.08,-176.57,0.463,negative,baseline,"negative: net -939.35 USD/0.01 lot, PF 0.552, OOS -176.57"
BASE-audusd-050,2026-09-28,audusd,1h,FINAL_H4,"{""atr_period"": 22, ""be_enable"": true, ""be_offset_pts"": 10, ""be_trigger_pts"": 200, ""entry_buffer_pts"": 0, ""fast"": 18, ""ma_exit"": true, ""prot_start_mode"": 0, ""prot_start_pts"": 0, ""protection"": 4, ""swing_search"": 100, ""swing_strength"": 2, ""thr_mode"": 1, ""trail_dist_pts"": 50, ""trail_start_pts"": 500, ""trail_step_pts"": 10, ""trend"": 200, ""use_sl_pct"": false, ""use_volume"": true}",none,2021-09-01..2026-09-26,B,1203,32.8,0.599,-0.4599,-0.1739,-553.22,-209.15,553.22,-3.08,-319.14,-138.81,-95.27,0.512,negative,baseline,"negative: net -553.22 USD/0.01 lot, PF 0.599, OOS -95.27"
BASE-audusd-053,2026-09-28,audusd,2h,FINAL_H4,"{""atr_period"": 22, ""be_enable"": true, ""be_offset_pts"": 10, ""be_trigger_pts"": 200, ""entry_buffer_pts"": 0, ""fast"": 18, ""ma_exit"": true, ""prot_start_mode"": 0, ""prot_start_pts"": 0, ""protection"": 4, ""swing_search"": 100, ""swing_strength"": 2, ""thr_mode"": 1, ""trail_dist_pts"": 50, ""trail_start_pts"": 500, ""trail_step_pts"": 10, ""trend"": 200, ""use_sl_pct"": false, ""use_volume"": true}",none,2021-09-01..2026-09-26,B,605,32.9,0.659,-0.5329,-0.1219,-322.43,-73.77,337.36,-1.7,-159.75,-74.84,-87.84,0.456,negative,baseline,"negative: net -322.43 USD/0.01 lot, PF 0.659, OOS -87.84"
BASE-audusd-056,2026-09-28,audusd,4h,FINAL_H4,"{""atr_period"": 22, ""be_enable"": true, ""be_offset_pts"": 10, ""be_trigger_pts"": 200, ""entry_buffer_pts"": 0, ""fast"": 18, ""ma_exit"": true, ""prot_start_mode"": 0, ""prot_start_pts"": 0, ""protection"": 4, ""swing_search"": 100, ""swing_strength"": 2, ""thr_mode"": 1, ""trail_dist_pts"": 50, ""trail_start_pts"": 500, ""trail_step_pts"": 10, ""trend"": 200, ""use_sl_pct"": false, ""use_volume"": true}",none,2021-09-01..2026-09-26,B,302,30.5,0.631,-0.8857,-0.1145,-267.49,-34.56,285.08,-1.48,-165.45,-77.14,-24.9,0.782,negative,baseline,"negative: net -267.49 USD/0.01 lot, PF 0.631, OOS -24.9"
BASE-audusd-059,2026-09-28,audusd,D1,FINAL_H4,"{""atr_period"": 22, ""be_enable"": true, ""be_offset_pts"": 10, ""be_trigger_pts"": 200, ""entry_buffer_pts"": 0, ""fast"": 18, ""ma_exit"": true, ""prot_start_mode"": 0, ""prot_start_pts"": 0, ""protection"": 4, ""swing_search"": 100, ""swing_strength"": 2, ""thr_mode"": 1, ""trail_dist_pts"": 50, ""trail_start_pts"": 500, ""trail_step_pts"": 10, ""trend"": 200, ""use_sl_pct"": false, ""use_volume"": true}",none,2021-09-01..2026-09-26,B,45,17.8,0.415,-3.9778,-0.2717,-179.0,-12.23,204.05,-0.81,-100.89,-61.57,-16.53,0.694,negative,baseline,"negative: net -179.0 USD/0.01 lot, PF 0.415, OOS -16.53"
BASE-eurusd-002,2026-09-28,eurusd,1m,ASIS,"{""be_enable"": true, ""be_offset_pts"": 10, ""be_trigger_pts"": 500, ""entry_buffer_pts"": 10, ""fast"": 18, ""ma_exit"": true, ""prot_start_mode"": 1, ""prot_start_pts"": 500, ""protection"": 1, ""swing_buffer_pts"": 50, ""swing_search"": 100, ""swing_strength"": 2, ""thr_mode"": 0, ""trend"": 200, ""use_sl_pct"": false, ""use_volume"": true}",none,2021-09-01..2026-09-26,B,47632,15.6,0.276,-0.2361,-0.4873,-11246.22,-23213.25,11246.22,-11.87,-7063.85,-2168.44,-2013.94,0.191,negative,baseline,"negative: net -11246.22 USD/0.01 lot, PF 0.276, OOS -2013.94"
BASE-eurusd-005,2026-09-28,eurusd,3m,ASIS,"{""be_enable"": true, ""be_offset_pts"": 10, ""be_trigger_pts"": 500, ""entry_buffer_pts"": 10, ""fast"": 18, ""ma_exit"": true, ""prot_start_mode"": 1, ""prot_start_pts"": 500, ""protection"": 1, ""swing_buffer_pts"": 50, ""swing_search"": 100, ""swing_strength"": 2, ""thr_mode"": 0, ""trend"": 200, ""use_sl_pct"": false, ""use_volume"": true}",none,2021-09-01..2026-09-26,B,18796,19.6,0.409,-0.2492,-0.3584,-4683.49,-6736.45,4683.54,-10.5,-2929.52,-931.59,-822.38,0.324,negative,baseline,"negative: net -4683.49 USD/0.01 lot, PF 0.409, OOS -822.38"
BASE-eurusd-008,2026-09-28,eurusd,5m,ASIS,"{""be_enable"": true, ""be_offset_pts"": 10, ""be_trigger_pts"": 500, ""entry_buffer_pts"": 10, ""fast"": 18, ""ma_exit"": true, ""prot_start_mode"": 1, ""prot_start_pts"": 500, ""protection"": 1, ""swing_buffer_pts"": 50, ""swing_search"": 100, ""swing_strength"": 2, ""thr_mode"": 0, ""trend"": 200, ""use_sl_pct"": false, ""use_volume"": true}",none,2021-09-01..2026-09-26,B,11721,20.7,0.473,-0.2595,-0.3093,-3042.07,-3625.1,3042.2,-9.13,-1942.47,-584.04,-515.56,0.403,negative,baseline,"negative: net -3042.07 USD/0.01 lot, PF 0.473, OOS -515.56"
BASE-eurusd-011,2026-09-28,eurusd,10m,ASIS,"{""be_enable"": true, ""be_offset_pts"": 10, ""be_trigger_pts"": 500, ""entry_buffer_pts"": 10, ""fast"": 18, ""ma_exit"": true, ""prot_start_mode"": 1, ""prot_start_pts"": 500, ""protection"": 1, ""swing_buffer_pts"": 50, ""swing_search"": 100, ""swing_strength"": 2, ""thr_mode"": 0, ""trend"": 200, ""use_sl_pct"": false, ""use_volume"": true}",none,2021-09-01..2026-09-26,B,6095,22.1,0.589,-0.2594,-0.2381,-1581.18,-1451.22,1581.18,-5.64,-991.88,-316.53,-272.76,0.531,negative,baseline,"negative: net -1581.18 USD/0.01 lot, PF 0.589, OOS -272.76"
BASE-eurusd-014,2026-09-28,eurusd,15m,ASIS,"{""be_enable"": true, ""be_offset_pts"": 10, ""be_trigger_pts"": 500, ""entry_buffer_pts"": 10, ""fast"": 18, ""ma_exit"": true, ""prot_start_mode"": 1, ""prot_start_pts"": 500, ""protection"": 1, ""swing_buffer_pts"": 50, ""swing_search"": 100, ""swing_strength"": 2, ""thr_mode"": 0, ""trend"": 200, ""use_sl_pct"": false, ""use_volume"": true}",none,2021-09-01..2026-09-26,B,4093,24.4,0.622,-0.2791,-0.22,-1142.34,-900.56,1143.2,-4.76,-727.18,-242.53,-172.62,0.614,negative,baseline,"negative: net -1142.34 USD/0.01 lot, PF 0.622, OOS -172.62"
BASE-eurusd-017,2026-09-28,eurusd,30m,ASIS,"{""be_enable"": true, ""be_offset_pts"": 10, ""be_trigger_pts"": 500, ""entry_buffer_pts"": 10, ""fast"": 18, ""ma_exit"": true, ""prot_start_mode"": 1, ""prot_start_pts"": 500, ""protection"": 1, ""swing_buffer_pts"": 50, ""swing_search"": 100, ""swing_strength"": 2, ""thr_mode"": 0, ""trend"": 200, ""use_sl_pct"": false, ""use_volume"": true}",none,2021-09-01..2026-09-26,B,2060,26.4,0.703,-0.2807,-0.1427,-578.33,-294.04,578.39,-2.53,-322.85,-170.71,-84.77,0.72,negative,baseline,"negative: net -578.33 USD/0.01 lot, PF 0.703, OOS -84.77"
BASE-eurusd-020,2026-09-28,eurusd,1h,ASIS,"{""be_enable"": true, ""be_offset_pts"": 10, ""be_trigger_pts"": 500, ""entry_buffer_pts"": 10, ""fast"": 18, ""ma_exit"": true, ""prot_start_mode"": 1, ""prot_start_pts"": 500, ""protection"": 1, ""swing_buffer_pts"": 50, ""swing_search"": 100, ""swing_strength"": 2, ""thr_mode"": 0, ""trend"": 200, ""use_sl_pct"": false, ""use_volume"": true}",none,2021-09-01..2026-09-26,B,1057,27.9,0.741,-0.3377,-0.0938,-356.91,-99.16,387.29,-1.62,-255.55,-37.55,-63.81,0.691,negative,baseline,"negative: net -356.91 USD/0.01 lot, PF 0.741, OOS -63.81"
BASE-eurusd-023,2026-09-28,eurusd,2h,ASIS,"{""be_enable"": true, ""be_offset_pts"": 10, ""be_trigger_pts"": 500, ""entry_buffer_pts"": 10, ""fast"": 18, ""ma_exit"": true, ""prot_start_mode"": 1, ""prot_start_pts"": 500, ""protection"": 1, ""swing_buffer_pts"": 50, ""swing_search"": 100, ""swing_strength"": 2, ""thr_mode"": 0, ""trend"": 200, ""use_sl_pct"": false, ""use_volume"": true}",none,2021-09-01..2026-09-26,B,533,30.0,0.829,-0.3083,-0.0675,-164.32,-35.99,209.93,-0.74,-155.47,-5.37,-3.48,0.97,negative,baseline,"negative: net -164.32 USD/0.01 lot, PF 0.829, OOS -3.48"
BASE-eurusd-026,2026-09-28,eurusd,4h,ASIS,"{""be_enable"": true, ""be_offset_pts"": 10, ""be_trigger_pts"": 500, ""entry_buffer_pts"": 10, ""fast"": 18, ""ma_exit"": true, ""prot_start_mode"": 1, ""prot_start_pts"": 500, ""protection"": 1, ""swing_buffer_pts"": 50, ""swing_search"": 100, ""swing_strength"": 2, ""thr_mode"": 0, ""trend"": 200, ""use_sl_pct"": false, ""use_volume"": true}",none,2021-09-01..2026-09-26,B,261,34.5,1.009,0.022,-0.0119,5.75,-3.09,108.65,0.02,-10.16,-13.79,29.7,1.376,unstable,baseline,"unstable: net 5.75 USD/0.01 lot, PF 1.009, OOS 29.7"
BASE-eurusd-029,2026-09-28,eurusd,D1,ASIS,"{""be_enable"": true, ""be_offset_pts"": 10, ""be_trigger_pts"": 500, ""entry_buffer_pts"": 10, ""fast"": 18, ""ma_exit"": true, ""prot_start_mode"": 1, ""prot_start_pts"": 500, ""protection"": 1, ""swing_buffer_pts"": 50, ""swing_search"": 100, ""swing_strength"": 2, ""thr_mode"": 0, ""trend"": 200, ""use_sl_pct"": false, ""use_volume"": true}",none,2021-09-01..2026-09-26,B,54,42.6,0.781,-0.6564,-0.0937,-35.45,-5.06,93.01,-0.26,-62.2,43.77,-17.02,0.388,negative,baseline,"negative: net -35.45 USD/0.01 lot, PF 0.781, OOS -17.02"
BASE-eurusd-032,2026-09-28,eurusd,1m,FINAL_H4,"{""atr_period"": 22, ""be_enable"": true, ""be_offset_pts"": 10, ""be_trigger_pts"": 200, ""entry_buffer_pts"": 0, ""fast"": 18, ""ma_exit"": true, ""prot_start_mode"": 0, ""prot_start_pts"": 0, ""protection"": 4, ""swing_search"": 100, ""swing_strength"": 2, ""thr_mode"": 1, ""trail_dist_pts"": 50, ""trail_start_pts"": 500, ""trail_step_pts"": 10, ""trend"": 200, ""use_sl_pct"": false, ""use_volume"": true}",none,2021-09-01..2026-09-26,B,60809,16.9,0.249,-0.2226,-0.6581,-13534.87,-40016.22,13534.87,-12.34,-8456.17,-2488.91,-2589.79,0.158,negative,baseline,"negative: net -13534.87 USD/0.01 lot, PF 0.249, OOS -2589.79"
BASE-eurusd-035,2026-09-28,eurusd,3m,FINAL_H4,"{""atr_period"": 22, ""be_enable"": true, ""be_offset_pts"": 10, ""be_trigger_pts"": 200, ""entry_buffer_pts"": 0, ""fast"": 18, ""ma_exit"": true, ""prot_start_mode"": 0, ""prot_start_pts"": 0, ""protection"": 4, ""swing_search"": 100, ""swing_strength"": 2, ""thr_mode"": 1, ""trail_dist_pts"": 50, ""trail_start_pts"": 500, ""trail_step_pts"": 10, ""trend"": 200, ""use_sl_pct"": false, ""use_volume"": true}",none,2021-09-01..2026-09-26,B,21468,25.0,0.419,-0.2294,-0.3949,-4924.44,-8478.41,4924.44,-10.55,-3048.78,-909.43,-966.22,0.291,negative,baseline,"negative: net -4924.44 USD/0.01 lot, PF 0.419, OOS -966.22"
BASE-eurusd-038,2026-09-28,eurusd,5m,FINAL_H4,"{""atr_period"": 22, ""be_enable"": true, ""be_offset_pts"": 10, ""be_trigger_pts"": 200, ""entry_buffer_pts"": 0, ""fast"": 18, ""ma_exit"": true, ""prot_start_mode"": 0, ""prot_start_pts"": 0, ""protection"": 4, ""swing_search"": 100, ""swing_strength"": 2, ""thr_mode"": 1, ""trail_dist_pts"": 50, ""trail_start_pts"": 500, ""trail_step_pts"": 10, ""trend"": 200, ""use_sl_pct"": false, ""use_volume"": true}",none,2021-09-01..2026-09-26,B,13442,27.6,0.48,-0.2398,-0.3209,-3223.8,-4312.91,3223.8,-8.88,-2002.98,-602.21,-618.61,0.384,negative,baseline,"negative: net -3223.8 USD/0.01 lot, PF 0.48, OOS -618.61"
BASE-eurusd-041,2026-09-28,eurusd,10m,FINAL_H4,"{""atr_period"": 22, ""be_enable"": true, ""be_offset_pts"": 10, ""be_trigger_pts"": 200, ""entry_buffer_pts"": 0, ""fast"": 18, ""ma_exit"": true, ""prot_start_mode"": 0, ""prot_start_pts"": 0, ""protection"": 4, ""swing_search"": 100, ""swing_strength"": 2, ""thr_mode"": 1, ""trail_dist_pts"": 50, ""trail_start_pts"": 500, ""trail_step_pts"": 10, ""trend"": 200, ""use_sl_pct"": false, ""use_volume"": true}",none,2021-09-01..2026-09-26,B,7198,31.0,0.589,-0.2388,-0.2353,-1719.19,-1694.04,1719.32,-6.72,-1088.12,-308.73,-322.34,0.518,negative,baseline,"negative: net -1719.19 USD/0.01 lot, PF 0.589, OOS -322.34"
BASE-eurusd-044,2026-09-28,eurusd,15m,FINAL_H4,"{""atr_period"": 22, ""be_enable"": true, ""be_offset_pts"": 10, ""be_trigger_pts"": 200, ""entry_buffer_pts"": 0, ""fast"": 18, ""ma_exit"": true, ""prot_start_mode"": 0, ""prot_start_pts"": 0, ""protection"": 4, ""swing_search"": 100, ""swing_strength"": 2, ""thr_mode"": 1, ""trail_dist_pts"": 50, ""trail_start_pts"": 500, ""trail_step_pts"": 10, ""trend"": 200, ""use_sl_pct"": false, ""use_volume"": true}",none,2021-09-01..2026-09-26,B,4835,33.1,0.624,-0.2563,-0.2029,-1239.04,-981.17,1239.04,-5.49,-750.71,-284.85,-203.49,0.612,negative,baseline,"negative: net -1239.04 USD/0.01 lot, PF 0.624, OOS -203.49"
BASE-eurusd-047,2026-09-28,eurusd,30m,FINAL_H4,"{""atr_period"": 22, ""be_enable"": true, ""be_offset_pts"": 10, ""be_trigger_pts"": 200, ""entry_buffer_pts"": 0, ""fast"": 18, ""ma_exit"": true, ""prot_start_mode"": 0, ""prot_start_pts"": 0, ""protection"": 4, ""swing_search"": 100, ""swing_strength"": 2, ""thr_mode"": 1, ""trail_dist_pts"": 50, ""trail_start_pts"": 500, ""trail_step_pts"": 10, ""trend"": 200, ""use_sl_pct"": false, ""use_volume"": true}",none,2021-09-01..2026-09-26,B,2521,35.7,0.711,-0.2486,-0.147,-626.83,-370.6,630.47,-2.71,-350.03,-166.12,-110.69,0.687,negative,baseline,"negative: net -626.83 USD/0.01 lot, PF 0.711, OOS -110.69"
BASE-eurusd-050,2026-09-28,eurusd,1h,FINAL_H4,"{""atr_period"": 22, ""be_enable"": true, ""be_offset_pts"": 10, ""be_trigger_pts"": 200, ""entry_buffer_pts"": 0, ""fast"": 18, ""ma_exit"": true, ""prot_start_mode"": 0, ""prot_start_pts"": 0, ""protection"": 4, ""swing_search"": 100, ""swing_strength"": 2, ""thr_mode"": 1, ""trail_dist_pts"": 50, ""trail_start_pts"": 500, ""trail_step_pts"": 10, ""trend"": 200, ""use_sl_pct"": false, ""use_volume"": true}",none,2021-09-01..2026-09-26,B,1228,32.5,0.736,-0.3239,-0.1016,-397.71,-124.71,420.58,-1.86,-291.62,-46.91,-59.19,0.739,negative,baseline,"negative: net -397.71 USD/0.01 lot, PF 0.736, OOS -59.19"
BASE-eurusd-053,2026-09-28,eurusd,2h,FINAL_H4,"{""atr_period"": 22, ""be_enable"": true, ""be_offset_pts"": 10, ""be_trigger_pts"": 200, ""entry_buffer_pts"": 0, ""fast"": 18, ""ma_exit"": true, ""prot_start_mode"": 0, ""prot_start_pts"": 0, ""protection"": 4, ""swing_search"": 100, ""swing_strength"": 2, ""thr_mode"": 1, ""trail_dist_pts"": 50, ""trail_start_pts"": 500, ""trail_step_pts"": 10, ""trend"": 200, ""use_sl_pct"": false, ""use_volume"": true}",none,2021-09-01..2026-09-26,B,604,30.0,0.73,-0.4937,-0.0941,-298.17,-56.82,304.43,-1.33,-247.58,-21.02,-29.57,0.804,negative,baseline,"negative: net -298.17 USD/0.01 lot, PF 0.73, OOS -29.57"
BASE-eurusd-056,2026-09-28,eurusd,4h,FINAL_H4,"{""atr_period"": 22, ""be_enable"": true, ""be_offset_pts"": 10, ""be_trigger_pts"": 200, ""entry_buffer_pts"": 0, ""fast"": 18, ""ma_exit"": true, ""prot_start_mode"": 0, ""prot_start_pts"": 0, ""protection"": 4, ""swing_search"": 100, ""swing_strength"": 2, ""thr_mode"": 1, ""trail_dist_pts"": 50, ""trail_start_pts"": 500, ""trail_step_pts"": 10, ""trend"": 200, ""use_sl_pct"": false, ""use_volume"": true}",none,2021-09-01..2026-09-26,B,282,34.0,1.059,0.1516,0.0387,42.75,10.92,65.45,0.16,-16.44,14.64,44.55,1.486,unstable,baseline,"unstable: net 42.75 USD/0.01 lot, PF 1.059, OOS 44.55"
BASE-eurusd-059,2026-09-28,eurusd,D1,FINAL_H4,"{""atr_period"": 22, ""be_enable"": true, ""be_offset_pts"": 10, ""be_trigger_pts"": 200, ""entry_buffer_pts"": 0, ""fast"": 18, ""ma_exit"": true, ""prot_start_mode"": 0, ""prot_start_pts"": 0, ""protection"": 4, ""swing_search"": 100, ""swing_strength"": 2, ""thr_mode"": 1, ""trail_dist_pts"": 50, ""trail_start_pts"": 500, ""trail_step_pts"": 10, ""trend"": 200, ""use_sl_pct"": false, ""use_volume"": true}",none,2021-09-01..2026-09-26,B,37,35.1,0.985,-0.0741,0.0057,-2.74,0.21,91.18,-0.02,-43.5,61.41,-20.66,0.455,negative,baseline,"negative: net -2.74 USD/0.01 lot, PF 0.985, OOS -20.66"
BASE-gbpusd-002,2026-09-28,gbpusd,1m,ASIS,"{""be_enable"": true, ""be_offset_pts"": 10, ""be_trigger_pts"": 500, ""entry_buffer_pts"": 10, ""fast"": 18, ""ma_exit"": true, ""prot_start_mode"": 1, ""prot_start_pts"": 500, ""protection"": 1, ""swing_buffer_pts"": 50, ""swing_search"": 100, ""swing_strength"": 2, ""thr_mode"": 0, ""trend"": 200, ""use_sl_pct"": false, ""use_volume"": true}",none,2021-09-01..2026-09-26,B,50839,16.6,0.304,-0.2651,-0.4606,-13475.47,-23417.48,13475.68,-11.79,-8490.68,-2648.04,-2336.75,0.238,negative,baseline,"negative: net -13475.47 USD/0.01 lot, PF 0.304, OOS -2336.75"
BASE-gbpusd-005,2026-09-28,gbpusd,3m,ASIS,"{""be_enable"": true, ""be_offset_pts"": 10, ""be_trigger_pts"": 500, ""entry_buffer_pts"": 10, ""fast"": 18, ""ma_exit"": true, ""prot_start_mode"": 1, ""prot_start_pts"": 500, ""protection"": 1, ""swing_buffer_pts"": 50, ""swing_search"": 100, ""swing_strength"": 2, ""thr_mode"": 0, ""trend"": 200, ""use_sl_pct"": false, ""use_volume"": true}",none,2021-09-01..2026-09-26,B,19398,20.4,0.446,-0.2783,-0.3261,-5398.12,-6324.83,5400.0,-10.08,-3472.8,-1059.76,-865.56,0.421,negative,baseline,"negative: net -5398.12 USD/0.01 lot, PF 0.446, OOS -865.56"
BASE-gbpusd-008,2026-09-28,gbpusd,5m,ASIS,"{""be_enable"": true, ""be_offset_pts"": 10, ""be_trigger_pts"": 500, ""entry_buffer_pts"": 10, ""fast"": 18, ""ma_exit"": true, ""prot_start_mode"": 1, ""prot_start_pts"": 500, ""protection"": 1, ""swing_buffer_pts"": 50, ""swing_search"": 100, ""swing_strength"": 2, ""thr_mode"": 0, ""trend"": 200, ""use_sl_pct"": false, ""use_volume"": true}",none,2021-09-01..2026-09-26,B,12135,20.8,0.506,-0.2985,-0.2897,-3621.73,-3515.64,3622.71,-9.57,-2353.13,-677.45,-591.15,0.473,negative,baseline,"negative: net -3621.73 USD/0.01 lot, PF 0.506, OOS -591.15"
BASE-gbpusd-011,2026-09-28,gbpusd,10m,ASIS,"{""be_enable"": true, ""be_offset_pts"": 10, ""be_trigger_pts"": 500, ""entry_buffer_pts"": 10, ""fast"": 18, ""ma_exit"": true, ""prot_start_mode"": 1, ""prot_start_pts"": 500, ""protection"": 1, ""swing_buffer_pts"": 50, ""swing_search"": 100, ""swing_strength"": 2, ""thr_mode"": 0, ""trend"": 200, ""use_sl_pct"": false, ""use_volume"": true}",none,2021-09-01..2026-09-26,B,6384,22.5,0.566,-0.3365,-0.2513,-2147.99,-1604.04,2150.17,-6.19,-1300.19,-452.49,-395.3,0.492,negative,baseline,"negative: net -2147.99 USD/0.01 lot, PF 0.566, OOS -395.3"
BASE-gbpusd-014,2026-09-28,gbpusd,15m,ASIS,"{""be_enable"": true, ""be_offset_pts"": 10, ""be_trigger_pts"": 500, ""entry_buffer_pts"": 10, ""fast"": 18, ""ma_exit"": true, ""prot_start_mode"": 1, ""prot_start_pts"": 500, ""protection"": 1, ""swing_buffer_pts"": 50, ""swing_search"": 100, ""swing_strength"": 2, ""thr_mode"": 0, ""trend"": 200, ""use_sl_pct"": false, ""use_volume"": true}",none,2021-09-01..2026-09-26,B,4252,23.8,0.619,-0.3434,-0.2045,-1460.35,-869.45,1466.88,-4.16,-887.01,-305.63,-267.7,0.556,negative,baseline,"negative: net -1460.35 USD/0.01 lot, PF 0.619, OOS -267.7"
BASE-gbpusd-017,2026-09-28,gbpusd,30m,ASIS,"{""be_enable"": true, ""be_offset_pts"": 10, ""be_trigger_pts"": 500, ""entry_buffer_pts"": 10, ""fast"": 18, ""ma_exit"": true, ""prot_start_mode"": 1, ""prot_start_pts"": 500, ""protection"": 1, ""swing_buffer_pts"": 50, ""swing_search"": 100, ""swing_strength"": 2, ""thr_mode"": 0, ""trend"": 200, ""use_sl_pct"": false, ""use_volume"": true}",none,2021-09-01..2026-09-26,B,2140,26.5,0.725,-0.3236,-0.1432,-692.49,-306.49,702.34,-2.05,-358.91,-127.17,-206.42,0.535,negative,baseline,"negative: net -692.49 USD/0.01 lot, PF 0.725, OOS -206.42"
BASE-gbpusd-020,2026-09-28,gbpusd,1h,ASIS,"{""be_enable"": true, ""be_offset_pts"": 10, ""be_trigger_pts"": 500, ""entry_buffer_pts"": 10, ""fast"": 18, ""ma_exit"": true, ""prot_start_mode"": 1, ""prot_start_pts"": 500, ""protection"": 1, ""swing_buffer_pts"": 50, ""swing_search"": 100, ""swing_strength"": 2, ""thr_mode"": 0, ""trend"": 200, ""use_sl_pct"": false, ""use_volume"": true}",none,2021-09-01..2026-09-26,B,1106,29.0,0.808,-0.3043,-0.0951,-336.52,-105.16,392.88,-1.12,-167.73,-67.05,-101.74,0.646,negative,baseline,"negative: net -336.52 USD/0.01 lot, PF 0.808, OOS -101.74"
BASE-gbpusd-023,2026-09-28,gbpusd,2h,ASIS,"{""be_enable"": true, ""be_offset_pts"": 10, ""be_trigger_pts"": 500, ""entry_buffer_pts"": 10, ""fast"": 18, ""ma_exit"": true, ""prot_start_mode"": 1, ""prot_start_pts"": 500, ""protection"": 1, ""swing_buffer_pts"": 50, ""swing_search"": 100, ""swing_strength"": 2, ""thr_mode"": 0, ""trend"": 200, ""use_sl_pct"": false, ""use_volume"": true}",none,2021-09-01..2026-09-26,B,563,33.4,0.887,-0.2462,-0.0403,-138.63,-22.71,189.0,-0.51,-54.56,-62.67,-21.4,0.894,negative,baseline,"negative: net -138.63 USD/0.01 lot, PF 0.887, OOS -21.4"
BASE-gbpusd-026,2026-09-28,gbpusd,4h,ASIS,"{""be_enable"": true, ""be_offset_pts"": 10, ""be_trigger_pts"": 500, ""entry_buffer_pts"": 10, ""fast"": 18, ""ma_exit"": true, ""prot_start_mode"": 1, ""prot_start_pts"": 500, ""protection"": 1, ""swing_buffer_pts"": 50, ""swing_search"": 100, ""swing_strength"": 2, ""thr_mode"": 0, ""trend"": 200, ""use_sl_pct"": false, ""use_volume"": true}",none,2021-09-01..2026-09-26,B,282,41.8,0.959,-0.1019,-0.0567,-28.75,-15.98,130.58,-0.1,-54.77,22.5,3.52,1.03,negative,baseline,"negative: net -28.75 USD/0.01 lot, PF 0.959, OOS 3.52"
BASE-gbpusd-029,2026-09-28,gbpusd,D1,ASIS,"{""be_enable"": true, ""be_offset_pts"": 10, ""be_trigger_pts"": 500, ""entry_buffer_pts"": 10, ""fast"": 18, ""ma_exit"": true, ""prot_start_mode"": 1, ""prot_start_pts"": 500, ""protection"": 1, ""swing_buffer_pts"": 50, ""swing_search"": 100, ""swing_strength"": 2, ""thr_mode"": 0, ""trend"": 200, ""use_sl_pct"": false, ""use_volume"": true}",none,2021-09-01..2026-09-26,B,58,27.6,0.294,-4.039,-0.2123,-234.26,-12.31,262.56,-1.21,-111.0,-88.42,-34.84,0.083,negative,baseline,"negative: net -234.26 USD/0.01 lot, PF 0.294, OOS -34.84"
BASE-gbpusd-032,2026-09-28,gbpusd,1m,FINAL_H4,"{""atr_period"": 22, ""be_enable"": true, ""be_offset_pts"": 10, ""be_trigger_pts"": 200, ""entry_buffer_pts"": 0, ""fast"": 18, ""ma_exit"": true, ""prot_start_mode"": 0, ""prot_start_pts"": 0, ""protection"": 4, ""swing_search"": 100, ""swing_strength"": 2, ""thr_mode"": 1, ""trail_dist_pts"": 50, ""trail_start_pts"": 500, ""trail_step_pts"": 10, ""trend"": 200, ""use_sl_pct"": false, ""use_volume"": true}",none,2021-09-01..2026-09-26,B,62283,18.5,0.278,-0.2563,-0.5933,-15962.42,-36949.88,15962.42,-12.4,-10076.87,-3000.71,-2884.85,0.205,negative,baseline,"negative: net -15962.42 USD/0.01 lot, PF 0.278, OOS -2884.85"
BASE-gbpusd-035,2026-09-28,gbpusd,3m,FINAL_H4,"{""atr_period"": 22, ""be_enable"": true, ""be_offset_pts"": 10, ""be_trigger_pts"": 200, ""entry_buffer_pts"": 0, ""fast"": 18, ""ma_exit"": true, ""prot_start_mode"": 0, ""prot_start_pts"": 0, ""protection"": 4, ""swing_search"": 100, ""swing_strength"": 2, ""thr_mode"": 1, ""trail_dist_pts"": 50, ""trail_start_pts"": 500, ""trail_step_pts"": 10, ""trend"": 200, ""use_sl_pct"": false, ""use_volume"": true}",none,2021-09-01..2026-09-26,B,22119,25.9,0.44,-0.268,-0.357,-5927.43,-7896.81,5930.56,-11.01,-3715.86,-1131.47,-1080.1,0.365,negative,baseline,"negative: net -5927.43 USD/0.01 lot, PF 0.44, OOS -1080.1"
BASE-gbpusd-038,2026-09-28,gbpusd,5m,FINAL_H4,"{""atr_period"": 22, ""be_enable"": true, ""be_offset_pts"": 10, ""be_trigger_pts"": 200, ""entry_buffer_pts"": 0, ""fast"": 18, ""ma_exit"": true, ""prot_start_mode"": 0, ""prot_start_pts"": 0, ""protection"": 4, ""swing_search"": 100, ""swing_strength"": 2, ""thr_mode"": 1, ""trail_dist_pts"": 50, ""trail_start_pts"": 500, ""trail_step_pts"": 10, ""trend"": 200, ""use_sl_pct"": false, ""use_volume"": true}",none,2021-09-01..2026-09-26,B,13804,28.7,0.514,-0.2769,-0.2823,-3822.21,-3896.75,3823.64,-9.54,-2409.61,-750.15,-662.45,0.462,negative,baseline,"negative: net -3822.21 USD/0.01 lot, PF 0.514, OOS -662.45"
BASE-gbpusd-041,2026-09-28,gbpusd,10m,FINAL_H4,"{""atr_period"": 22, ""be_enable"": true, ""be_offset_pts"": 10, ""be_trigger_pts"": 200, ""entry_buffer_pts"": 0, ""fast"": 18, ""ma_exit"": true, ""prot_start_mode"": 0, ""prot_start_pts"": 0, ""protection"": 4, ""swing_search"": 100, ""swing_strength"": 2, ""thr_mode"": 1, ""trail_dist_pts"": 50, ""trail_start_pts"": 500, ""trail_step_pts"": 10, ""trend"": 200, ""use_sl_pct"": false, ""use_volume"": true}",none,2021-09-01..2026-09-26,B,7390,30.7,0.576,-0.3108,-0.2309,-2296.93,-1706.62,2298.63,-7.29,-1440.98,-433.41,-422.54,0.496,negative,baseline,"negative: net -2296.93 USD/0.01 lot, PF 0.576, OOS -422.54"
BASE-gbpusd-044,2026-09-28,gbpusd,15m,FINAL_H4,"{""atr_period"": 22, ""be_enable"": true, ""be_offset_pts"": 10, ""be_trigger_pts"": 200, ""entry_buffer_pts"": 0, ""fast"": 18, ""ma_exit"": true, ""prot_start_mode"": 0, ""prot_start_pts"": 0, ""protection"": 4, ""swing_search"": 100, ""swing_strength"": 2, ""thr_mode"": 1, ""trail_dist_pts"": 50, ""trail_start_pts"": 500, ""trail_step_pts"": 10, ""trend"": 200, ""use_sl_pct"": false, ""use_volume"": true}",none,2021-09-01..2026-09-26,B,4934,33.4,0.643,-0.3019,-0.182,-1489.65,-898.17,1496.86,-4.56,-869.78,-310.17,-309.7,0.549,negative,baseline,"negative: net -1489.65 USD/0.01 lot, PF 0.643, OOS -309.7"
BASE-gbpusd-047,2026-09-28,gbpusd,30m,FINAL_H4,"{""atr_period"": 22, ""be_enable"": true, ""be_offset_pts"": 10, ""be_trigger_pts"": 200, ""entry_buffer_pts"": 0, ""fast"": 18, ""ma_exit"": true, ""prot_start_mode"": 0, ""prot_start_pts"": 0, ""protection"": 4, ""swing_search"": 100, ""swing_strength"": 2, ""thr_mode"": 1, ""trail_dist_pts"": 50, ""trail_start_pts"": 500, ""trail_step_pts"": 10, ""trend"": 200, ""use_sl_pct"": false, ""use_volume"": true}",none,2021-09-01..2026-09-26,B,2517,36.4,0.721,-0.3022,-0.1312,-760.6,-330.17,769.12,-2.33,-375.14,-152.94,-232.52,0.534,negative,baseline,"negative: net -760.6 USD/0.01 lot, PF 0.721, OOS -232.52"
BASE-gbpusd-050,2026-09-28,gbpusd,1h,FINAL_H4,"{""atr_period"": 22, ""be_enable"": true, ""be_offset_pts"": 10, ""be_trigger_pts"": 200, ""entry_buffer_pts"": 0, ""fast"": 18, ""ma_exit"": true, ""prot_start_mode"": 0, ""prot_start_pts"": 0, ""protection"": 4, ""swing_search"": 100, ""swing_strength"": 2, ""thr_mode"": 1, ""trail_dist_pts"": 50, ""trail_start_pts"": 500, ""trail_step_pts"": 10, ""trend"": 200, ""use_sl_pct"": false, ""use_volume"": true}",none,2021-09-01..2026-09-26,B,1240,34.2,0.791,-0.3261,-0.0907,-404.36,-112.43,485.48,-1.38,-187.86,-85.85,-130.65,0.565,negative,baseline,"negative: net -404.36 USD/0.01 lot, PF 0.791, OOS -130.65"
BASE-gbpusd-053,2026-09-28,gbpusd,2h,FINAL_H4,"{""atr_period"": 22, ""be_enable"": true, ""be_offset_pts"": 10, ""be_trigger_pts"": 200, ""entry_buffer_pts"": 0, ""fast"": 18, ""ma_exit"": true, ""prot_start_mode"": 0, ""prot_start_pts"": 0, ""protection"": 4, ""swing_search"": 100, ""swing_strength"": 2, ""thr_mode"": 1, ""trail_dist_pts"": 50, ""trail_start_pts"": 500, ""trail_step_pts"": 10, ""trend"": 200, ""use_sl_pct"": false, ""use_volume"": true}",none,2021-09-01..2026-09-26,B,602,33.7,0.855,-0.3319,-0.0453,-199.8,-27.29,278.6,-0.79,-123.28,-64.54,-11.99,0.944,negative,baseline,"negative: net -199.8 USD/0.01 lot, PF 0.855, OOS -11.99"
BASE-gbpusd-056,2026-09-28,gbpusd,4h,FINAL_H4,"{""atr_period"": 22, ""be_enable"": true, ""be_offset_pts"": 10, ""be_trigger_pts"": 200, ""entry_buffer_pts"": 0, ""fast"": 18, ""ma_exit"": true, ""prot_start_mode"": 0, ""prot_start_pts"": 0, ""protection"": 4, ""swing_search"": 100, ""swing_strength"": 2, ""thr_mode"": 1, ""trail_dist_pts"": 50, ""trail_start_pts"": 500, ""trail_step_pts"": 10, ""trend"": 200, ""use_sl_pct"": false, ""use_volume"": true}",none,2021-09-01..2026-09-26,B,282,32.6,0.902,-0.3055,-0.0703,-86.15,-19.82,164.45,-0.34,-118.31,24.24,7.92,1.059,negative,baseline,"negative: net -86.15 USD/0.01 lot, PF 0.902, OOS 7.92"
BASE-gbpusd-059,2026-09-28,gbpusd,D1,FINAL_H4,"{""atr_period"": 22, ""be_enable"": true, ""be_offset_pts"": 10, ""be_trigger_pts"": 200, ""entry_buffer_pts"": 0, ""fast"": 18, ""ma_exit"": true, ""prot_start_mode"": 0, ""prot_start_pts"": 0, ""protection"": 4, ""swing_search"": 100, ""swing_strength"": 2, ""thr_mode"": 1, ""trail_dist_pts"": 50, ""trail_start_pts"": 500, ""trail_step_pts"": 10, ""trend"": 200, ""use_sl_pct"": false, ""use_volume"": true}",none,2021-09-01..2026-09-26,B,42,31.0,0.679,-2.4298,-0.1074,-102.05,-4.51,239.54,-0.27,39.72,-64.72,-77.05,0.04,negative,baseline,"negative: net -102.05 USD/0.01 lot, PF 0.679, OOS -77.05"
BASE-usdjpy-002,2026-09-28,usdjpy,1m,ASIS,"{""be_enable"": true, ""be_offset_pts"": 10, ""be_trigger_pts"": 500, ""entry_buffer_pts"": 10, ""fast"": 18, ""ma_exit"": true, ""prot_start_mode"": 1, ""prot_start_pts"": 500, ""protection"": 1, ""swing_buffer_pts"": 50, ""swing_search"": 100, ""swing_strength"": 2, ""thr_mode"": 0, ""trend"": 200, ""use_sl_pct"": false, ""use_volume"": true}",none,2021-09-01..2026-09-26,B,52963,19.9,0.423,-0.1607,-0.362,-8510.12,-19171.92,8510.13,-11.2,-5125.47,-1854.79,-1529.85,0.328,negative,baseline,"negative: net -8510.12 USD/0.01 lot, PF 0.423, OOS -1529.85"
BASE-usdjpy-005,2026-09-28,usdjpy,3m,ASIS,"{""be_enable"": true, ""be_offset_pts"": 10, ""be_trigger_pts"": 500, ""entry_buffer_pts"": 10, ""fast"": 18, ""ma_exit"": true, ""prot_start_mode"": 1, ""prot_start_pts"": 500, ""protection"": 1, ""swing_buffer_pts"": 50, ""swing_search"": 100, ""swing_strength"": 2, ""thr_mode"": 0, ""trend"": 200, ""use_sl_pct"": false, ""use_volume"": true}",none,2021-09-01..2026-09-26,B,19743,23.4,0.618,-0.1426,-0.2272,-2814.49,-4486.36,2821.52,-6.85,-1728.24,-596.35,-489.89,0.555,negative,baseline,"negative: net -2814.49 USD/0.01 lot, PF 0.618, OOS -489.89"
BASE-usdjpy-008,2026-09-28,usdjpy,5m,ASIS,"{""be_enable"": true, ""be_offset_pts"": 10, ""be_trigger_pts"": 500, ""entry_buffer_pts"": 10, ""fast"": 18, ""ma_exit"": true, ""prot_start_mode"": 1, ""prot_start_pts"": 500, ""protection"": 1, ""swing_buffer_pts"": 50, ""swing_search"": 100, ""swing_strength"": 2, ""thr_mode"": 0, ""trend"": 200, ""use_sl_pct"": false, ""use_volume"": true}",none,2021-09-01..2026-09-26,B,12098,25.1,0.715,-0.126,-0.1683,-1523.89,-2035.65,1524.38,-4.28,-868.71,-337.08,-318.1,0.614,negative,baseline,"negative: net -1523.89 USD/0.01 lot, PF 0.715, OOS -318.1"
BASE-usdjpy-011,2026-09-28,usdjpy,10m,ASIS,"{""be_enable"": true, ""be_offset_pts"": 10, ""be_trigger_pts"": 500, ""entry_buffer_pts"": 10, ""fast"": 18, ""ma_exit"": true, ""prot_start_mode"": 1, ""prot_start_pts"": 500, ""protection"": 1, ""swing_buffer_pts"": 50, ""swing_search"": 100, ""swing_strength"": 2, ""thr_mode"": 0, ""trend"": 200, ""use_sl_pct"": false, ""use_volume"": true}",none,2021-09-01..2026-09-26,B,6218,27.2,0.804,-0.1138,-0.107,-707.6,-665.11,729.39,-2.43,-377.41,-223.65,-106.54,0.807,negative,baseline,"negative: net -707.6 USD/0.01 lot, PF 0.804, OOS -106.54"
BASE-usdjpy-014,2026-09-28,usdjpy,15m,ASIS,"{""be_enable"": true, ""be_offset_pts"": 10, ""be_trigger_pts"": 500, ""entry_buffer_pts"": 10, ""fast"": 18, ""ma_exit"": true, ""prot_start_mode"": 1, ""prot_start_pts"": 500, ""protection"": 1, ""swing_buffer_pts"": 50, ""swing_search"": 100, ""swing_strength"": 2, ""thr_mode"": 0, ""trend"": 200, ""use_sl_pct"": false, ""use_volume"": true}",none,2021-09-01..2026-09-26,B,4227,27.9,0.872,-0.0879,-0.0802,-371.5,-339.12,425.24,-1.23,-184.84,-115.8,-70.85,0.836,negative,baseline,"negative: net -371.5 USD/0.01 lot, PF 0.872, OOS -70.85"
BASE-usdjpy-017,2026-09-28,usdjpy,30m,ASIS,"{""be_enable"": true, ""be_offset_pts"": 10, ""be_trigger_pts"": 500, ""entry_buffer_pts"": 10, ""fast"": 18, ""ma_exit"": true, ""prot_start_mode"": 1, ""prot_start_pts"": 500, ""protection"": 1, ""swing_buffer_pts"": 50, ""swing_search"": 100, ""swing_strength"": 2, ""thr_mode"": 0, ""trend"": 200, ""use_sl_pct"": false, ""use_volume"": true}",none,2021-09-01..2026-09-26,B,2129,31.1,1.011,0.0095,0.0084,20.26,17.82,155.2,0.07,-27.7,32.5,15.46,1.056,unstable,baseline,"unstable: net 20.26 USD/0.01 lot, PF 1.011, OOS 15.46"
BASE-usdjpy-020,2026-09-28,usdjpy,1h,ASIS,"{""be_enable"": true, ""be_offset_pts"": 10, ""be_trigger_pts"": 500, ""entry_buffer_pts"": 10, ""fast"": 18, ""ma_exit"": true, ""prot_start_mode"": 1, ""prot_start_pts"": 500, ""protection"": 1, ""swing_buffer_pts"": 50, ""swing_search"": 100, ""swing_strength"": 2, ""thr_mode"": 0, ""trend"": 200, ""use_sl_pct"": false, ""use_volume"": true}",none,2021-09-01..2026-09-26,B,1069,34.1,1.088,0.1084,0.0564,115.84,60.31,104.49,0.42,99.36,62.28,-45.8,0.794,unstable,baseline,"unstable: net 115.84 USD/0.01 lot, PF 1.088, OOS -45.8"
BASE-usdjpy-023,2026-09-28,usdjpy,2h,ASIS,"{""be_enable"": true, ""be_offset_pts"": 10, ""be_trigger_pts"": 500, ""entry_buffer_pts"": 10, ""fast"": 18, ""ma_exit"": true, ""prot_start_mode"": 1, ""prot_start_pts"": 500, ""protection"": 1, ""swing_buffer_pts"": 50, ""swing_search"": 100, ""swing_strength"": 2, ""thr_mode"": 0, ""trend"": 200, ""use_sl_pct"": false, ""use_volume"": true}",none,2021-09-01..2026-09-26,B,581,45.1,1.243,0.3643,0.0773,211.67,44.91,75.97,0.71,230.67,2.46,-21.46,0.83,unstable,baseline,"unstable: net 211.67 USD/0.01 lot, PF 1.243, OOS -21.46"
BASE-usdjpy-026,2026-09-28,usdjpy,4h,ASIS,"{""be_enable"": true, ""be_offset_pts"": 10, ""be_trigger_pts"": 500, ""entry_buffer_pts"": 10, ""fast"": 18, ""ma_exit"": true, ""prot_start_mode"": 1, ""prot_start_pts"": 500, ""protection"": 1, ""swing_buffer_pts"": 50, ""swing_search"": 100, ""swing_strength"": 2, ""thr_mode"": 0, ""trend"": 200, ""use_sl_pct"": false, ""use_volume"": true}",none,2021-09-01..2026-09-26,B,300,49.7,1.154,0.3212,0.0451,96.35,13.54,119.13,0.32,188.81,-104.22,11.75,1.159,unstable,baseline,"unstable: net 96.35 USD/0.01 lot, PF 1.154, OOS 11.75"
BASE-usdjpy-029,2026-09-28,usdjpy,D1,ASIS,"{""be_enable"": true, ""be_offset_pts"": 10, ""be_trigger_pts"": 500, ""entry_buffer_pts"": 10, ""fast"": 18, ""ma_exit"": true, ""prot_start_mode"": 1, ""prot_start_pts"": 500, ""protection"": 1, ""swing_buffer_pts"": 50, ""swing_search"": 100, ""swing_strength"": 2, ""thr_mode"": 0, ""trend"": 200, ""use_sl_pct"": false, ""use_volume"": true}",none,2021-09-01..2026-09-26,B,85,64.7,0.439,-1.2005,-0.0824,-102.04,-7.01,131.8,-0.71,2.09,-44.22,-59.91,0.08,negative,baseline,"negative: net -102.04 USD/0.01 lot, PF 0.439, OOS -59.91"
BASE-usdjpy-032,2026-09-28,usdjpy,1m,FINAL_H4,"{""atr_period"": 22, ""be_enable"": true, ""be_offset_pts"": 10, ""be_trigger_pts"": 200, ""entry_buffer_pts"": 0, ""fast"": 18, ""ma_exit"": true, ""prot_start_mode"": 0, ""prot_start_pts"": 0, ""protection"": 4, ""swing_search"": 100, ""swing_strength"": 2, ""thr_mode"": 1, ""trail_dist_pts"": 50, ""trail_start_pts"": 500, ""trail_step_pts"": 10, ""trend"": 200, ""use_sl_pct"": false, ""use_volume"": true}",none,2021-09-01..2026-09-26,B,60330,24.6,0.427,-0.1524,-0.4268,-9191.33,-25749.17,9191.8,-10.97,-5543.17,-2005.43,-1642.73,0.327,negative,baseline,"negative: net -9191.33 USD/0.01 lot, PF 0.427, OOS -1642.73"
BASE-usdjpy-035,2026-09-28,usdjpy,3m,FINAL_H4,"{""atr_period"": 22, ""be_enable"": true, ""be_offset_pts"": 10, ""be_trigger_pts"": 200, ""entry_buffer_pts"": 0, ""fast"": 18, ""ma_exit"": true, ""prot_start_mode"": 0, ""prot_start_pts"": 0, ""protection"": 4, ""swing_search"": 100, ""swing_strength"": 2, ""thr_mode"": 1, ""trail_dist_pts"": 50, ""trail_start_pts"": 500, ""trail_step_pts"": 10, ""trend"": 200, ""use_sl_pct"": false, ""use_volume"": true}",none,2021-09-01..2026-09-26,B,22479,30.6,0.618,-0.1386,-0.2298,-3115.13,-5164.67,3120.61,-7.01,-1854.8,-718.23,-542.1,0.544,negative,baseline,"negative: net -3115.13 USD/0.01 lot, PF 0.618, OOS -542.1"
BASE-usdjpy-038,2026-09-28,usdjpy,5m,FINAL_H4,"{""atr_period"": 22, ""be_enable"": true, ""be_offset_pts"": 10, ""be_trigger_pts"": 200, ""entry_buffer_pts"": 0, ""fast"": 18, ""ma_exit"": true, ""prot_start_mode"": 0, ""prot_start_pts"": 0, ""protection"": 4, ""swing_search"": 100, ""swing_strength"": 2, ""thr_mode"": 1, ""trail_dist_pts"": 50, ""trail_start_pts"": 500, ""trail_step_pts"": 10, ""trend"": 200, ""use_sl_pct"": false, ""use_volume"": true}",none,2021-09-01..2026-09-26,B,13948,33.9,0.707,-0.1259,-0.1634,-1755.37,-2278.66,1756.74,-4.94,-983.61,-423.97,-347.78,0.602,negative,baseline,"negative: net -1755.37 USD/0.01 lot, PF 0.707, OOS -347.78"
BASE-usdjpy-041,2026-09-28,usdjpy,10m,FINAL_H4,"{""atr_period"": 22, ""be_enable"": true, ""be_offset_pts"": 10, ""be_trigger_pts"": 200, ""entry_buffer_pts"": 0, ""fast"": 18, ""ma_exit"": true, ""prot_start_mode"": 0, ""prot_start_pts"": 0, ""protection"": 4, ""swing_search"": 100, ""swing_strength"": 2, ""thr_mode"": 1, ""trail_dist_pts"": 50, ""trail_start_pts"": 500, ""trail_step_pts"": 10, ""trend"": 200, ""use_sl_pct"": false, ""use_volume"": true}",none,2021-09-01..2026-09-26,B,7310,36.0,0.804,-0.1087,-0.1072,-794.7,-783.78,817.12,-2.64,-404.32,-257.74,-132.65,0.78,negative,baseline,"negative: net -794.7 USD/0.01 lot, PF 0.804, OOS -132.65"
BASE-usdjpy-044,2026-09-28,usdjpy,15m,FINAL_H4,"{""atr_period"": 22, ""be_enable"": true, ""be_offset_pts"": 10, ""be_trigger_pts"": 200, ""entry_buffer_pts"": 0, ""fast"": 18, ""ma_exit"": true, ""prot_start_mode"": 0, ""prot_start_pts"": 0, ""protection"": 4, ""swing_search"": 100, ""swing_strength"": 2, ""thr_mode"": 1, ""trail_dist_pts"": 50, ""trail_start_pts"": 500, ""trail_step_pts"": 10, ""trend"": 200, ""use_sl_pct"": false, ""use_volume"": true}",none,2021-09-01..2026-09-26,B,4928,36.9,0.856,-0.0939,-0.0848,-462.98,-417.86,475.24,-1.62,-191.76,-164.16,-107.06,0.773,negative,baseline,"negative: net -462.98 USD/0.01 lot, PF 0.856, OOS -107.06"
BASE-usdjpy-047,2026-09-28,usdjpy,30m,FINAL_H4,"{""atr_period"": 22, ""be_enable"": true, ""be_offset_pts"": 10, ""be_trigger_pts"": 200, ""entry_buffer_pts"": 0, ""fast"": 18, ""ma_exit"": true, ""prot_start_mode"": 0, ""prot_start_pts"": 0, ""protection"": 4, ""swing_search"": 100, ""swing_strength"": 2, ""thr_mode"": 1, ""trail_dist_pts"": 50, ""trail_start_pts"": 500, ""trail_step_pts"": 10, ""trend"": 200, ""use_sl_pct"": false, ""use_volume"": true}",none,2021-09-01..2026-09-26,B,2444,38.3,0.976,-0.0203,-0.0175,-49.68,-42.86,138.95,-0.19,-51.93,10.85,-8.61,0.972,negative,baseline,"negative: net -49.68 USD/0.01 lot, PF 0.976, OOS -8.61"
BASE-usdjpy-050,2026-09-28,usdjpy,1h,FINAL_H4,"{""atr_period"": 22, ""be_enable"": true, ""be_offset_pts"": 10, ""be_trigger_pts"": 200, ""entry_buffer_pts"": 0, ""fast"": 18, ""ma_exit"": true, ""prot_start_mode"": 0, ""prot_start_pts"": 0, ""protection"": 4, ""swing_search"": 100, ""swing_strength"": 2, ""thr_mode"": 1, ""trail_dist_pts"": 50, ""trail_start_pts"": 500, ""trail_step_pts"": 10, ""trend"": 200, ""use_sl_pct"": false, ""use_volume"": true}",none,2021-09-01..2026-09-26,B,1185,37.1,1.052,0.0645,0.019,76.39,22.49,121.32,0.3,86.15,57.81,-67.57,0.72,unstable,baseline,"unstable: net 76.39 USD/0.01 lot, PF 1.052, OOS -67.57"
BASE-usdjpy-053,2026-09-28,usdjpy,2h,FINAL_H4,"{""atr_period"": 22, ""be_enable"": true, ""be_offset_pts"": 10, ""be_trigger_pts"": 200, ""entry_buffer_pts"": 0, ""fast"": 18, ""ma_exit"": true, ""prot_start_mode"": 0, ""prot_start_pts"": 0, ""protection"": 4, ""swing_search"": 100, ""swing_strength"": 2, ""thr_mode"": 1, ""trail_dist_pts"": 50, ""trail_start_pts"": 500, ""trail_step_pts"": 10, ""trend"": 200, ""use_sl_pct"": false, ""use_volume"": true}",none,2021-09-01..2026-09-26,B,606,40.9,1.29,0.477,0.0826,289.08,50.05,65.98,1.04,258.61,44.95,-14.49,0.902,unstable,baseline,"unstable: net 289.08 USD/0.01 lot, PF 1.29, OOS -14.49"
BASE-usdjpy-056,2026-09-28,usdjpy,4h,FINAL_H4,"{""atr_period"": 22, ""be_enable"": true, ""be_offset_pts"": 10, ""be_trigger_pts"": 200, ""entry_buffer_pts"": 0, ""fast"": 18, ""ma_exit"": true, ""prot_start_mode"": 0, ""prot_start_pts"": 0, ""protection"": 4, ""swing_search"": 100, ""swing_strength"": 2, ""thr_mode"": 1, ""trail_dist_pts"": 50, ""trail_start_pts"": 500, ""trail_step_pts"": 10, ""trend"": 200, ""use_sl_pct"": false, ""use_volume"": true}",none,2021-09-01..2026-09-26,B,295,41.0,1.072,0.2036,0.06,60.07,17.7,155.95,0.2,166.67,-117.18,10.58,1.107,unstable,baseline,"unstable: net 60.07 USD/0.01 lot, PF 1.072, OOS 10.58"
BASE-usdjpy-059,2026-09-28,usdjpy,D1,FINAL_H4,"{""atr_period"": 22, ""be_enable"": true, ""be_offset_pts"": 10, ""be_trigger_pts"": 200, ""entry_buffer_pts"": 0, ""fast"": 18, ""ma_exit"": true, ""prot_start_mode"": 0, ""prot_start_pts"": 0, ""protection"": 4, ""swing_search"": 100, ""swing_strength"": 2, ""thr_mode"": 1, ""trail_dist_pts"": 50, ""trail_start_pts"": 500, ""trail_step_pts"": 10, ""trend"": 200, ""use_sl_pct"": false, ""use_volume"": true}",none,2021-09-01..2026-09-26,B,42,28.6,0.951,-0.2562,-0.1283,-10.76,-5.39,148.14,-0.05,126.44,-61.82,-75.38,0.207,negative,baseline,"negative: net -10.76 USD/0.01 lot, PF 0.951, OOS -75.38"
BASE-audusd-002,2026-09-28,audusd,1m,ASIS,"{""be_enable"": true, ""be_offset_pts"": 10, ""be_trigger_pts"": 500, ""entry_buffer_pts"": 10, ""fast"": 18, ""ma_exit"": true, ""prot_start_mode"": 1, ""prot_start_pts"": 500, ""protection"": 1, ""swing_buffer_pts"": 50, ""swing_search"": 100, ""swing_strength"": 2, ""thr_mode"": 0, ""trend"": 200, ""use_sl_pct"": false, ""use_volume"": true}",none,2021-09-01..2026-09-26,B,43075,14.0,0.217,-0.2602,-0.5555,-11208.84,-23928.84,11208.84,-11.23,-7107.45,-2268.92,-1832.46,0.143,negative,baseline,"negative: net -11208.84 USD/0.01 lot, PF 0.217, OOS -1832.46"
BASE-audusd-005,2026-09-28,audusd,3m,ASIS,"{""be_enable"": true, ""be_offset_pts"": 10, ""be_trigger_pts"": 500, ""entry_buffer_pts"": 10, ""fast"": 18, ""ma_exit"": true, ""prot_start_mode"": 1, ""prot_start_pts"": 500, ""protection"": 1, ""swing_buffer_pts"": 50, ""swing_search"": 100, ""swing_strength"": 2, ""thr_mode"": 0, ""trend"": 200, ""use_sl_pct"": false, ""use_volume"": true}",none,2021-09-01..2026-09-26,B,17764,18.8,0.351,-0.2678,-0.3847,-4756.73,-6832.99,4757.48,-10.65,-2923.66,-1022.74,-810.33,0.282,negative,baseline,"negative: net -4756.73 USD/0.01 lot, PF 0.351, OOS -810.33"
BASE-audusd-008,2026-09-28,audusd,5m,ASIS,"{""be_enable"": true, ""be_offset_pts"": 10, ""be_trigger_pts"": 500, ""entry_buffer_pts"": 10, ""fast"": 18, ""ma_exit"": true, ""prot_start_mode"": 1, ""prot_start_pts"": 500, ""protection"": 1, ""swing_buffer_pts"": 50, ""swing_search"": 100, ""swing_strength"": 2, ""thr_mode"": 0, ""trend"": 200, ""use_sl_pct"": false, ""use_volume"": true}",none,2021-09-01..2026-09-26,B,11258,20.6,0.422,-0.2764,-0.3283,-3112.22,-3695.66,3112.22,-9.07,-1921.25,-634.61,-556.35,0.332,negative,baseline,"negative: net -3112.22 USD/0.01 lot, PF 0.422, OOS -556.35"
BASE-audusd-011,2026-09-28,audusd,10m,ASIS,"{""be_enable"": true, ""be_offset_pts"": 10, ""be_trigger_pts"": 500, ""entry_buffer_pts"": 10, ""fast"": 18, ""ma_exit"": true, ""prot_start_mode"": 1, ""prot_start_pts"": 500, ""protection"": 1, ""swing_buffer_pts"": 50, ""swing_search"": 100, ""swing_strength"": 2, ""thr_mode"": 0, ""trend"": 200, ""use_sl_pct"": false, ""use_volume"": true}",none,2021-09-01..2026-09-26,B,6047,22.1,0.503,-0.2911,-0.2636,-1760.13,-1594.09,1760.13,-6.66,-1036.87,-390.49,-332.76,0.397,negative,baseline,"negative: net -1760.13 USD/0.01 lot, PF 0.503, OOS -332.76"
BASE-audusd-014,2026-09-28,audusd,15m,ASIS,"{""be_enable"": true, ""be_offset_pts"": 10, ""be_trigger_pts"": 500, ""entry_buffer_pts"": 10, ""fast"": 18, ""ma_exit"": true, ""prot_start_mode"": 1, ""prot_start_pts"": 500, ""protection"": 1, ""swing_buffer_pts"": 50, ""swing_search"": 100, ""swing_strength"": 2, ""thr_mode"": 0, ""trend"": 200, ""use_sl_pct"": false, ""use_volume"": true}",none,2021-09-01..2026-09-26,B,4123,23.0,0.535,-0.3195,-0.2376,-1317.35,-979.79,1319.59,-6.03,-749.47,-298.58,-269.3,0.418,negative,baseline,"negative: net -1317.35 USD/0.01 lot, PF 0.535, OOS -269.3"
BASE-audusd-017,2026-09-28,audusd,30m,ASIS,"{""be_enable"": true, ""be_offset_pts"": 10, ""be_trigger_pts"": 500, ""entry_buffer_pts"": 10, ""fast"": 18, ""ma_exit"": true, ""prot_start_mode"": 1, ""prot_start_pts"": 500, ""protection"": 1, ""swing_buffer_pts"": 50, ""swing_search"": 100, ""swing_strength"": 2, ""thr_mode"": 0, ""trend"": 200, ""use_sl_pct"": false, ""use_volume"": true}",none,2021-09-01..2026-09-26,B,2118,25.4,0.588,-0.3577,-0.1968,-757.64,-416.86,759.22,-4.5,-451.6,-156.97,-149.07,0.491,negative,baseline,"negative: net -757.64 USD/0.01 lot, PF 0.588, OOS -149.07"
BASE-audusd-020,2026-09-28,audusd,1h,ASIS,"{""be_enable"": true, ""be_offset_pts"": 10, ""be_trigger_pts"": 500, ""entry_buffer_pts"": 10, ""fast"": 18, ""ma_exit"": true, ""prot_start_mode"": 1, ""prot_start_pts"": 500, ""protection"": 1, ""swing_buffer_pts"": 50, ""swing_search"": 100, ""swing_strength"": 2, ""thr_mode"": 0, ""trend"": 200, ""use_sl_pct"": false, ""use_volume"": true}",none,2021-09-01..2026-09-26,B,1051,27.7,0.625,-0.4478,-0.1658,-470.65,-174.29,471.84,-2.52,-263.59,-142.65,-64.42,0.615,negative,baseline,"negative: net -470.65 USD/0.01 lot, PF 0.625, OOS -64.42"
BASE-audusd-023,2026-09-28,audusd,2h,ASIS,"{""be_enable"": true, ""be_offset_pts"": 10, ""be_trigger_pts"": 500, ""entry_buffer_pts"": 10, ""fast"": 18, ""ma_exit"": true, ""prot_start_mode"": 1, ""prot_start_pts"": 500, ""protection"": 1, ""swing_buffer_pts"": 50, ""swing_search"": 100, ""swing_strength"": 2, ""thr_mode"": 0, ""trend"": 200, ""use_sl_pct"": false, ""use_volume"": true}",none,2021-09-01..2026-09-26,B,557,29.6,0.632,-0.602,-0.138,-335.33,-76.87,343.29,-1.77,-179.77,-72.61,-82.94,0.493,negative,baseline,"negative: net -335.33 USD/0.01 lot, PF 0.632, OOS -82.94"
BASE-audusd-026,2026-09-28,audusd,4h,ASIS,"{""be_enable"": true, ""be_offset_pts"": 10, ""be_trigger_pts"": 500, ""entry_buffer_pts"": 10, ""fast"": 18, ""ma_exit"": true, ""prot_start_mode"": 1, ""prot_start_pts"": 500, ""protection"": 1, ""swing_buffer_pts"": 50, ""swing_search"": 100, ""swing_strength"": 2, ""thr_mode"": 0, ""trend"": 200, ""use_sl_pct"": false, ""use_volume"": true}",none,2021-09-01..2026-09-26,B,286,31.8,0.614,-0.8924,-0.0914,-255.23,-26.14,266.97,-1.46,-150.18,-82.24,-22.8,0.764,negative,baseline,"negative: net -255.23 USD/0.01 lot, PF 0.614, OOS -22.8"
BASE-audusd-029,2026-09-28,audusd,D1,ASIS,"{""be_enable"": true, ""be_offset_pts"": 10, ""be_trigger_pts"": 500, ""entry_buffer_pts"": 10, ""fast"": 18, ""ma_exit"": true, ""prot_start_mode"": 1, ""prot_start_pts"": 500, ""protection"": 1, ""swing_buffer_pts"": 50, ""swing_search"": 100, ""swing_strength"": 2, ""thr_mode"": 0, ""trend"": 200, ""use_sl_pct"": false, ""use_volume"": true}",none,2021-09-01..2026-09-26,B,59,25.4,0.301,-3.758,-0.2518,-221.72,-14.86,223.78,-1.11,-141.95,-65.3,-14.47,0.678,negative,baseline,"negative: net -221.72 USD/0.01 lot, PF 0.301, OOS -14.47"
BASE-audusd-032,2026-09-28,audusd,1m,FINAL_H4,"{""atr_period"": 22, ""be_enable"": true, ""be_offset_pts"": 10, ""be_trigger_pts"": 200, ""entry_buffer_pts"": 0, ""fast"": 18, ""ma_exit"": true, ""prot_start_mode"": 0, ""prot_start_pts"": 0, ""protection"": 4, ""swing_search"": 100, ""swing_strength"": 2, ""thr_mode"": 1, ""trail_dist_pts"": 50, ""trail_start_pts"": 500, ""trail_step_pts"": 10, ""trend"": 200, ""use_sl_pct"": false, ""use_volume"": true}",none,2021-09-01..2026-09-26,B,60590,13.4,0.17,-0.2503,-0.7587,-15163.87,-45970.87,15163.87,-11.05,-8779.42,-3290.39,-3094.07,0.09,negative,baseline,"negative: net -15163.87 USD/0.01 lot, PF 0.17, OOS -3094.07"
BASE-audusd-035,2026-09-28,audusd,3m,FINAL_H4,"{""atr_period"": 22, ""be_enable"": true, ""be_offset_pts"": 10, ""be_trigger_pts"": 200, ""entry_buffer_pts"": 0, ""fast"": 18, ""ma_exit"": true, ""prot_start_mode"": 0, ""prot_start_pts"": 0, ""protection"": 4, ""swing_search"": 100, ""swing_strength"": 2, ""thr_mode"": 1, ""trail_dist_pts"": 50, ""trail_start_pts"": 500, ""trail_step_pts"": 10, ""trend"": 200, ""use_sl_pct"": false, ""use_volume"": true}",none,2021-09-01..2026-09-26,B,20616,22.6,0.335,-0.259,-0.458,-5339.43,-9443.11,5339.43,-10.9,-3243.34,-1135.57,-960.52,0.25,negative,baseline,"negative: net -5339.43 USD/0.01 lot, PF 0.335, OOS -960.52"
BASE-audusd-038,2026-09-28,audusd,5m,FINAL_H4,"{""atr_period"": 22, ""be_enable"": true, ""be_offset_pts"": 10, ""be_trigger_pts"": 200, ""entry_buffer_pts"": 0, ""fast"": 18, ""ma_exit"": true, ""prot_start_mode"": 0, ""prot_start_pts"": 0, ""protection"": 4, ""swing_search"": 100, ""swing_strength"": 2, ""thr_mode"": 1, ""trail_dist_pts"": 50, ""trail_start_pts"": 500, ""trail_step_pts"": 10, ""trend"": 200, ""use_sl_pct"": false, ""use_volume"": true}",none,2021-09-01..2026-09-26,B,12977,26.0,0.41,-0.2642,-0.3637,-3427.91,-4720.16,3427.91,-9.58,-2125.26,-712.34,-590.31,0.325,negative,baseline,"negative: net -3427.91 USD/0.01 lot, PF 0.41, OOS -590.31"
BASE-audusd-041,2026-09-28,audusd,10m,FINAL_H4,"{""atr_period"": 22, ""be_enable"": true, ""be_offset_pts"": 10, ""be_trigger_pts"": 200, ""entry_buffer_pts"": 0, ""fast"": 18, ""ma_exit"": true, ""prot_start_mode"": 0, ""prot_start_pts"": 0, ""protection"": 4, ""swing_search"": 100, ""swing_strength"": 2, ""thr_mode"": 1, ""trail_dist_pts"": 50, ""trail_start_pts"": 500, ""trail_step_pts"": 10, ""trend"": 200, ""use_sl_pct"": false, ""use_volume"": true}",none,2021-09-01..2026-09-26,B,6933,29.5,0.5,-0.2733,-0.27,-1894.91,-1872.03,1896.77,-7.58,-1137.81,-396.56,-360.54,0.382,negative,baseline,"negative: net -1894.91 USD/0.01 lot, PF 0.5, OOS -360.54"
BASE-audusd-044,2026-09-28,audusd,15m,FINAL_H4,"{""atr_period"": 22, ""be_enable"": true, ""be_offset_pts"": 10, ""be_trigger_pts"": 200, ""entry_buffer_pts"": 0, ""fast"": 18, ""ma_exit"": true, ""prot_start_mode"": 0, ""prot_start_pts"": 0, ""protection"": 4, ""swing_search"": 100, ""swing_strength"": 2, ""thr_mode"": 1, ""trail_dist_pts"": 50, ""trail_start_pts"": 500, ""trail_step_pts"": 10, ""trend"": 200, ""use_sl_pct"": false, ""use_volume"": true}",none,2021-09-01..2026-09-26,B,4736,30.5,0.534,-0.2974,-0.2312,-1408.43,-1094.77,1410.53,-6.51,-801.5,-297.5,-309.43,0.395,negative,baseline,"negative: net -1408.43 USD/0.01 lot, PF 0.534, OOS -309.43"
BASE-audusd-047,2026-09-28,audusd,30m,FINAL_H4,"{""atr_period"": 22, ""be_enable"": true, ""be_offset_pts"": 10, ""be_trigger_pts"": 200, ""entry_buffer_pts"": 0, ""fast"": 18, ""ma_exit"": true, ""prot_start_mode"": 0, ""prot_start_pts"": 0, ""protection"": 4, ""swing_search"": 100, ""swing_strength"": 2, ""thr_mode"": 1, ""trail_dist_pts"": 50, ""trail_start_pts"": 500, ""trail_step_pts"": 10, ""trend"": 200, ""use_sl_pct"": false, ""use_volume"": true}",none,2021-09-01..2026-09-26,B,2430,32.1,0.597,-0.3321,-0.1854,-807.03,-450.62,810.77,-5.03,-461.03,-174.69,-171.31,0.472,negative,baseline,"negative: net -807.03 USD/0.01 lot, PF 0.597, OOS -171.31"
BASE-audusd-050,2026-09-28,audusd,1h,FINAL_H4,"{""atr_period"": 22, ""be_enable"": true, ""be_offset_pts"": 10, ""be_trigger_pts"": 200, ""entry_buffer_pts"": 0, ""fast"": 18, ""ma_exit"": true, ""prot_start_mode"": 0, ""prot_start_pts"": 0, ""protection"": 4, ""swing_search"": 100, ""swing_strength"": 2, ""thr_mode"": 1, ""trail_dist_pts"": 50, ""trail_start_pts"": 500, ""trail_step_pts"": 10, ""trend"": 200, ""use_sl_pct"": false, ""use_volume"": true}",none,2021-09-01..2026-09-26,B,1201,33.5,0.635,-0.4042,-0.148,-485.44,-177.7,485.44,-2.67,-255.22,-137.4,-92.82,0.519,negative,baseline,"negative: net -485.44 USD/0.01 lot, PF 0.635, OOS -92.82"
BASE-audusd-053,2026-09-28,audusd,2h,FINAL_H4,"{""atr_period"": 22, ""be_enable"": true, ""be_offset_pts"": 10, ""be_trigger_pts"": 200, ""entry_buffer_pts"": 0, ""fast"": 18, ""ma_exit"": true, ""prot_start_mode"": 0, ""prot_start_pts"": 0, ""protection"": 4, ""swing_search"": 100, ""swing_strength"": 2, ""thr_mode"": 1, ""trail_dist_pts"": 50, ""trail_start_pts"": 500, ""trail_step_pts"": 10, ""trend"": 200, ""use_sl_pct"": false, ""use_volume"": true}",none,2021-09-01..2026-09-26,B,605,33.6,0.679,-0.4908,-0.1148,-296.9,-69.45,316.14,-1.56,-134.42,-76.27,-86.21,0.461,negative,baseline,"negative: net -296.9 USD/0.01 lot, PF 0.679, OOS -86.21"
BASE-audusd-056,2026-09-28,audusd,4h,FINAL_H4,"{""atr_period"": 22, ""be_enable"": true, ""be_offset_pts"": 10, ""be_trigger_pts"": 200, ""entry_buffer_pts"": 0, ""fast"": 18, ""ma_exit"": true, ""prot_start_mode"": 0, ""prot_start_pts"": 0, ""protection"": 4, ""swing_search"": 100, ""swing_strength"": 2, ""thr_mode"": 1, ""trail_dist_pts"": 50, ""trail_start_pts"": 500, ""trail_step_pts"": 10, ""trend"": 200, ""use_sl_pct"": false, ""use_volume"": true}",none,2021-09-01..2026-09-26,B,300,31.3,0.656,-0.7995,-0.089,-239.85,-26.69,254.74,-1.34,-134.52,-76.52,-28.8,0.748,negative,baseline,"negative: net -239.85 USD/0.01 lot, PF 0.656, OOS -28.8"
BASE-audusd-059,2026-09-28,audusd,D1,FINAL_H4,"{""atr_period"": 22, ""be_enable"": true, ""be_offset_pts"": 10, ""be_trigger_pts"": 200, ""entry_buffer_pts"": 0, ""fast"": 18, ""ma_exit"": true, ""prot_start_mode"": 0, ""prot_start_pts"": 0, ""protection"": 4, ""swing_search"": 100, ""swing_strength"": 2, ""thr_mode"": 1, ""trail_dist_pts"": 50, ""trail_start_pts"": 500, ""trail_step_pts"": 10, ""trend"": 200, ""use_sl_pct"": false, ""use_volume"": true}",none,2021-09-01..2026-09-26,B,47,17.0,0.422,-3.9223,-0.2417,-184.35,-11.36,210.49,-0.81,-117.98,-53.16,-13.21,0.74,negative,baseline,"negative: net -184.35 USD/0.01 lot, PF 0.422, OOS -13.21"
BASE-usdcad-002,2026-09-28,usdcad,1m,ASIS,"{""be_enable"": true, ""be_offset_pts"": 10, ""be_trigger_pts"": 500, ""entry_buffer_pts"": 10, ""fast"": 18, ""ma_exit"": true, ""prot_start_mode"": 1, ""prot_start_pts"": 500, ""protection"": 1, ""swing_buffer_pts"": 50, ""swing_search"": 100, ""swing_strength"": 2, ""thr_mode"": 0, ""trend"": 200, ""use_sl_pct"": false, ""use_volume"": true}",none,2021-09-01..2026-09-26,B,44000,14.0,0.232,-0.216,-0.5642,-9503.56,-24823.26,9503.56,-11.94,-6173.75,-1828.46,-1501.34,0.116,negative,baseline,"negative: net -9503.56 USD/0.01 lot, PF 0.232, OOS -1501.34"
BASE-usdcad-005,2026-09-28,usdcad,3m,ASIS,"{""be_enable"": true, ""be_offset_pts"": 10, ""be_trigger_pts"": 500, ""entry_buffer_pts"": 10, ""fast"": 18, ""ma_exit"": true, ""prot_start_mode"": 1, ""prot_start_pts"": 500, ""protection"": 1, ""swing_buffer_pts"": 50, ""swing_search"": 100, ""swing_strength"": 2, ""thr_mode"": 0, ""trend"": 200, ""use_sl_pct"": false, ""use_volume"": true}",none,2021-09-01..2026-09-26,B,18006,17.9,0.358,-0.2305,-0.4105,-4149.53,-7391.91,4149.53,-10.84,-2627.96,-812.46,-709.1,0.232,negative,baseline,"negative: net -4149.53 USD/0.01 lot, PF 0.358, OOS -709.1"
BASE-usdcad-008,2026-09-28,usdcad,5m,ASIS,"{""be_enable"": true, ""be_offset_pts"": 10, ""be_trigger_pts"": 500, ""entry_buffer_pts"": 10, ""fast"": 18, ""ma_exit"": true, ""prot_start_mode"": 1, ""prot_start_pts"": 500, ""protection"": 1, ""swing_buffer_pts"": 50, ""swing_search"": 100, ""swing_strength"": 2, ""thr_mode"": 0, ""trend"": 200, ""use_sl_pct"": false, ""use_volume"": true}",none,2021-09-01..2026-09-26,B,11540,19.4,0.425,-0.235,-0.3462,-2712.43,-3994.78,2713.59,-9.28,-1715.07,-538.39,-458.98,0.315,negative,baseline,"negative: net -2712.43 USD/0.01 lot, PF 0.425, OOS -458.98"
BASE-usdcad-011,2026-09-28,usdcad,10m,ASIS,"{""be_enable"": true, ""be_offset_pts"": 10, ""be_trigger_pts"": 500, ""entry_buffer_pts"": 10, ""fast"": 18, ""ma_exit"": true, ""prot_start_mode"": 1, ""prot_start_pts"": 500, ""protection"": 1, ""swing_buffer_pts"": 50, ""swing_search"": 100, ""swing_strength"": 2, ""thr_mode"": 0, ""trend"": 200, ""use_sl_pct"": false, ""use_volume"": true}",none,2021-09-01..2026-09-26,B,6080,22.2,0.489,-0.262,-0.2687,-1592.7,-1633.58,1596.29,-7.48,-1044.07,-301.55,-247.07,0.432,negative,baseline,"negative: net -1592.7 USD/0.01 lot, PF 0.489, OOS -247.07"
BASE-usdcad-014,2026-09-28,usdcad,15m,ASIS,"{""be_enable"": true, ""be_offset_pts"": 10, ""be_trigger_pts"": 500, ""entry_buffer_pts"": 10, ""fast"": 18, ""ma_exit"": true, ""prot_start_mode"": 1, ""prot_start_pts"": 500, ""protection"": 1, ""swing_buffer_pts"": 50, ""swing_search"": 100, ""swing_strength"": 2, ""thr_mode"": 0, ""trend"": 200, ""use_sl_pct"": false, ""use_volume"": true}",none,2021-09-01..2026-09-26,B,4196,23.4,0.526,-0.2786,-0.2362,-1168.81,-991.15,1173.33,-5.8,-767.56,-228.99,-172.26,0.487,negative,baseline,"negative: net -1168.81 USD/0.01 lot, PF 0.526, OOS -172.26"
BASE-usdcad-017,2026-09-28,usdcad,30m,ASIS,"{""be_enable"": true, ""be_offset_pts"": 10, ""be_trigger_pts"": 500, ""entry_buffer_pts"": 10, ""fast"": 18, ""ma_exit"": true, ""prot_start_mode"": 1, ""prot_start_pts"": 500, ""protection"": 1, ""swing_buffer_pts"": 50, ""swing_search"": 100, ""swing_strength"": 2, ""thr_mode"": 0, ""trend"": 200, ""use_sl_pct"": false, ""use_volume"": true}",none,2021-09-01..2026-09-26,B,2171,24.9,0.553,-0.3502,-0.1976,-760.32,-429.08,772.85,-4.13,-536.05,-131.59,-92.68,0.6,negative,baseline,"negative: net -760.32 USD/0.01 lot, PF 0.553, OOS -92.68"
BASE-usdcad-020,2026-09-28,usdcad,1h,ASIS,"{""be_enable"": true, ""be_offset_pts"": 10, ""be_trigger_pts"": 500, ""entry_buffer_pts"": 10, ""fast"": 18, ""ma_exit"": true, ""prot_start_mode"": 1, ""prot_start_pts"": 500, ""protection"": 1, ""swing_buffer_pts"": 50, ""swing_search"": 100, ""swing_strength"": 2, ""thr_mode"": 0, ""trend"": 200, ""use_sl_pct"": false, ""use_volume"": true}",none,2021-09-01..2026-09-26,B,1073,27.8,0.649,-0.354,-0.1517,-379.82,-162.83,413.35,-2.08,-253.37,-74.78,-51.68,0.658,negative,baseline,"negative: net -379.82 USD/0.01 lot, PF 0.649, OOS -51.68"
BASE-usdcad-023,2026-09-28,usdcad,2h,ASIS,"{""be_enable"": true, ""be_offset_pts"": 10, ""be_trigger_pts"": 500, ""entry_buffer_pts"": 10, ""fast"": 18, ""ma_exit"": true, ""prot_start_mode"": 1, ""prot_start_pts"": 500, ""protection"": 1, ""swing_buffer_pts"": 50, ""swing_search"": 100, ""swing_strength"": 2, ""thr_mode"": 0, ""trend"": 200, ""use_sl_pct"": false, ""use_volume"": true}",none,2021-09-01..2026-09-26,B,551,27.9,0.687,-0.4307,-0.1028,-237.34,-56.64,270.54,-1.24,-169.86,-57.59,-9.88,0.89,negative,baseline,"negative: net -237.34 USD/0.01 lot, PF 0.687, OOS -9.88"
BASE-usdcad-026,2026-09-28,usdcad,4h,ASIS,"{""be_enable"": true, ""be_offset_pts"": 10, ""be_trigger_pts"": 500, ""entry_buffer_pts"": 10, ""fast"": 18, ""ma_exit"": true, ""prot_start_mode"": 1, ""prot_start_pts"": 500, ""protection"": 1, ""swing_buffer_pts"": 50, ""swing_search"": 100, ""swing_strength"": 2, ""thr_mode"": 0, ""trend"": 200, ""use_sl_pct"": false, ""use_volume"": true}",none,2021-09-01..2026-09-26,B,298,35.2,0.529,-0.9159,-0.1426,-272.93,-42.5,295.15,-1.55,-198.64,-68.98,-5.31,0.921,negative,baseline,"negative: net -272.93 USD/0.01 lot, PF 0.529, OOS -5.31"
BASE-usdcad-029,2026-09-28,usdcad,D1,ASIS,"{""be_enable"": true, ""be_offset_pts"": 10, ""be_trigger_pts"": 500, ""entry_buffer_pts"": 10, ""fast"": 18, ""ma_exit"": true, ""prot_start_mode"": 1, ""prot_start_pts"": 500, ""protection"": 1, ""swing_buffer_pts"": 50, ""swing_search"": 100, ""swing_strength"": 2, ""thr_mode"": 0, ""trend"": 200, ""use_sl_pct"": false, ""use_volume"": true}",none,2021-09-01..2026-09-26,B,57,50.9,0.428,-1.8039,-0.1463,-102.82,-8.34,141.7,-0.85,-27.5,-29.5,-45.82,0.076,negative,baseline,"negative: net -102.82 USD/0.01 lot, PF 0.428, OOS -45.82"
BASE-usdcad-032,2026-09-28,usdcad,1m,FINAL_H4,"{""atr_period"": 22, ""be_enable"": true, ""be_offset_pts"": 10, ""be_trigger_pts"": 200, ""entry_buffer_pts"": 0, ""fast"": 18, ""ma_exit"": true, ""prot_start_mode"": 0, ""prot_start_pts"": 0, ""protection"": 4, ""swing_search"": 100, ""swing_strength"": 2, ""thr_mode"": 1, ""trail_dist_pts"": 50, ""trail_start_pts"": 500, ""trail_step_pts"": 10, ""trend"": 200, ""use_sl_pct"": false, ""use_volume"": true}",none,2021-09-01..2026-09-26,B,65039,13.1,0.182,-0.202,-0.7586,-13135.58,-49339.79,13135.58,-11.69,-7818.55,-2633.63,-2683.4,0.066,negative,baseline,"negative: net -13135.58 USD/0.01 lot, PF 0.182, OOS -2683.4"
BASE-usdcad-035,2026-09-28,usdcad,3m,FINAL_H4,"{""atr_period"": 22, ""be_enable"": true, ""be_offset_pts"": 10, ""be_trigger_pts"": 200, ""entry_buffer_pts"": 0, ""fast"": 18, ""ma_exit"": true, ""prot_start_mode"": 0, ""prot_start_pts"": 0, ""protection"": 4, ""swing_search"": 100, ""swing_strength"": 2, ""thr_mode"": 1, ""trail_dist_pts"": 50, ""trail_start_pts"": 500, ""trail_step_pts"": 10, ""trend"": 200, ""use_sl_pct"": false, ""use_volume"": true}",none,2021-09-01..2026-09-26,B,21582,21.4,0.341,-0.2201,-0.4809,-4749.78,-10378.95,4749.78,-11.16,-2955.65,-948.03,-846.1,0.208,negative,baseline,"negative: net -4749.78 USD/0.01 lot, PF 0.341, OOS -846.1"
BASE-usdcad-038,2026-09-28,usdcad,5m,FINAL_H4,"{""atr_period"": 22, ""be_enable"": true, ""be_offset_pts"": 10, ""be_trigger_pts"": 200, ""entry_buffer_pts"": 0, ""fast"": 18, ""ma_exit"": true, ""prot_start_mode"": 0, ""prot_start_pts"": 0, ""protection"": 4, ""swing_search"": 100, ""swing_strength"": 2, ""thr_mode"": 1, ""trail_dist_pts"": 50, ""trail_start_pts"": 500, ""trail_step_pts"": 10, ""trend"": 200, ""use_sl_pct"": false, ""use_volume"": true}",none,2021-09-01..2026-09-26,B,13487,25.2,0.411,-0.2268,-0.3837,-3058.72,-5175.4,3064.43,-9.56,-1945.14,-609.2,-504.38,0.286,negative,baseline,"negative: net -3058.72 USD/0.01 lot, PF 0.411, OOS -504.38"
BASE-usdcad-041,2026-09-28,usdcad,10m,FINAL_H4,"{""atr_period"": 22, ""be_enable"": true, ""be_offset_pts"": 10, ""be_trigger_pts"": 200, ""entry_buffer_pts"": 0, ""fast"": 18, ""ma_exit"": true, ""prot_start_mode"": 0, ""prot_start_pts"": 0, ""protection"": 4, ""swing_search"": 100, ""swing_strength"": 2, ""thr_mode"": 1, ""trail_dist_pts"": 50, ""trail_start_pts"": 500, ""trail_step_pts"": 10, ""trend"": 200, ""use_sl_pct"": false, ""use_volume"": true}",none,2021-09-01..2026-09-26,B,7063,29.3,0.48,-0.2496,-0.2867,-1763.18,-2024.76,1767.24,-8.16,-1156.93,-343.81,-262.44,0.425,negative,baseline,"negative: net -1763.18 USD/0.01 lot, PF 0.48, OOS -262.44"
BASE-usdcad-044,2026-09-28,usdcad,15m,FINAL_H4,"{""atr_period"": 22, ""be_enable"": true, ""be_offset_pts"": 10, ""be_trigger_pts"": 200, ""entry_buffer_pts"": 0, ""fast"": 18, ""ma_exit"": true, ""prot_start_mode"": 0, ""prot_start_pts"": 0, ""protection"": 4, ""swing_search"": 100, ""swing_strength"": 2, ""thr_mode"": 1, ""trail_dist_pts"": 50, ""trail_start_pts"": 500, ""trail_step_pts"": 10, ""trend"": 200, ""use_sl_pct"": false, ""use_volume"": true}",none,2021-09-01..2026-09-26,B,4857,30.9,0.518,-0.2636,-0.2438,-1280.28,-1184.36,1284.99,-6.23,-825.23,-255.44,-199.61,0.452,negative,baseline,"negative: net -1280.28 USD/0.01 lot, PF 0.518, OOS -199.61"
BASE-usdcad-047,2026-09-28,usdcad,30m,FINAL_H4,"{""atr_period"": 22, ""be_enable"": true, ""be_offset_pts"": 10, ""be_trigger_pts"": 200, ""entry_buffer_pts"": 0, ""fast"": 18, ""ma_exit"": true, ""prot_start_mode"": 0, ""prot_start_pts"": 0, ""protection"": 4, ""swing_search"": 100, ""swing_strength"": 2, ""thr_mode"": 1, ""trail_dist_pts"": 50, ""trail_start_pts"": 500, ""trail_step_pts"": 10, ""trend"": 200, ""use_sl_pct"": false, ""use_volume"": true}",none,2021-09-01..2026-09-26,B,2497,32.8,0.583,-0.3017,-0.1755,-753.4,-438.15,758.96,-4.51,-462.55,-179.03,-111.82,0.559,negative,baseline,"negative: net -753.4 USD/0.01 lot, PF 0.583, OOS -111.82"
BASE-usdcad-050,2026-09-28,usdcad,1h,FINAL_H4,"{""atr_period"": 22, ""be_enable"": true, ""be_offset_pts"": 10, ""be_trigger_pts"": 200, ""entry_buffer_pts"": 0, ""fast"": 18, ""ma_exit"": true, ""prot_start_mode"": 0, ""prot_start_pts"": 0, ""protection"": 4, ""swing_search"": 100, ""swing_strength"": 2, ""thr_mode"": 1, ""trail_dist_pts"": 50, ""trail_start_pts"": 500, ""trail_step_pts"": 10, ""trend"": 200, ""use_sl_pct"": false, ""use_volume"": true}",none,2021-09-01..2026-09-26,B,1184,31.6,0.702,-0.2863,-0.1203,-338.95,-142.49,371.64,-1.9,-215.06,-67.89,-56.0,0.673,negative,baseline,"negative: net -338.95 USD/0.01 lot, PF 0.702, OOS -56.0"
BASE-usdcad-053,2026-09-28,usdcad,2h,FINAL_H4,"{""atr_period"": 22, ""be_enable"": true, ""be_offset_pts"": 10, ""be_trigger_pts"": 200, ""entry_buffer_pts"": 0, ""fast"": 18, ""ma_exit"": true, ""prot_start_mode"": 0, ""prot_start_pts"": 0, ""protection"": 4, ""swing_search"": 100, ""swing_strength"": 2, ""thr_mode"": 1, ""trail_dist_pts"": 50, ""trail_start_pts"": 500, ""trail_step_pts"": 10, ""trend"": 200, ""use_sl_pct"": false, ""use_volume"": true}",none,2021-09-01..2026-09-26,B,589,30.2,0.68,-0.4478,-0.0658,-263.73,-38.74,285.73,-1.24,-189.68,-43.32,-30.73,0.718,negative,baseline,"negative: net -263.73 USD/0.01 lot, PF 0.68, OOS -30.73"
BASE-usdcad-056,2026-09-28,usdcad,4h,FINAL_H4,"{""atr_period"": 22, ""be_enable"": true, ""be_offset_pts"": 10, ""be_trigger_pts"": 200, ""entry_buffer_pts"": 0, ""fast"": 18, ""ma_exit"": true, ""prot_start_mode"": 0, ""prot_start_pts"": 0, ""protection"": 4, ""swing_search"": 100, ""swing_strength"": 2, ""thr_mode"": 1, ""trail_dist_pts"": 50, ""trail_start_pts"": 500, ""trail_step_pts"": 10, ""trend"": 200, ""use_sl_pct"": false, ""use_volume"": true}",none,2021-09-01..2026-09-26,B,301,30.9,0.644,-0.7738,-0.0798,-232.9,-24.03,256.73,-1.14,-204.29,-23.46,-5.15,0.937,negative,baseline,"negative: net -232.9 USD/0.01 lot, PF 0.644, OOS -5.15"
BASE-usdcad-059,2026-09-28,usdcad,D1,FINAL_H4,"{""atr_period"": 22, ""be_enable"": true, ""be_offset_pts"": 10, ""be_trigger_pts"": 200, ""entry_buffer_pts"": 0, ""fast"": 18, ""ma_exit"": true, ""prot_start_mode"": 0, ""prot_start_pts"": 0, ""protection"": 4, ""swing_search"": 100, ""swing_strength"": 2, ""thr_mode"": 1, ""trail_dist_pts"": 50, ""trail_start_pts"": 500, ""trail_step_pts"": 10, ""trend"": 200, ""use_sl_pct"": false, ""use_volume"": true}",none,2021-09-01..2026-09-26,B,47,27.7,0.476,-2.4952,-0.2194,-117.27,-10.31,139.98,-0.83,-44.66,-15.3,-57.31,0.062,negative,baseline,"negative: net -117.27 USD/0.01 lot, PF 0.476, OOS -57.31"
BASE-usdchf-002,2026-09-28,usdchf,1m,ASIS,"{""be_enable"": true, ""be_offset_pts"": 10, ""be_trigger_pts"": 500, ""entry_buffer_pts"": 10, ""fast"": 18, ""ma_exit"": true, ""prot_start_mode"": 1, ""prot_start_pts"": 500, ""protection"": 1, ""swing_buffer_pts"": 50, ""swing_search"": 100, ""swing_strength"": 2, ""thr_mode"": 0, ""trend"": 200, ""use_sl_pct"": false, ""use_volume"": true}",none,2021-09-01..2026-09-26,B,42443,13.1,0.197,-0.3181,-0.5863,-13500.21,-24885.16,13500.94,-11.45,-8348.58,-2760.56,-2391.06,0.134,negative,baseline,"negative: net -13500.21 USD/0.01 lot, PF 0.197, OOS -2391.06"
BASE-usdchf-005,2026-09-28,usdchf,3m,ASIS,"{""be_enable"": true, ""be_offset_pts"": 10, ""be_trigger_pts"": 500, ""entry_buffer_pts"": 10, ""fast"": 18, ""ma_exit"": true, ""prot_start_mode"": 1, ""prot_start_pts"": 500, ""protection"": 1, ""swing_buffer_pts"": 50, ""swing_search"": 100, ""swing_strength"": 2, ""thr_mode"": 0, ""trend"": 200, ""use_sl_pct"": false, ""use_volume"": true}",none,2021-09-01..2026-09-26,B,17879,17.2,0.317,-0.3314,-0.4325,-5925.78,-7732.35,5927.31,-10.28,-3642.34,-1222.87,-1060.57,0.265,negative,baseline,"negative: net -5925.78 USD/0.01 lot, PF 0.317, OOS -1060.57"
BASE-usdchf-008,2026-09-28,usdchf,5m,ASIS,"{""be_enable"": true, ""be_offset_pts"": 10, ""be_trigger_pts"": 500, ""entry_buffer_pts"": 10, ""fast"": 18, ""ma_exit"": true, ""prot_start_mode"": 1, ""prot_start_pts"": 500, ""protection"": 1, ""swing_buffer_pts"": 50, ""swing_search"": 100, ""swing_strength"": 2, ""thr_mode"": 0, ""trend"": 200, ""use_sl_pct"": false, ""use_volume"": true}",none,2021-09-01..2026-09-26,B,11315,19.1,0.39,-0.3359,-0.3603,-3801.15,-4076.47,3801.49,-9.27,-2440.67,-733.47,-627.01,0.373,negative,baseline,"negative: net -3801.15 USD/0.01 lot, PF 0.39, OOS -627.01"
BASE-usdchf-011,2026-09-28,usdchf,10m,ASIS,"{""be_enable"": true, ""be_offset_pts"": 10, ""be_trigger_pts"": 500, ""entry_buffer_pts"": 10, ""fast"": 18, ""ma_exit"": true, ""prot_start_mode"": 1, ""prot_start_pts"": 500, ""protection"": 1, ""swing_buffer_pts"": 50, ""swing_search"": 100, ""swing_strength"": 2, ""thr_mode"": 0, ""trend"": 200, ""use_sl_pct"": false, ""use_volume"": true}",none,2021-09-01..2026-09-26,B,6052,20.9,0.468,-0.3694,-0.2996,-2235.57,-1813.16,2237.63,-7.17,-1423.76,-462.69,-349.12,0.485,negative,baseline,"negative: net -2235.57 USD/0.01 lot, PF 0.468, OOS -349.12"
BASE-usdchf-014,2026-09-28,usdchf,15m,ASIS,"{""be_enable"": true, ""be_offset_pts"": 10, ""be_trigger_pts"": 500, ""entry_buffer_pts"": 10, ""fast"": 18, ""ma_exit"": true, ""prot_start_mode"": 1, ""prot_start_pts"": 500, ""protection"": 1, ""swing_buffer_pts"": 50, ""swing_search"": 100, ""swing_strength"": 2, ""thr_mode"": 0, ""trend"": 200, ""use_sl_pct"": false, ""use_volume"": true}",none,2021-09-01..2026-09-26,B,4159,21.3,0.522,-0.3739,-0.2661,-1554.96,-1106.73,1555.85,-4.85,-965.81,-338.44,-250.71,0.526,negative,baseline,"negative: net -1554.96 USD/0.01 lot, PF 0.522, OOS -250.71"
BASE-usdchf-017,2026-09-28,usdchf,30m,ASIS,"{""be_enable"": true, ""be_offset_pts"": 10, ""be_trigger_pts"": 500, ""entry_buffer_pts"": 10, ""fast"": 18, ""ma_exit"": true, ""prot_start_mode"": 1, ""prot_start_pts"": 500, ""protection"": 1, ""swing_buffer_pts"": 50, ""swing_search"": 100, ""swing_strength"": 2, ""thr_mode"": 0, ""trend"": 200, ""use_sl_pct"": false, ""use_volume"": true}",none,2021-09-01..2026-09-26,B,2167,22.4,0.565,-0.4405,-0.218,-954.58,-472.33,954.74,-3.43,-627.94,-172.22,-154.42,0.572,negative,baseline,"negative: net -954.58 USD/0.01 lot, PF 0.565, OOS -154.42"
BASE-usdchf-020,2026-09-28,usdchf,1h,ASIS,"{""be_enable"": true, ""be_offset_pts"": 10, ""be_trigger_pts"": 500, ""entry_buffer_pts"": 10, ""fast"": 18, ""ma_exit"": true, ""prot_start_mode"": 1, ""prot_start_pts"": 500, ""protection"": 1, ""swing_buffer_pts"": 50, ""swing_search"": 100, ""swing_strength"": 2, ""thr_mode"": 0, ""trend"": 200, ""use_sl_pct"": false, ""use_volume"": true}",none,2021-09-01..2026-09-26,B,1092,24.2,0.618,-0.5329,-0.1807,-581.91,-197.29,592.08,-2.27,-384.57,-120.15,-77.2,0.655,negative,baseline,"negative: net -581.91 USD/0.01 lot, PF 0.618, OOS -77.2"
BASE-usdchf-023,2026-09-28,usdchf,2h,ASIS,"{""be_enable"": true, ""be_offset_pts"": 10, ""be_trigger_pts"": 500, ""entry_buffer_pts"": 10, ""fast"": 18, ""ma_exit"": true, ""prot_start_mode"": 1, ""prot_start_pts"": 500, ""protection"": 1, ""swing_buffer_pts"": 50, ""swing_search"": 100, ""swing_strength"": 2, ""thr_mode"": 0, ""trend"": 200, ""use_sl_pct"": false, ""use_volume"": true}",none,2021-09-01..2026-09-26,B,547,30.0,0.74,-0.4834,-0.1421,-264.44,-77.71,280.83,-1.08,-89.28,-77.16,-98.0,0.533,negative,baseline,"negative: net -264.44 USD/0.01 lot, PF 0.74, OOS -98.0"
BASE-usdchf-026,2026-09-28,usdchf,4h,ASIS,"{""be_enable"": true, ""be_offset_pts"": 10, ""be_trigger_pts"": 500, ""entry_buffer_pts"": 10, ""fast"": 18, ""ma_exit"": true, ""prot_start_mode"": 1, ""prot_start_pts"": 500, ""protection"": 1, ""swing_buffer_pts"": 50, ""swing_search"": 100, ""swing_strength"": 2, ""thr_mode"": 0, ""trend"": 200, ""use_sl_pct"": false, ""use_volume"": true}",none,2021-09-01..2026-09-26,B,266,32.0,0.83,-0.4243,-0.0758,-112.85,-20.16,122.0,-0.46,-56.57,-18.84,-37.44,0.699,negative,baseline,"negative: net -112.85 USD/0.01 lot, PF 0.83, OOS -37.44"
BASE-usdchf-029,2026-09-28,usdchf,D1,ASIS,"{""be_enable"": true, ""be_offset_pts"": 10, ""be_trigger_pts"": 500, ""entry_buffer_pts"": 10, ""fast"": 18, ""ma_exit"": true, ""prot_start_mode"": 1, ""prot_start_pts"": 500, ""protection"": 1, ""swing_buffer_pts"": 50, ""swing_search"": 100, ""swing_strength"": 2, ""thr_mode"": 0, ""trend"": 200, ""use_sl_pct"": false, ""use_volume"": true}",none,2021-09-01..2026-09-26,B,41,53.7,1.201,0.6775,0.0201,27.78,0.82,51.43,0.19,44.89,-9.98,-7.13,0.795,unstable,baseline,"unstable: net 27.78 USD/0.01 lot, PF 1.201, OOS -7.13"
BASE-usdchf-032,2026-09-28,usdchf,1m,FINAL_H4,"{""atr_period"": 22, ""be_enable"": true, ""be_offset_pts"": 10, ""be_trigger_pts"": 200, ""entry_buffer_pts"": 0, ""fast"": 18, ""ma_exit"": true, ""prot_start_mode"": 0, ""prot_start_pts"": 0, ""protection"": 4, ""swing_search"": 100, ""swing_strength"": 2, ""thr_mode"": 1, ""trail_dist_pts"": 50, ""trail_start_pts"": 500, ""trail_step_pts"": 10, ""trend"": 200, ""use_sl_pct"": false, ""use_volume"": true}",none,2021-09-01..2026-09-26,B,62115,12.1,0.155,-0.2972,-0.8026,-18461.32,-49850.72,18461.32,-11.34,-10829.65,-3733.38,-3898.29,0.086,negative,baseline,"negative: net -18461.32 USD/0.01 lot, PF 0.155, OOS -3898.29"
BASE-usdchf-035,2026-09-28,usdchf,3m,FINAL_H4,"{""atr_period"": 22, ""be_enable"": true, ""be_offset_pts"": 10, ""be_trigger_pts"": 200, ""entry_buffer_pts"": 0, ""fast"": 18, ""ma_exit"": true, ""prot_start_mode"": 0, ""prot_start_pts"": 0, ""protection"": 4, ""swing_search"": 100, ""swing_strength"": 2, ""thr_mode"": 1, ""trail_dist_pts"": 50, ""trail_start_pts"": 500, ""trail_step_pts"": 10, ""trend"": 200, ""use_sl_pct"": false, ""use_volume"": true}",none,2021-09-01..2026-09-26,B,20806,20.8,0.309,-0.3164,-0.5153,-6583.71,-10720.56,6585.48,-10.65,-4048.67,-1324.36,-1210.68,0.234,negative,baseline,"negative: net -6583.71 USD/0.01 lot, PF 0.309, OOS -1210.68"
BASE-usdchf-038,2026-09-28,usdchf,5m,FINAL_H4,"{""atr_period"": 22, ""be_enable"": true, ""be_offset_pts"": 10, ""be_trigger_pts"": 200, ""entry_buffer_pts"": 0, ""fast"": 18, ""ma_exit"": true, ""prot_start_mode"": 0, ""prot_start_pts"": 0, ""protection"": 4, ""swing_search"": 100, ""swing_strength"": 2, ""thr_mode"": 1, ""trail_dist_pts"": 50, ""trail_start_pts"": 500, ""trail_step_pts"": 10, ""trend"": 200, ""use_sl_pct"": false, ""use_volume"": true}",none,2021-09-01..2026-09-26,B,12941,24.6,0.388,-0.324,-0.4005,-4193.1,-5182.43,4193.18,-9.45,-2705.02,-760.37,-727.7,0.335,negative,baseline,"negative: net -4193.1 USD/0.01 lot, PF 0.388, OOS -727.7"
BASE-usdchf-041,2026-09-28,usdchf,10m,FINAL_H4,"{""atr_period"": 22, ""be_enable"": true, ""be_offset_pts"": 10, ""be_trigger_pts"": 200, ""entry_buffer_pts"": 0, ""fast"": 18, ""ma_exit"": true, ""prot_start_mode"": 0, ""prot_start_pts"": 0, ""protection"": 4, ""swing_search"": 100, ""swing_strength"": 2, ""thr_mode"": 1, ""trail_dist_pts"": 50, ""trail_start_pts"": 500, ""trail_step_pts"": 10, ""trend"": 200, ""use_sl_pct"": false, ""use_volume"": true}",none,2021-09-01..2026-09-26,B,6869,28.6,0.484,-0.3386,-0.2884,-2326.08,-1981.23,2330.25,-7.38,-1460.2,-478.49,-387.39,0.465,negative,baseline,"negative: net -2326.08 USD/0.01 lot, PF 0.484, OOS -387.39"
BASE-usdchf-044,2026-09-28,usdchf,15m,FINAL_H4,"{""atr_period"": 22, ""be_enable"": true, ""be_offset_pts"": 10, ""be_trigger_pts"": 200, ""entry_buffer_pts"": 0, ""fast"": 18, ""ma_exit"": true, ""prot_start_mode"": 0, ""prot_start_pts"": 0, ""protection"": 4, ""swing_search"": 100, ""swing_strength"": 2, ""thr_mode"": 1, ""trail_dist_pts"": 50, ""trail_start_pts"": 500, ""trail_step_pts"": 10, ""trend"": 200, ""use_sl_pct"": false, ""use_volume"": true}",none,2021-09-01..2026-09-26,B,4798,30.5,0.505,-0.3663,-0.2666,-1757.46,-1279.23,1757.46,-5.68,-1071.86,-401.89,-283.71,0.482,negative,baseline,"negative: net -1757.46 USD/0.01 lot, PF 0.505, OOS -283.71"
BASE-usdchf-047,2026-09-28,usdchf,30m,FINAL_H4,"{""atr_period"": 22, ""be_enable"": true, ""be_offset_pts"": 10, ""be_trigger_pts"": 200, ""entry_buffer_pts"": 0, ""fast"": 18, ""ma_exit"": true, ""prot_start_mode"": 0, ""prot_start_pts"": 0, ""protection"": 4, ""swing_search"": 100, ""swing_strength"": 2, ""thr_mode"": 1, ""trail_dist_pts"": 50, ""trail_start_pts"": 500, ""trail_step_pts"": 10, ""trend"": 200, ""use_sl_pct"": false, ""use_volume"": true}",none,2021-09-01..2026-09-26,B,2484,32.2,0.564,-0.414,-0.202,-1028.37,-501.8,1029.36,-3.62,-653.48,-171.73,-203.16,0.501,negative,baseline,"negative: net -1028.37 USD/0.01 lot, PF 0.564, OOS -203.16"
BASE-usdchf-050,2026-09-28,usdchf,1h,FINAL_H4,"{""atr_period"": 22, ""be_enable"": true, ""be_offset_pts"": 10, ""be_trigger_pts"": 200, ""entry_buffer_pts"": 0, ""fast"": 18, ""ma_exit"": true, ""prot_start_mode"": 0, ""prot_start_pts"": 0, ""protection"": 4, ""swing_search"": 100, ""swing_strength"": 2, ""thr_mode"": 1, ""trail_dist_pts"": 50, ""trail_start_pts"": 500, ""trail_step_pts"": 10, ""trend"": 200, ""use_sl_pct"": false, ""use_volume"": true}",none,2021-09-01..2026-09-26,B,1224,29.1,0.611,-0.5145,-0.1472,-629.74,-180.16,639.29,-2.43,-405.49,-137.9,-86.35,0.641,negative,baseline,"negative: net -629.74 USD/0.01 lot, PF 0.611, OOS -86.35"
BASE-usdchf-053,2026-09-28,usdchf,2h,FINAL_H4,"{""atr_period"": 22, ""be_enable"": true, ""be_offset_pts"": 10, ""be_trigger_pts"": 200, ""entry_buffer_pts"": 0, ""fast"": 18, ""ma_exit"": true, ""prot_start_mode"": 0, ""prot_start_pts"": 0, ""protection"": 4, ""swing_search"": 100, ""swing_strength"": 2, ""thr_mode"": 1, ""trail_dist_pts"": 50, ""trail_start_pts"": 500, ""trail_step_pts"": 10, ""trend"": 200, ""use_sl_pct"": false, ""use_volume"": true}",none,2021-09-01..2026-09-26,B,596,35.2,0.778,-0.3912,-0.0915,-233.13,-54.54,244.59,-1.07,-99.83,-38.99,-94.3,0.576,negative,baseline,"negative: net -233.13 USD/0.01 lot, PF 0.778, OOS -94.3"
BASE-usdchf-056,2026-09-28,usdchf,4h,FINAL_H4,"{""atr_period"": 22, ""be_enable"": true, ""be_offset_pts"": 10, ""be_trigger_pts"": 200, ""entry_buffer_pts"": 0, ""fast"": 18, ""ma_exit"": true, ""prot_start_mode"": 0, ""prot_start_pts"": 0, ""protection"": 4, ""swing_search"": 100, ""swing_strength"": 2, ""thr_mode"": 1, ""trail_dist_pts"": 50, ""trail_start_pts"": 500, ""trail_step_pts"": 10, ""trend"": 200, ""use_sl_pct"": false, ""use_volume"": true}",none,2021-09-01..2026-09-26,B,282,29.8,0.862,-0.3671,-0.0478,-103.51,-13.49,144.54,-0.43,-84.89,7.11,-25.73,0.788,negative,baseline,"negative: net -103.51 USD/0.01 lot, PF 0.862, OOS -25.73"
BASE-usdchf-059,2026-09-28,usdchf,D1,FINAL_H4,"{""atr_period"": 22, ""be_enable"": true, ""be_offset_pts"": 10, ""be_trigger_pts"": 200, ""entry_buffer_pts"": 0, ""fast"": 18, ""ma_exit"": true, ""prot_start_mode"": 0, ""prot_start_pts"": 0, ""protection"": 4, ""swing_search"": 100, ""swing_strength"": 2, ""thr_mode"": 1, ""trail_dist_pts"": 50, ""trail_start_pts"": 500, ""trail_step_pts"": 10, ""trend"": 200, ""use_sl_pct"": false, ""use_volume"": true}",none,2021-09-01..2026-09-26,B,36,38.9,0.97,-0.1816,-0.0109,-6.54,-0.39,69.6,-0.03,21.65,5.25,-33.43,0.574,negative,baseline,"negative: net -6.54 USD/0.01 lot, PF 0.97, OOS -33.43"
BASE-nzdusd-002,2026-09-28,nzdusd,1m,ASIS,"{""be_enable"": true, ""be_offset_pts"": 10, ""be_trigger_pts"": 500, ""entry_buffer_pts"": 10, ""fast"": 18, ""ma_exit"": true, ""prot_start_mode"": 1, ""prot_start_pts"": 500, ""protection"": 1, ""swing_buffer_pts"": 50, ""swing_search"": 100, ""swing_strength"": 2, ""thr_mode"": 0, ""trend"": 200, ""use_sl_pct"": false, ""use_volume"": true}",none,2021-09-01..2026-09-26,B,36520,9.3,0.123,-0.34,-0.7509,-12417.69,-27421.82,12417.69,-11.22,-8211.72,-2324.95,-1881.02,0.073,negative,baseline,"negative: net -12417.69 USD/0.01 lot, PF 0.123, OOS -1881.02"
BASE-nzdusd-005,2026-09-28,nzdusd,3m,ASIS,"{""be_enable"": true, ""be_offset_pts"": 10, ""be_trigger_pts"": 500, ""entry_buffer_pts"": 10, ""fast"": 18, ""ma_exit"": true, ""prot_start_mode"": 1, ""prot_start_pts"": 500, ""protection"": 1, ""swing_buffer_pts"": 50, ""swing_search"": 100, ""swing_strength"": 2, ""thr_mode"": 0, ""trend"": 200, ""use_sl_pct"": false, ""use_volume"": true}",none,2021-09-01..2026-09-26,B,16322,14.9,0.241,-0.3472,-0.521,-5667.49,-8504.1,5667.49,-10.95,-3725.5,-1075.98,-866.01,0.191,negative,baseline,"negative: net -5667.49 USD/0.01 lot, PF 0.241, OOS -866.01"
BASE-nzdusd-008,2026-09-28,nzdusd,5m,ASIS,"{""be_enable"": true, ""be_offset_pts"": 10, ""be_trigger_pts"": 500, ""entry_buffer_pts"": 10, ""fast"": 18, ""ma_exit"": true, ""prot_start_mode"": 1, ""prot_start_pts"": 500, ""protection"": 1, ""swing_buffer_pts"": 50, ""swing_search"": 100, ""swing_strength"": 2, ""thr_mode"": 0, ""trend"": 200, ""use_sl_pct"": false, ""use_volume"": true}",none,2021-09-01..2026-09-26,B,10603,17.7,0.318,-0.3442,-0.4274,-3649.79,-4531.83,3649.79,-9.74,-2436.13,-663.4,-550.26,0.28,negative,baseline,"negative: net -3649.79 USD/0.01 lot, PF 0.318, OOS -550.26"
BASE-nzdusd-011,2026-09-28,nzdusd,10m,ASIS,"{""be_enable"": true, ""be_offset_pts"": 10, ""be_trigger_pts"": 500, ""entry_buffer_pts"": 10, ""fast"": 18, ""ma_exit"": true, ""prot_start_mode"": 1, ""prot_start_pts"": 500, ""protection"": 1, ""swing_buffer_pts"": 50, ""swing_search"": 100, ""swing_strength"": 2, ""thr_mode"": 0, ""trend"": 200, ""use_sl_pct"": false, ""use_volume"": true}",none,2021-09-01..2026-09-26,B,5818,20.7,0.423,-0.3534,-0.3292,-2056.13,-1915.15,2057.57,-8.0,-1360.9,-380.44,-314.79,0.372,negative,baseline,"negative: net -2056.13 USD/0.01 lot, PF 0.423, OOS -314.79"
BASE-nzdusd-014,2026-09-28,nzdusd,15m,ASIS,"{""be_enable"": true, ""be_offset_pts"": 10, ""be_trigger_pts"": 500, ""entry_buffer_pts"": 10, ""fast"": 18, ""ma_exit"": true, ""prot_start_mode"": 1, ""prot_start_pts"": 500, ""protection"": 1, ""swing_buffer_pts"": 50, ""swing_search"": 100, ""swing_strength"": 2, ""thr_mode"": 0, ""trend"": 200, ""use_sl_pct"": false, ""use_volume"": true}",none,2021-09-01..2026-09-26,B,4023,22.1,0.48,-0.3527,-0.2805,-1419.1,-1128.29,1419.71,-6.39,-970.1,-256.82,-192.18,0.482,negative,baseline,"negative: net -1419.1 USD/0.01 lot, PF 0.48, OOS -192.18"
BASE-nzdusd-017,2026-09-28,nzdusd,30m,ASIS,"{""be_enable"": true, ""be_offset_pts"": 10, ""be_trigger_pts"": 500, ""entry_buffer_pts"": 10, ""fast"": 18, ""ma_exit"": true, ""prot_start_mode"": 1, ""prot_start_pts"": 500, ""protection"": 1, ""swing_buffer_pts"": 50, ""swing_search"": 100, ""swing_strength"": 2, ""thr_mode"": 0, ""trend"": 200, ""use_sl_pct"": false, ""use_volume"": true}",none,2021-09-01..2026-09-26,B,2061,23.9,0.532,-0.4237,-0.2351,-873.21,-484.45,873.63,-3.94,-560.64,-176.15,-136.42,0.498,negative,baseline,"negative: net -873.21 USD/0.01 lot, PF 0.532, OOS -136.42"
BASE-nzdusd-020,2026-09-28,nzdusd,1h,ASIS,"{""be_enable"": true, ""be_offset_pts"": 10, ""be_trigger_pts"": 500, ""entry_buffer_pts"": 10, ""fast"": 18, ""ma_exit"": true, ""prot_start_mode"": 1, ""prot_start_pts"": 500, ""protection"": 1, ""swing_buffer_pts"": 50, ""swing_search"": 100, ""swing_strength"": 2, ""thr_mode"": 0, ""trend"": 200, ""use_sl_pct"": false, ""use_volume"": true}",none,2021-09-01..2026-09-26,B,1088,25.4,0.576,-0.4918,-0.2189,-535.09,-238.15,540.84,-3.06,-316.02,-114.3,-104.78,0.458,negative,baseline,"negative: net -535.09 USD/0.01 lot, PF 0.576, OOS -104.78"
BASE-nzdusd-023,2026-09-28,nzdusd,2h,ASIS,"{""be_enable"": true, ""be_offset_pts"": 10, ""be_trigger_pts"": 500, ""entry_buffer_pts"": 10, ""fast"": 18, ""ma_exit"": true, ""prot_start_mode"": 1, ""prot_start_pts"": 500, ""protection"": 1, ""swing_buffer_pts"": 50, ""swing_search"": 100, ""swing_strength"": 2, ""thr_mode"": 0, ""trend"": 200, ""use_sl_pct"": false, ""use_volume"": true}",none,2021-09-01..2026-09-26,B,570,29.8,0.677,-0.4923,-0.1415,-280.64,-80.65,299.8,-1.41,-137.05,-112.08,-31.51,0.72,negative,baseline,"negative: net -280.64 USD/0.01 lot, PF 0.677, OOS -31.51"
BASE-nzdusd-026,2026-09-28,nzdusd,4h,ASIS,"{""be_enable"": true, ""be_offset_pts"": 10, ""be_trigger_pts"": 500, ""entry_buffer_pts"": 10, ""fast"": 18, ""ma_exit"": true, ""prot_start_mode"": 1, ""prot_start_pts"": 500, ""protection"": 1, ""swing_buffer_pts"": 50, ""swing_search"": 100, ""swing_strength"": 2, ""thr_mode"": 0, ""trend"": 200, ""use_sl_pct"": false, ""use_volume"": true}",none,2021-09-01..2026-09-26,B,271,31.4,0.688,-0.6334,-0.1057,-171.65,-28.64,218.83,-1.0,-100.84,-63.46,-7.36,0.901,negative,baseline,"negative: net -171.65 USD/0.01 lot, PF 0.688, OOS -7.36"
BASE-nzdusd-029,2026-09-28,nzdusd,D1,ASIS,"{""be_enable"": true, ""be_offset_pts"": 10, ""be_trigger_pts"": 500, ""entry_buffer_pts"": 10, ""fast"": 18, ""ma_exit"": true, ""prot_start_mode"": 1, ""prot_start_pts"": 500, ""protection"": 1, ""swing_buffer_pts"": 50, ""swing_search"": 100, ""swing_strength"": 2, ""thr_mode"": 0, ""trend"": 200, ""use_sl_pct"": false, ""use_volume"": true}",none,2021-09-01..2026-09-26,B,46,43.5,0.514,-1.4451,-0.1125,-66.48,-5.18,95.82,-0.56,2.73,-44.96,-24.25,0.093,negative,baseline,"negative: net -66.48 USD/0.01 lot, PF 0.514, OOS -24.25"
BASE-nzdusd-032,2026-09-28,nzdusd,1m,FINAL_H4,"{""atr_period"": 22, ""be_enable"": true, ""be_offset_pts"": 10, ""be_trigger_pts"": 200, ""entry_buffer_pts"": 0, ""fast"": 18, ""ma_exit"": true, ""prot_start_mode"": 0, ""prot_start_pts"": 0, ""protection"": 4, ""swing_search"": 100, ""swing_strength"": 2, ""thr_mode"": 1, ""trail_dist_pts"": 50, ""trail_start_pts"": 500, ""trail_step_pts"": 10, ""trend"": 200, ""use_sl_pct"": false, ""use_volume"": true}",none,2021-09-01..2026-09-26,B,70116,6.8,0.074,-0.3056,-0.9536,-21428.38,-66860.05,21428.38,-12.09,-12919.01,-4476.71,-4032.67,0.036,negative,baseline,"negative: net -21428.38 USD/0.01 lot, PF 0.074, OOS -4032.67"
BASE-nzdusd-035,2026-09-28,nzdusd,3m,FINAL_H4,"{""atr_period"": 22, ""be_enable"": true, ""be_offset_pts"": 10, ""be_trigger_pts"": 200, ""entry_buffer_pts"": 0, ""fast"": 18, ""ma_exit"": true, ""prot_start_mode"": 0, ""prot_start_pts"": 0, ""protection"": 4, ""swing_search"": 100, ""swing_strength"": 2, ""thr_mode"": 1, ""trail_dist_pts"": 50, ""trail_start_pts"": 500, ""trail_step_pts"": 10, ""trend"": 200, ""use_sl_pct"": false, ""use_volume"": true}",none,2021-09-01..2026-09-26,B,20455,16.2,0.209,-0.3325,-0.6507,-6802.09,-13310.32,6802.09,-11.32,-4330.5,-1354.34,-1117.25,0.15,negative,baseline,"negative: net -6802.09 USD/0.01 lot, PF 0.209, OOS -1117.25"
BASE-nzdusd-038,2026-09-28,nzdusd,5m,FINAL_H4,"{""atr_period"": 22, ""be_enable"": true, ""be_offset_pts"": 10, ""be_trigger_pts"": 200, ""entry_buffer_pts"": 0, ""fast"": 18, ""ma_exit"": true, ""prot_start_mode"": 0, ""prot_start_pts"": 0, ""protection"": 4, ""swing_search"": 100, ""swing_strength"": 2, ""thr_mode"": 1, ""trail_dist_pts"": 50, ""trail_start_pts"": 500, ""trail_step_pts"": 10, ""trend"": 200, ""use_sl_pct"": false, ""use_volume"": true}",none,2021-09-01..2026-09-26,B,12402,21.6,0.292,-0.3372,-0.502,-4181.38,-6226.2,4181.38,-10.12,-2725.14,-807.92,-648.32,0.237,negative,baseline,"negative: net -4181.38 USD/0.01 lot, PF 0.292, OOS -648.32"
BASE-nzdusd-041,2026-09-28,nzdusd,10m,FINAL_H4,"{""atr_period"": 22, ""be_enable"": true, ""be_offset_pts"": 10, ""be_trigger_pts"": 200, ""entry_buffer_pts"": 0, ""fast"": 18, ""ma_exit"": true, ""prot_start_mode"": 0, ""prot_start_pts"": 0, ""protection"": 4, ""swing_search"": 100, ""swing_strength"": 2, ""thr_mode"": 1, ""trail_dist_pts"": 50, ""trail_start_pts"": 500, ""trail_step_pts"": 10, ""trend"": 200, ""use_sl_pct"": false, ""use_volume"": true}",none,2021-09-01..2026-09-26,B,6615,26.4,0.4,-0.3464,-0.3544,-2291.19,-2344.45,2293.29,-9.98,-1509.34,-427.86,-353.98,0.337,negative,baseline,"negative: net -2291.19 USD/0.01 lot, PF 0.4, OOS -353.98"
BASE-nzdusd-044,2026-09-28,nzdusd,15m,FINAL_H4,"{""atr_period"": 22, ""be_enable"": true, ""be_offset_pts"": 10, ""be_trigger_pts"": 200, ""entry_buffer_pts"": 0, ""fast"": 18, ""ma_exit"": true, ""prot_start_mode"": 0, ""prot_start_pts"": 0, ""protection"": 4, ""swing_search"": 100, ""swing_strength"": 2, ""thr_mode"": 1, ""trail_dist_pts"": 50, ""trail_start_pts"": 500, ""trail_step_pts"": 10, ""trend"": 200, ""use_sl_pct"": false, ""use_volume"": true}",none,2021-09-01..2026-09-26,B,4599,28.1,0.455,-0.3517,-0.2984,-1617.52,-1372.31,1617.74,-7.51,-1075.65,-292.32,-249.54,0.413,negative,baseline,"negative: net -1617.52 USD/0.01 lot, PF 0.455, OOS -249.54"
BASE-nzdusd-047,2026-09-28,nzdusd,30m,FINAL_H4,"{""atr_period"": 22, ""be_enable"": true, ""be_offset_pts"": 10, ""be_trigger_pts"": 200, ""entry_buffer_pts"": 0, ""fast"": 18, ""ma_exit"": true, ""prot_start_mode"": 0, ""prot_start_pts"": 0, ""protection"": 4, ""swing_search"": 100, ""swing_strength"": 2, ""thr_mode"": 1, ""trail_dist_pts"": 50, ""trail_start_pts"": 500, ""trail_step_pts"": 10, ""trend"": 200, ""use_sl_pct"": false, ""use_volume"": true}",none,2021-09-01..2026-09-26,B,2335,29.7,0.563,-0.3698,-0.2138,-863.54,-499.12,864.02,-3.86,-540.16,-180.06,-143.32,0.505,negative,baseline,"negative: net -863.54 USD/0.01 lot, PF 0.563, OOS -143.32"
BASE-nzdusd-050,2026-09-28,nzdusd,1h,FINAL_H4,"{""atr_period"": 22, ""be_enable"": true, ""be_offset_pts"": 10, ""be_trigger_pts"": 200, ""entry_buffer_pts"": 0, ""fast"": 18, ""ma_exit"": true, ""prot_start_mode"": 0, ""prot_start_pts"": 0, ""protection"": 4, ""swing_search"": 100, ""swing_strength"": 2, ""thr_mode"": 1, ""trail_dist_pts"": 50, ""trail_start_pts"": 500, ""trail_step_pts"": 10, ""trend"": 200, ""use_sl_pct"": false, ""use_volume"": true}",none,2021-09-01..2026-09-26,B,1229,32.6,0.606,-0.4316,-0.1936,-530.4,-237.89,531.69,-2.87,-324.81,-93.81,-111.78,0.472,negative,baseline,"negative: net -530.4 USD/0.01 lot, PF 0.606, OOS -111.78"
BASE-nzdusd-053,2026-09-28,nzdusd,2h,FINAL_H4,"{""atr_period"": 22, ""be_enable"": true, ""be_offset_pts"": 10, ""be_trigger_pts"": 200, ""entry_buffer_pts"": 0, ""fast"": 18, ""ma_exit"": true, ""prot_start_mode"": 0, ""prot_start_pts"": 0, ""protection"": 4, ""swing_search"": 100, ""swing_strength"": 2, ""thr_mode"": 1, ""trail_dist_pts"": 50, ""trail_start_pts"": 500, ""trail_step_pts"": 10, ""trend"": 200, ""use_sl_pct"": false, ""use_volume"": true}",none,2021-09-01..2026-09-26,B,623,32.9,0.713,-0.4277,-0.1161,-266.46,-72.35,299.61,-1.33,-114.65,-114.33,-37.48,0.718,negative,baseline,"negative: net -266.46 USD/0.01 lot, PF 0.713, OOS -37.48"
BASE-nzdusd-056,2026-09-28,nzdusd,4h,FINAL_H4,"{""atr_period"": 22, ""be_enable"": true, ""be_offset_pts"": 10, ""be_trigger_pts"": 200, ""entry_buffer_pts"": 0, ""fast"": 18, ""ma_exit"": true, ""prot_start_mode"": 0, ""prot_start_pts"": 0, ""protection"": 4, ""swing_search"": 100, ""swing_strength"": 2, ""thr_mode"": 1, ""trail_dist_pts"": 50, ""trail_start_pts"": 500, ""trail_step_pts"": 10, ""trend"": 200, ""use_sl_pct"": false, ""use_volume"": true}",none,2021-09-01..2026-09-26,B,289,33.9,0.709,-0.6007,-0.0798,-173.59,-23.08,221.02,-1.08,-92.76,-63.3,-17.54,0.791,negative,baseline,"negative: net -173.59 USD/0.01 lot, PF 0.709, OOS -17.54"
BASE-nzdusd-059,2026-09-28,nzdusd,D1,FINAL_H4,"{""atr_period"": 22, ""be_enable"": true, ""be_offset_pts"": 10, ""be_trigger_pts"": 200, ""entry_buffer_pts"": 0, ""fast"": 18, ""ma_exit"": true, ""prot_start_mode"": 0, ""prot_start_pts"": 0, ""protection"": 4, ""swing_search"": 100, ""swing_strength"": 2, ""thr_mode"": 1, ""trail_dist_pts"": 50, ""trail_start_pts"": 500, ""trail_step_pts"": 10, ""trend"": 200, ""use_sl_pct"": false, ""use_volume"": true}",none,2021-09-01..2026-09-26,B,37,35.1,0.62,-1.6747,-0.146,-61.97,-5.4,109.49,-0.4,-3.26,-23.56,-35.14,0.028,negative,baseline,"negative: net -61.97 USD/0.01 lot, PF 0.62, OOS -35.14"
BASE-xagusd-002,2026-09-28,xagusd,1m,ASIS,"{""be_enable"": true, ""be_offset_pts"": 10, ""be_trigger_pts"": 500, ""entry_buffer_pts"": 10, ""fast"": 18, ""ma_exit"": true, ""prot_start_mode"": 1, ""prot_start_pts"": 500, ""protection"": 1, ""swing_buffer_pts"": 50, ""swing_search"": 100, ""swing_strength"": 2, ""thr_mode"": 0, ""trend"": 200, ""use_sl_pct"": false, ""use_volume"": true}",none,2021-09-01..2026-09-26,B,1339,5.5,0.069,-2.1832,-0.903,-2923.3,-1209.11,2923.3,-0.78,-2923.3,0.0,0.0,nan,negative,baseline,"negative: net -2923.3 USD/0.01 lot, PF 0.069, OOS 0.0"
BASE-xagusd-005,2026-09-28,xagusd,3m,ASIS,"{""be_enable"": true, ""be_offset_pts"": 10, ""be_trigger_pts"": 500, ""entry_buffer_pts"": 10, ""fast"": 18, ""ma_exit"": true, ""prot_start_mode"": 1, ""prot_start_pts"": 500, ""protection"": 1, ""swing_buffer_pts"": 50, ""swing_search"": 100, ""swing_strength"": 2, ""thr_mode"": 0, ""trend"": 200, ""use_sl_pct"": false, ""use_volume"": true}",none,2021-09-01..2026-09-26,B,526,10.6,0.216,-2.1118,-0.6403,-1110.82,-336.82,1113.12,-0.77,-1110.82,0.0,0.0,nan,negative,baseline,"negative: net -1110.82 USD/0.01 lot, PF 0.216, OOS 0.0"
BASE-xagusd-008,2026-09-28,xagusd,5m,ASIS,"{""be_enable"": true, ""be_offset_pts"": 10, ""be_trigger_pts"": 500, ""entry_buffer_pts"": 10, ""fast"": 18, ""ma_exit"": true, ""prot_start_mode"": 1, ""prot_start_pts"": 500, ""protection"": 1, ""swing_buffer_pts"": 50, ""swing_search"": 100, ""swing_strength"": 2, ""thr_mode"": 0, ""trend"": 200, ""use_sl_pct"": false, ""use_volume"": true}",none,2021-09-01..2026-09-26,B,348,12.6,0.268,-2.3612,-0.5596,-821.68,-194.74,838.58,-0.76,-821.68,0.0,0.0,nan,negative,baseline,"negative: net -821.68 USD/0.01 lot, PF 0.268, OOS 0.0"
BASE-xagusd-011,2026-09-28,xagusd,10m,ASIS,"{""be_enable"": true, ""be_offset_pts"": 10, ""be_trigger_pts"": 500, ""entry_buffer_pts"": 10, ""fast"": 18, ""ma_exit"": true, ""prot_start_mode"": 1, ""prot_start_pts"": 500, ""protection"": 1, ""swing_buffer_pts"": 50, ""swing_search"": 100, ""swing_strength"": 2, ""thr_mode"": 0, ""trend"": 200, ""use_sl_pct"": false, ""use_volume"": true}",none,2021-09-01..2026-09-26,B,202,16.3,0.406,-2.2784,-0.4102,-460.23,-82.86,488.7,-0.74,-460.23,0.0,0.0,nan,negative,baseline,"negative: net -460.23 USD/0.01 lot, PF 0.406, OOS 0.0"
BASE-xagusd-014,2026-09-28,xagusd,15m,ASIS,"{""be_enable"": true, ""be_offset_pts"": 10, ""be_trigger_pts"": 500, ""entry_buffer_pts"": 10, ""fast"": 18, ""ma_exit"": true, ""prot_start_mode"": 1, ""prot_start_pts"": 500, ""protection"": 1, ""swing_buffer_pts"": 50, ""swing_search"": 100, ""swing_strength"": 2, ""thr_mode"": 0, ""trend"": 200, ""use_sl_pct"": false, ""use_volume"": true}",none,2021-09-01..2026-09-26,B,135,23.0,0.477,-2.1695,-0.2669,-292.88,-36.03,343.67,-0.68,-292.88,0.0,0.0,nan,negative,baseline,"negative: net -292.88 USD/0.01 lot, PF 0.477, OOS 0.0"
BASE-xagusd-017,2026-09-28,xagusd,30m,ASIS,"{""be_enable"": true, ""be_offset_pts"": 10, ""be_trigger_pts"": 500, ""entry_buffer_pts"": 10, ""fast"": 18, ""ma_exit"": true, ""prot_start_mode"": 1, ""prot_start_pts"": 500, ""protection"": 1, ""swing_buffer_pts"": 50, ""swing_search"": 100, ""swing_strength"": 2, ""thr_mode"": 0, ""trend"": 200, ""use_sl_pct"": false, ""use_volume"": true}",none,2021-09-01..2026-09-26,B,70,18.6,0.604,-2.1011,-0.1274,-147.08,-8.92,212.59,-0.47,-147.08,0.0,0.0,nan,negative,baseline,"negative: net -147.08 USD/0.01 lot, PF 0.604, OOS 0.0"
BASE-xagusd-020,2026-09-28,xagusd,1h,ASIS,"{""be_enable"": true, ""be_offset_pts"": 10, ""be_trigger_pts"": 500, ""entry_buffer_pts"": 10, ""fast"": 18, ""ma_exit"": true, ""prot_start_mode"": 1, ""prot_start_pts"": 500, ""protection"": 1, ""swing_buffer_pts"": 50, ""swing_search"": 100, ""swing_strength"": 2, ""thr_mode"": 0, ""trend"": 200, ""use_sl_pct"": false, ""use_volume"": true}",none,2021-09-01..2026-09-26,B,34,29.4,0.635,-2.4726,-0.1997,-84.07,-6.79,115.99,-0.5,-84.07,0.0,0.0,nan,negative,baseline,"negative: net -84.07 USD/0.01 lot, PF 0.635, OOS 0.0"
BASE-xagusd-023,2026-09-28,xagusd,2h,ASIS,"{""be_enable"": true, ""be_offset_pts"": 10, ""be_trigger_pts"": 500, ""entry_buffer_pts"": 10, ""fast"": 18, ""ma_exit"": true, ""prot_start_mode"": 1, ""prot_start_pts"": 500, ""protection"": 1, ""swing_buffer_pts"": 50, ""swing_search"": 100, ""swing_strength"": 2, ""thr_mode"": 0, ""trend"": 200, ""use_sl_pct"": false, ""use_volume"": true}",none,2021-09-01..2026-09-26,B,15,33.3,0.889,-0.6539,-0.0279,-9.81,-0.42,45.42,-0.26,-9.81,0.0,0.0,nan,negative,baseline,"negative: net -9.81 USD/0.01 lot, PF 0.889, OOS 0.0"
BASE-xagusd-026,2026-09-28,xagusd,4h,ASIS,"{""be_enable"": true, ""be_offset_pts"": 10, ""be_trigger_pts"": 500, ""entry_buffer_pts"": 10, ""fast"": 18, ""ma_exit"": true, ""prot_start_mode"": 1, ""prot_start_pts"": 500, ""protection"": 1, ""swing_buffer_pts"": 50, ""swing_search"": 100, ""swing_strength"": 2, ""thr_mode"": 0, ""trend"": 200, ""use_sl_pct"": false, ""use_volume"": true}",none,2021-09-01..2026-09-26,B,4,75.0,5.587,8.9311,0.3529,35.72,1.41,7.79,0.56,35.72,0.0,0.0,nan,unstable,baseline,"unstable: net 35.72 USD/0.01 lot, PF 5.587, OOS 0.0"
BASE-xagusd-029,2026-09-28,xagusd,D1,ASIS,"{""be_enable"": true, ""be_offset_pts"": 10, ""be_trigger_pts"": 500, ""entry_buffer_pts"": 10, ""fast"": 18, ""ma_exit"": true, ""prot_start_mode"": 1, ""prot_start_pts"": 500, ""protection"": 1, ""swing_buffer_pts"": 50, ""swing_search"": 100, ""swing_strength"": 2, ""thr_mode"": 0, ""trend"": 200, ""use_sl_pct"": false, ""use_volume"": true}",none,2021-09-01..2026-09-26,B,0,nan,nan,nan,nan,0.0,0.0,0.0,nan,0.0,0.0,0.0,nan,negative,baseline,"negative: net 0.0 USD/0.01 lot, PF nan, OOS 0.0"
BASE-xagusd-032,2026-09-28,xagusd,1m,FINAL_H4,"{""atr_period"": 22, ""be_enable"": true, ""be_offset_pts"": 10, ""be_trigger_pts"": 200, ""entry_buffer_pts"": 0, ""fast"": 18, ""ma_exit"": true, ""prot_start_mode"": 0, ""prot_start_pts"": 0, ""protection"": 4, ""swing_search"": 100, ""swing_strength"": 2, ""thr_mode"": 1, ""trail_dist_pts"": 50, ""trail_start_pts"": 500, ""trail_step_pts"": 10, ""trend"": 200, ""use_sl_pct"": false, ""use_volume"": true}",none,2021-09-01..2026-09-26,B,2746,5.0,0.049,-1.8525,-1.0459,-5086.94,-2872.04,5086.94,-0.78,-5086.94,0.0,0.0,nan,negative,baseline,"negative: net -5086.94 USD/0.01 lot, PF 0.049, OOS 0.0"
BASE-xagusd-035,2026-09-28,xagusd,3m,FINAL_H4,"{""atr_period"": 22, ""be_enable"": true, ""be_offset_pts"": 10, ""be_trigger_pts"": 200, ""entry_buffer_pts"": 0, ""fast"": 18, ""ma_exit"": true, ""prot_start_mode"": 0, ""prot_start_pts"": 0, ""protection"": 4, ""swing_search"": 100, ""swing_strength"": 2, ""thr_mode"": 1, ""trail_dist_pts"": 50, ""trail_start_pts"": 500, ""trail_step_pts"": 10, ""trend"": 200, ""use_sl_pct"": false, ""use_volume"": true}",none,2021-09-01..2026-09-26,B,762,13.6,0.165,-2.0398,-0.7889,-1554.3,-601.12,1554.8,-0.78,-1554.3,0.0,0.0,nan,negative,baseline,"negative: net -1554.3 USD/0.01 lot, PF 0.165, OOS 0.0"
BASE-xagusd-038,2026-09-28,xagusd,5m,FINAL_H4,"{""atr_period"": 22, ""be_enable"": true, ""be_offset_pts"": 10, ""be_trigger_pts"": 200, ""entry_buffer_pts"": 0, ""fast"": 18, ""ma_exit"": true, ""prot_start_mode"": 0, ""prot_start_pts"": 0, ""protection"": 4, ""swing_search"": 100, ""swing_strength"": 2, ""thr_mode"": 1, ""trail_dist_pts"": 50, ""trail_start_pts"": 500, ""trail_step_pts"": 10, ""trend"": 200, ""use_sl_pct"": false, ""use_volume"": true}",none,2021-09-01..2026-09-26,B,456,17.5,0.21,-2.3386,-0.6661,-1066.41,-303.75,1075.66,-0.77,-1066.41,0.0,0.0,nan,negative,baseline,"negative: net -1066.41 USD/0.01 lot, PF 0.21, OOS 0.0"
BASE-xagusd-041,2026-09-28,xagusd,10m,FINAL_H4,"{""atr_period"": 22, ""be_enable"": true, ""be_offset_pts"": 10, ""be_trigger_pts"": 200, ""entry_buffer_pts"": 0, ""fast"": 18, ""ma_exit"": true, ""prot_start_mode"": 0, ""prot_start_pts"": 0, ""protection"": 4, ""swing_search"": 100, ""swing_strength"": 2, ""thr_mode"": 1, ""trail_dist_pts"": 50, ""trail_start_pts"": 500, ""trail_step_pts"": 10, ""trend"": 200, ""use_sl_pct"": false, ""use_volume"": true}",none,2021-09-01..2026-09-26,B,234,27.4,0.355,-2.1906,-0.4513,-512.59,-105.61,527.04,-0.78,-512.59,0.0,0.0,nan,negative,baseline,"negative: net -512.59 USD/0.01 lot, PF 0.355, OOS 0.0"
BASE-xagusd-044,2026-09-28,xagusd,15m,FINAL_H4,"{""atr_period"": 22, ""be_enable"": true, ""be_offset_pts"": 10, ""be_trigger_pts"": 200, ""entry_buffer_pts"": 0, ""fast"": 18, ""ma_exit"": true, ""prot_start_mode"": 0, ""prot_start_pts"": 0, ""protection"": 4, ""swing_search"": 100, ""swing_strength"": 2, ""thr_mode"": 1, ""trail_dist_pts"": 50, ""trail_start_pts"": 500, ""trail_step_pts"": 10, ""trend"": 200, ""use_sl_pct"": false, ""use_volume"": true}",none,2021-09-01..2026-09-26,B,168,32.1,0.43,-2.1535,-0.3349,-361.78,-56.26,388.63,-0.76,-361.78,0.0,0.0,nan,negative,baseline,"negative: net -361.78 USD/0.01 lot, PF 0.43, OOS 0.0"
BASE-xagusd-047,2026-09-28,xagusd,30m,FINAL_H4,"{""atr_period"": 22, ""be_enable"": true, ""be_offset_pts"": 10, ""be_trigger_pts"": 200, ""entry_buffer_pts"": 0, ""fast"": 18, ""ma_exit"": true, ""prot_start_mode"": 0, ""prot_start_pts"": 0, ""protection"": 4, ""swing_search"": 100, ""swing_strength"": 2, ""thr_mode"": 1, ""trail_dist_pts"": 50, ""trail_start_pts"": 500, ""trail_step_pts"": 10, ""trend"": 200, ""use_sl_pct"": false, ""use_volume"": true}",none,2021-09-01..2026-09-26,B,92,34.8,0.402,-2.8628,-0.2109,-263.38,-19.41,303.64,-0.63,-263.38,0.0,0.0,nan,negative,baseline,"negative: net -263.38 USD/0.01 lot, PF 0.402, OOS 0.0"
BASE-xagusd-050,2026-09-28,xagusd,1h,FINAL_H4,"{""atr_period"": 22, ""be_enable"": true, ""be_offset_pts"": 10, ""be_trigger_pts"": 200, ""entry_buffer_pts"": 0, ""fast"": 18, ""ma_exit"": true, ""prot_start_mode"": 0, ""prot_start_pts"": 0, ""protection"": 4, ""swing_search"": 100, ""swing_strength"": 2, ""thr_mode"": 1, ""trail_dist_pts"": 50, ""trail_start_pts"": 500, ""trail_step_pts"": 10, ""trend"": 200, ""use_sl_pct"": false, ""use_volume"": true}",none,2021-09-01..2026-09-26,B,40,42.5,0.503,-2.5795,-0.1929,-103.18,-7.72,139.45,-0.53,-103.18,0.0,0.0,nan,negative,baseline,"negative: net -103.18 USD/0.01 lot, PF 0.503, OOS 0.0"
BASE-xagusd-053,2026-09-28,xagusd,2h,FINAL_H4,"{""atr_period"": 22, ""be_enable"": true, ""be_offset_pts"": 10, ""be_trigger_pts"": 200, ""entry_buffer_pts"": 0, ""fast"": 18, ""ma_exit"": true, ""prot_start_mode"": 0, ""prot_start_pts"": 0, ""protection"": 4, ""swing_search"": 100, ""swing_strength"": 2, ""thr_mode"": 1, ""trail_dist_pts"": 50, ""trail_start_pts"": 500, ""trail_step_pts"": 10, ""trend"": 200, ""use_sl_pct"": false, ""use_volume"": true}",none,2021-09-01..2026-09-26,B,17,52.9,0.904,-0.4533,0.0099,-7.71,0.17,39.77,-0.07,-7.71,0.0,0.0,nan,negative,baseline,"negative: net -7.71 USD/0.01 lot, PF 0.904, OOS 0.0"
BASE-xagusd-056,2026-09-28,xagusd,4h,FINAL_H4,"{""atr_period"": 22, ""be_enable"": true, ""be_offset_pts"": 10, ""be_trigger_pts"": 200, ""entry_buffer_pts"": 0, ""fast"": 18, ""ma_exit"": true, ""prot_start_mode"": 0, ""prot_start_pts"": 0, ""protection"": 4, ""swing_search"": 100, ""swing_strength"": 2, ""thr_mode"": 1, ""trail_dist_pts"": 50, ""trail_start_pts"": 500, ""trail_step_pts"": 10, ""trend"": 200, ""use_sl_pct"": false, ""use_volume"": true}",none,2021-09-01..2026-09-26,B,5,40.0,0.066,-6.1351,-0.2324,-30.68,-1.16,32.85,-0.42,-30.68,0.0,0.0,nan,negative,baseline,"negative: net -30.68 USD/0.01 lot, PF 0.066, OOS 0.0"
BASE-xagusd-059,2026-09-28,xagusd,D1,FINAL_H4,"{""atr_period"": 22, ""be_enable"": true, ""be_offset_pts"": 10, ""be_trigger_pts"": 200, ""entry_buffer_pts"": 0, ""fast"": 18, ""ma_exit"": true, ""prot_start_mode"": 0, ""prot_start_pts"": 0, ""protection"": 4, ""swing_search"": 100, ""swing_strength"": 2, ""thr_mode"": 1, ""trail_dist_pts"": 50, ""trail_start_pts"": 500, ""trail_step_pts"": 10, ""trend"": 200, ""use_sl_pct"": false, ""use_volume"": true}",none,2021-09-01..2026-09-26,B,0,nan,nan,nan,nan,0.0,0.0,0.0,nan,0.0,0.0,0.0,nan,negative,baseline,"negative: net 0.0 USD/0.01 lot, PF nan, OOS 0.0"
BASE-btcusd-002,2026-09-28,btcusd,1m,ASIS,"{""be_enable"": true, ""be_offset_pts"": 10, ""be_trigger_pts"": 500, ""entry_buffer_pts"": 10, ""fast"": 18, ""ma_exit"": true, ""prot_start_mode"": 1, ""prot_start_pts"": 500, ""protection"": 1, ""swing_buffer_pts"": 50, ""swing_search"": 100, ""swing_strength"": 2, ""thr_mode"": 0, ""trend"": 200, ""use_sl_pct"": false, ""use_volume"": true}",none,2021-09-01..2026-09-26,B,76054,4.6,0.182,-0.4951,-0.5592,-37653.37,-42530.78,37653.37,-5.68,-23921.48,-8001.57,-5730.33,0.328,negative,baseline,"negative: net -37653.37 USD/0.01 lot, PF 0.182, OOS -5730.33"
BASE-btcusd-005,2026-09-28,btcusd,3m,ASIS,"{""be_enable"": true, ""be_offset_pts"": 10, ""be_trigger_pts"": 500, ""entry_buffer_pts"": 10, ""fast"": 18, ""ma_exit"": true, ""prot_start_mode"": 1, ""prot_start_pts"": 500, ""protection"": 1, ""swing_buffer_pts"": 50, ""swing_search"": 100, ""swing_strength"": 2, ""thr_mode"": 0, ""trend"": 200, ""use_sl_pct"": false, ""use_volume"": true}",none,2021-09-01..2026-09-26,B,31773,4.7,0.289,-0.4437,-0.2872,-14096.58,-9125.47,14096.66,-6.18,-8520.77,-3069.53,-2506.28,0.4,negative,baseline,"negative: net -14096.58 USD/0.01 lot, PF 0.289, OOS -2506.28"
BASE-btcusd-008,2026-09-28,btcusd,5m,ASIS,"{""be_enable"": true, ""be_offset_pts"": 10, ""be_trigger_pts"": 500, ""entry_buffer_pts"": 10, ""fast"": 18, ""ma_exit"": true, ""prot_start_mode"": 1, ""prot_start_pts"": 500, ""protection"": 1, ""swing_buffer_pts"": 50, ""swing_search"": 100, ""swing_strength"": 2, ""thr_mode"": 0, ""trend"": 200, ""use_sl_pct"": false, ""use_volume"": true}",none,2021-09-01..2026-09-26,B,21838,4.3,0.322,-0.4304,-0.2066,-9400.1,-4511.86,9400.1,-5.76,-5869.58,-2134.86,-1395.66,0.504,negative,baseline,"negative: net -9400.1 USD/0.01 lot, PF 0.322, OOS -1395.66"
BASE-btcusd-011,2026-09-28,btcusd,10m,ASIS,"{""be_enable"": true, ""be_offset_pts"": 10, ""be_trigger_pts"": 500, ""entry_buffer_pts"": 10, ""fast"": 18, ""ma_exit"": true, ""prot_start_mode"": 1, ""prot_start_pts"": 500, ""protection"": 1, ""swing_buffer_pts"": 50, ""swing_search"": 100, ""swing_strength"": 2, ""thr_mode"": 0, ""trend"": 200, ""use_sl_pct"": false, ""use_volume"": true}",none,2021-09-01..2026-09-26,B,12794,4.1,0.398,-0.3844,-0.1298,-4917.44,-1660.51,4945.85,-4.43,-3141.34,-1045.84,-730.26,0.549,negative,baseline,"negative: net -4917.44 USD/0.01 lot, PF 0.398, OOS -730.26"
BASE-btcusd-014,2026-09-28,btcusd,15m,ASIS,"{""be_enable"": true, ""be_offset_pts"": 10, ""be_trigger_pts"": 500, ""entry_buffer_pts"": 10, ""fast"": 18, ""ma_exit"": true, ""prot_start_mode"": 1, ""prot_start_pts"": 500, ""protection"": 1, ""swing_buffer_pts"": 50, ""swing_search"": 100, ""swing_strength"": 2, ""thr_mode"": 0, ""trend"": 200, ""use_sl_pct"": false, ""use_volume"": true}",none,2021-09-01..2026-09-26,B,9179,3.7,0.429,-0.3782,-0.1046,-3471.59,-960.52,3516.04,-3.97,-2174.54,-896.26,-400.79,0.673,negative,baseline,"negative: net -3471.59 USD/0.01 lot, PF 0.429, OOS -400.79"
BASE-btcusd-017,2026-09-28,btcusd,30m,ASIS,"{""be_enable"": true, ""be_offset_pts"": 10, ""be_trigger_pts"": 500, ""entry_buffer_pts"": 10, ""fast"": 18, ""ma_exit"": true, ""prot_start_mode"": 1, ""prot_start_pts"": 500, ""protection"": 1, ""swing_buffer_pts"": 50, ""swing_search"": 100, ""swing_strength"": 2, ""thr_mode"": 0, ""trend"": 200, ""use_sl_pct"": false, ""use_volume"": true}",none,2021-09-01..2026-09-26,B,5183,3.6,0.538,-0.2996,-0.0671,-1552.73,-347.64,1561.87,-2.67,-937.61,-374.1,-241.02,0.643,negative,baseline,"negative: net -1552.73 USD/0.01 lot, PF 0.538, OOS -241.02"
BASE-btcusd-020,2026-09-28,btcusd,1h,ASIS,"{""be_enable"": true, ""be_offset_pts"": 10, ""be_trigger_pts"": 500, ""entry_buffer_pts"": 10, ""fast"": 18, ""ma_exit"": true, ""prot_start_mode"": 1, ""prot_start_pts"": 500, ""protection"": 1, ""swing_buffer_pts"": 50, ""swing_search"": 100, ""swing_strength"": 2, ""thr_mode"": 0, ""trend"": 200, ""use_sl_pct"": false, ""use_volume"": true}",none,2021-09-01..2026-09-26,B,2816,3.6,0.662,-0.243,-0.0308,-684.28,-86.8,729.29,-1.36,-481.81,-171.38,-31.08,0.91,negative,baseline,"negative: net -684.28 USD/0.01 lot, PF 0.662, OOS -31.08"
BASE-btcusd-023,2026-09-28,btcusd,2h,ASIS,"{""be_enable"": true, ""be_offset_pts"": 10, ""be_trigger_pts"": 500, ""entry_buffer_pts"": 10, ""fast"": 18, ""ma_exit"": true, ""prot_start_mode"": 1, ""prot_start_pts"": 500, ""protection"": 1, ""swing_buffer_pts"": 50, ""swing_search"": 100, ""swing_strength"": 2, ""thr_mode"": 0, ""trend"": 200, ""use_sl_pct"": false, ""use_volume"": true}",none,2021-09-01..2026-09-26,B,1549,3.2,0.994,-0.0033,0.0002,-5.04,0.3,184.03,-0.01,95.84,82.94,-183.83,0.281,negative,baseline,"negative: net -5.04 USD/0.01 lot, PF 0.994, OOS -183.83"
BASE-btcusd-026,2026-09-28,btcusd,4h,ASIS,"{""be_enable"": true, ""be_offset_pts"": 10, ""be_trigger_pts"": 500, ""entry_buffer_pts"": 10, ""fast"": 18, ""ma_exit"": true, ""prot_start_mode"": 1, ""prot_start_pts"": 500, ""protection"": 1, ""swing_buffer_pts"": 50, ""swing_search"": 100, ""swing_strength"": 2, ""thr_mode"": 0, ""trend"": 200, ""use_sl_pct"": false, ""use_volume"": true}",none,2021-09-01..2026-09-26,B,807,2.9,1.245,0.1692,0.0217,136.51,17.51,141.23,0.32,147.95,26.19,-37.63,0.747,unstable,baseline,"unstable: net 136.51 USD/0.01 lot, PF 1.245, OOS -37.63"
BASE-btcusd-029,2026-09-28,btcusd,D1,ASIS,"{""be_enable"": true, ""be_offset_pts"": 10, ""be_trigger_pts"": 500, ""entry_buffer_pts"": 10, ""fast"": 18, ""ma_exit"": true, ""prot_start_mode"": 1, ""prot_start_pts"": 500, ""protection"": 1, ""swing_buffer_pts"": 50, ""swing_search"": 100, ""swing_strength"": 2, ""thr_mode"": 0, ""trend"": 200, ""use_sl_pct"": false, ""use_volume"": true}",none,2021-09-01..2026-09-26,B,144,2.8,2.338,0.8745,0.0387,125.93,5.58,60.56,0.38,169.81,-41.26,-2.62,0.0,unstable,baseline,"unstable: net 125.93 USD/0.01 lot, PF 2.338, OOS -2.62"
BASE-btcusd-032,2026-09-28,btcusd,1m,FINAL_H4,"{""atr_period"": 22, ""be_enable"": true, ""be_offset_pts"": 10, ""be_trigger_pts"": 200, ""entry_buffer_pts"": 0, ""fast"": 18, ""ma_exit"": true, ""prot_start_mode"": 0, ""prot_start_pts"": 0, ""protection"": 4, ""swing_search"": 100, ""swing_strength"": 2, ""thr_mode"": 1, ""trail_dist_pts"": 50, ""trail_start_pts"": 500, ""trail_step_pts"": 10, ""trend"": 200, ""use_sl_pct"": false, ""use_volume"": true}",none,2021-09-01..2026-09-26,B,64686,10.9,0.34,-0.5265,-0.6028,-34055.43,-38994.48,34055.43,-5.78,-21443.96,-7235.44,-5376.03,0.5,negative,baseline,"negative: net -34055.43 USD/0.01 lot, PF 0.34, OOS -5376.03"
BASE-btcusd-035,2026-09-28,btcusd,3m,FINAL_H4,"{""atr_period"": 22, ""be_enable"": true, ""be_offset_pts"": 10, ""be_trigger_pts"": 200, ""entry_buffer_pts"": 0, ""fast"": 18, ""ma_exit"": true, ""prot_start_mode"": 0, ""prot_start_pts"": 0, ""protection"": 4, ""swing_search"": 100, ""swing_strength"": 2, ""thr_mode"": 1, ""trail_dist_pts"": 50, ""trail_start_pts"": 500, ""trail_step_pts"": 10, ""trend"": 200, ""use_sl_pct"": false, ""use_volume"": true}",none,2021-09-01..2026-09-26,B,23109,15.6,0.527,-0.5299,-0.3534,-12245.57,-8167.76,12250.13,-6.57,-7100.72,-3052.57,-2092.29,0.654,negative,baseline,"negative: net -12245.57 USD/0.01 lot, PF 0.527, OOS -2092.29"
BASE-btcusd-038,2026-09-28,btcusd,5m,FINAL_H4,"{""atr_period"": 22, ""be_enable"": true, ""be_offset_pts"": 10, ""be_trigger_pts"": 200, ""entry_buffer_pts"": 0, ""fast"": 18, ""ma_exit"": true, ""prot_start_mode"": 0, ""prot_start_pts"": 0, ""protection"": 4, ""swing_search"": 100, ""swing_strength"": 2, ""thr_mode"": 1, ""trail_dist_pts"": 50, ""trail_start_pts"": 500, ""trail_step_pts"": 10, ""trend"": 200, ""use_sl_pct"": false, ""use_volume"": true}",none,2021-09-01..2026-09-26,B,14641,17.5,0.591,-0.5491,-0.2704,-8038.68,-3958.86,8038.68,-5.84,-4865.41,-2035.31,-1137.96,0.754,negative,baseline,"negative: net -8038.68 USD/0.01 lot, PF 0.591, OOS -1137.96"
BASE-btcusd-041,2026-09-28,btcusd,10m,FINAL_H4,"{""atr_period"": 22, ""be_enable"": true, ""be_offset_pts"": 10, ""be_trigger_pts"": 200, ""entry_buffer_pts"": 0, ""fast"": 18, ""ma_exit"": true, ""prot_start_mode"": 0, ""prot_start_pts"": 0, ""protection"": 4, ""swing_search"": 100, ""swing_strength"": 2, ""thr_mode"": 1, ""trail_dist_pts"": 50, ""trail_start_pts"": 500, ""trail_step_pts"": 10, ""trend"": 200, ""use_sl_pct"": false, ""use_volume"": true}",none,2021-09-01..2026-09-26,B,7749,19.7,0.676,-0.5589,-0.1863,-4331.12,-1443.56,4344.53,-4.71,-2577.83,-905.94,-847.36,0.739,negative,baseline,"negative: net -4331.12 USD/0.01 lot, PF 0.676, OOS -847.36"
BASE-btcusd-044,2026-09-28,btcusd,15m,FINAL_H4,"{""atr_period"": 22, ""be_enable"": true, ""be_offset_pts"": 10, ""be_trigger_pts"": 200, ""entry_buffer_pts"": 0, ""fast"": 18, ""ma_exit"": true, ""prot_start_mode"": 0, ""prot_start_pts"": 0, ""protection"": 4, ""swing_search"": 100, ""swing_strength"": 2, ""thr_mode"": 1, ""trail_dist_pts"": 50, ""trail_start_pts"": 500, ""trail_step_pts"": 10, ""trend"": 200, ""use_sl_pct"": false, ""use_volume"": true}",none,2021-09-01..2026-09-26,B,5298,20.5,0.696,-0.6142,-0.1488,-3254.2,-788.26,3321.08,-3.73,-1895.19,-899.67,-459.34,0.827,negative,baseline,"negative: net -3254.2 USD/0.01 lot, PF 0.696, OOS -459.34"
BASE-btcusd-047,2026-09-28,btcusd,30m,FINAL_H4,"{""atr_period"": 22, ""be_enable"": true, ""be_offset_pts"": 10, ""be_trigger_pts"": 200, ""entry_buffer_pts"": 0, ""fast"": 18, ""ma_exit"": true, ""prot_start_mode"": 0, ""prot_start_pts"": 0, ""protection"": 4, ""swing_search"": 100, ""swing_strength"": 2, ""thr_mode"": 1, ""trail_dist_pts"": 50, ""trail_start_pts"": 500, ""trail_step_pts"": 10, ""trend"": 200, ""use_sl_pct"": false, ""use_volume"": true}",none,2021-09-01..2026-09-26,B,2783,20.9,0.802,-0.5049,-0.113,-1405.06,-314.48,1438.27,-1.78,-844.87,-461.24,-98.96,0.944,negative,baseline,"negative: net -1405.06 USD/0.01 lot, PF 0.802, OOS -98.96"
BASE-btcusd-050,2026-09-28,btcusd,1h,FINAL_H4,"{""atr_period"": 22, ""be_enable"": true, ""be_offset_pts"": 10, ""be_trigger_pts"": 200, ""entry_buffer_pts"": 0, ""fast"": 18, ""ma_exit"": true, ""prot_start_mode"": 0, ""prot_start_pts"": 0, ""protection"": 4, ""swing_search"": 100, ""swing_strength"": 2, ""thr_mode"": 1, ""trail_dist_pts"": 50, ""trail_start_pts"": 500, ""trail_step_pts"": 10, ""trend"": 200, ""use_sl_pct"": false, ""use_volume"": true}",none,2021-09-01..2026-09-26,B,1406,23.8,0.811,-0.7036,-0.0605,-989.28,-85.06,1107.43,-1.13,-502.27,-528.32,41.32,1.033,negative,baseline,"negative: net -989.28 USD/0.01 lot, PF 0.811, OOS 41.32"
BASE-btcusd-053,2026-09-28,btcusd,2h,FINAL_H4,"{""atr_period"": 22, ""be_enable"": true, ""be_offset_pts"": 10, ""be_trigger_pts"": 200, ""entry_buffer_pts"": 0, ""fast"": 18, ""ma_exit"": true, ""prot_start_mode"": 0, ""prot_start_pts"": 0, ""protection"": 4, ""swing_search"": 100, ""swing_strength"": 2, ""thr_mode"": 1, ""trail_dist_pts"": 50, ""trail_start_pts"": 500, ""trail_step_pts"": 10, ""trend"": 200, ""use_sl_pct"": false, ""use_volume"": true}",none,2021-09-01..2026-09-26,B,733,26.2,0.944,-0.2794,0.0174,-204.82,12.77,461.64,-0.31,-179.24,-121.51,95.94,1.108,negative,baseline,"negative: net -204.82 USD/0.01 lot, PF 0.944, OOS 95.94"
BASE-btcusd-056,2026-09-28,btcusd,4h,FINAL_H4,"{""atr_period"": 22, ""be_enable"": true, ""be_offset_pts"": 10, ""be_trigger_pts"": 200, ""entry_buffer_pts"": 0, ""fast"": 18, ""ma_exit"": true, ""prot_start_mode"": 0, ""prot_start_pts"": 0, ""protection"": 4, ""swing_search"": 100, ""swing_strength"": 2, ""thr_mode"": 1, ""trail_dist_pts"": 50, ""trail_start_pts"": 500, ""trail_step_pts"": 10, ""trend"": 200, ""use_sl_pct"": false, ""use_volume"": true}",none,2021-09-01..2026-09-26,B,367,26.2,0.886,-0.8303,-0.0423,-304.73,-15.51,435.13,-0.36,-250.66,-11.24,-42.84,0.945,negative,baseline,"negative: net -304.73 USD/0.01 lot, PF 0.886, OOS -42.84"
BASE-btcusd-059,2026-09-28,btcusd,D1,FINAL_H4,"{""atr_period"": 22, ""be_enable"": true, ""be_offset_pts"": 10, ""be_trigger_pts"": 200, ""entry_buffer_pts"": 0, ""fast"": 18, ""ma_exit"": true, ""prot_start_mode"": 0, ""prot_start_pts"": 0, ""protection"": 4, ""swing_search"": 100, ""swing_strength"": 2, ""thr_mode"": 1, ""trail_dist_pts"": 50, ""trail_start_pts"": 500, ""trail_step_pts"": 10, ""trend"": 200, ""use_sl_pct"": false, ""use_volume"": true}",none,2021-09-01..2026-09-26,B,54,33.3,1.612,9.0254,0.1146,487.37,6.19,187.89,0.6,122.1,53.47,311.8,2.657,unstable,baseline,"unstable: net 487.37 USD/0.01 lot, PF 1.612, OOS 311.8"
BASE-lightcmdusd-002,2026-09-28,lightcmdusd,15m,ASIS,"{""be_enable"": true, ""be_offset_pts"": 10, ""be_trigger_pts"": 500, ""entry_buffer_pts"": 10, ""fast"": 18, ""ma_exit"": true, ""prot_start_mode"": 1, ""prot_start_pts"": 500, ""protection"": 1, ""swing_buffer_pts"": 50, ""swing_search"": 100, ""swing_strength"": 2, ""thr_mode"": 0, ""trend"": 200, ""use_sl_pct"": false, ""use_volume"": true}",none,2021-09-01..2026-09-26,B,2201,27.4,0.74,-0.078,-0.1533,-171.71,-337.43,198.91,-2.58,-101.22,-52.86,-17.63,0.91,negative,baseline,"negative: net -171.71 USD/0.01 lot, PF 0.74, OOS -17.63"
BASE-lightcmdusd-005,2026-09-28,lightcmdusd,30m,ASIS,"{""be_enable"": true, ""be_offset_pts"": 10, ""be_trigger_pts"": 500, ""entry_buffer_pts"": 10, ""fast"": 18, ""ma_exit"": true, ""prot_start_mode"": 1, ""prot_start_pts"": 500, ""protection"": 1, ""swing_buffer_pts"": 50, ""swing_search"": 100, ""swing_strength"": 2, ""thr_mode"": 0, ""trend"": 200, ""use_sl_pct"": false, ""use_volume"": true}",none,2021-09-01..2026-09-26,B,1271,27.3,0.721,-0.1194,-0.1484,-151.74,-188.6,158.84,-2.13,-94.97,-32.5,-24.27,0.87,negative,baseline,"negative: net -151.74 USD/0.01 lot, PF 0.721, OOS -24.27"
BASE-lightcmdusd-008,2026-09-28,lightcmdusd,1h,ASIS,"{""be_enable"": true, ""be_offset_pts"": 10, ""be_trigger_pts"": 500, ""entry_buffer_pts"": 10, ""fast"": 18, ""ma_exit"": true, ""prot_start_mode"": 1, ""prot_start_pts"": 500, ""protection"": 1, ""swing_buffer_pts"": 50, ""swing_search"": 100, ""swing_strength"": 2, ""thr_mode"": 0, ""trend"": 200, ""use_sl_pct"": false, ""use_volume"": true}",none,2021-09-01..2026-09-26,B,666,29.9,0.793,-0.1093,-0.0974,-72.77,-64.9,100.96,-0.75,-52.72,-28.53,8.48,1.084,negative,baseline,"negative: net -72.77 USD/0.01 lot, PF 0.793, OOS 8.48"
BASE-lightcmdusd-011,2026-09-28,lightcmdusd,2h,ASIS,"{""be_enable"": true, ""be_offset_pts"": 10, ""be_trigger_pts"": 500, ""entry_buffer_pts"": 10, ""fast"": 18, ""ma_exit"": true, ""prot_start_mode"": 1, ""prot_start_pts"": 500, ""protection"": 1, ""swing_buffer_pts"": 50, ""swing_search"": 100, ""swing_strength"": 2, ""thr_mode"": 0, ""trend"": 200, ""use_sl_pct"": false, ""use_volume"": true}",none,2021-09-01..2026-09-26,B,366,27.3,0.791,-0.1583,-0.0715,-57.92,-26.16,88.44,-0.66,-54.1,-26.6,22.78,1.279,negative,baseline,"negative: net -57.92 USD/0.01 lot, PF 0.791, OOS 22.78"
BASE-lightcmdusd-014,2026-09-28,lightcmdusd,4h,ASIS,"{""be_enable"": true, ""be_offset_pts"": 10, ""be_trigger_pts"": 500, ""entry_buffer_pts"": 10, ""fast"": 18, ""ma_exit"": true, ""prot_start_mode"": 1, ""prot_start_pts"": 500, ""protection"": 1, ""swing_buffer_pts"": 50, ""swing_search"": 100, ""swing_strength"": 2, ""thr_mode"": 0, ""trend"": 200, ""use_sl_pct"": false, ""use_volume"": true}",none,2021-09-01..2026-09-26,B,166,38.0,1.007,0.0059,0.032,0.98,5.3,22.03,0.02,0.04,-7.47,8.41,1.181,unstable,baseline,"unstable: net 0.98 USD/0.01 lot, PF 1.007, OOS 8.41"
BASE-lightcmdusd-017,2026-09-28,lightcmdusd,D1,ASIS,"{""be_enable"": true, ""be_offset_pts"": 10, ""be_trigger_pts"": 500, ""entry_buffer_pts"": 10, ""fast"": 18, ""ma_exit"": true, ""prot_start_mode"": 1, ""prot_start_pts"": 500, ""protection"": 1, ""swing_buffer_pts"": 50, ""swing_search"": 100, ""swing_strength"": 2, ""thr_mode"": 0, ""trend"": 200, ""use_sl_pct"": false, ""use_volume"": true}",none,2021-09-01..2026-09-26,B,29,31.0,0.755,-0.3634,-0.1007,-10.54,-2.92,35.99,-0.17,-22.46,-12.45,24.37,4.316,negative,baseline,"negative: net -10.54 USD/0.01 lot, PF 0.755, OOS 24.37"
BASE-lightcmdusd-020,2026-09-28,lightcmdusd,15m,FINAL_H4,"{""atr_period"": 22, ""be_enable"": true, ""be_offset_pts"": 10, ""be_trigger_pts"": 200, ""entry_buffer_pts"": 0, ""fast"": 18, ""ma_exit"": true, ""prot_start_mode"": 0, ""prot_start_pts"": 0, ""protection"": 4, ""swing_search"": 100, ""swing_strength"": 2, ""thr_mode"": 1, ""trail_dist_pts"": 50, ""trail_start_pts"": 500, ""trail_step_pts"": 10, ""trend"": 200, ""use_sl_pct"": false, ""use_volume"": true}",none,2021-09-01..2026-09-26,B,3389,38.9,0.703,-0.0764,-0.2054,-258.84,-695.97,292.39,-2.84,-162.1,-84.54,-12.2,0.95,negative,baseline,"negative: net -258.84 USD/0.01 lot, PF 0.703, OOS -12.2"
BASE-lightcmdusd-023,2026-09-28,lightcmdusd,30m,FINAL_H4,"{""atr_period"": 22, ""be_enable"": true, ""be_offset_pts"": 10, ""be_trigger_pts"": 200, ""entry_buffer_pts"": 0, ""fast"": 18, ""ma_exit"": true, ""prot_start_mode"": 0, ""prot_start_pts"": 0, ""protection"": 4, ""swing_search"": 100, ""swing_strength"": 2, ""thr_mode"": 1, ""trail_dist_pts"": 50, ""trail_start_pts"": 500, ""trail_step_pts"": 10, ""trend"": 200, ""use_sl_pct"": false, ""use_volume"": true}",none,2021-09-01..2026-09-26,B,1834,40.9,0.718,-0.0988,-0.1416,-181.19,-259.61,187.56,-2.9,-104.2,-36.33,-40.66,0.809,negative,baseline,"negative: net -181.19 USD/0.01 lot, PF 0.718, OOS -40.66"
BASE-lightcmdusd-026,2026-09-28,lightcmdusd,1h,FINAL_H4,"{""atr_period"": 22, ""be_enable"": true, ""be_offset_pts"": 10, ""be_trigger_pts"": 200, ""entry_buffer_pts"": 0, ""fast"": 18, ""ma_exit"": true, ""prot_start_mode"": 0, ""prot_start_pts"": 0, ""protection"": 4, ""swing_search"": 100, ""swing_strength"": 2, ""thr_mode"": 1, ""trail_dist_pts"": 50, ""trail_start_pts"": 500, ""trail_step_pts"": 10, ""trend"": 200, ""use_sl_pct"": false, ""use_volume"": true}",none,2021-09-01..2026-09-26,B,832,38.8,0.851,-0.0734,-0.0827,-61.06,-68.83,92.01,-0.61,-53.35,-13.58,5.87,1.042,negative,baseline,"negative: net -61.06 USD/0.01 lot, PF 0.851, OOS 5.87"
BASE-lightcmdusd-029,2026-09-28,lightcmdusd,2h,FINAL_H4,"{""atr_period"": 22, ""be_enable"": true, ""be_offset_pts"": 10, ""be_trigger_pts"": 200, ""entry_buffer_pts"": 0, ""fast"": 18, ""ma_exit"": true, ""prot_start_mode"": 0, ""prot_start_pts"": 0, ""protection"": 4, ""swing_search"": 100, ""swing_strength"": 2, ""thr_mode"": 1, ""trail_dist_pts"": 50, ""trail_start_pts"": 500, ""trail_step_pts"": 10, ""trend"": 200, ""use_sl_pct"": false, ""use_volume"": true}",none,2021-09-01..2026-09-26,B,468,39.5,0.827,-0.1155,-0.0881,-54.07,-41.25,102.31,-0.51,-59.67,-31.58,37.18,1.404,negative,baseline,"negative: net -54.07 USD/0.01 lot, PF 0.827, OOS 37.18"
BASE-lightcmdusd-032,2026-09-28,lightcmdusd,4h,FINAL_H4,"{""atr_period"": 22, ""be_enable"": true, ""be_offset_pts"": 10, ""be_trigger_pts"": 200, ""entry_buffer_pts"": 0, ""fast"": 18, ""ma_exit"": true, ""prot_start_mode"": 0, ""prot_start_pts"": 0, ""protection"": 4, ""swing_search"": 100, ""swing_strength"": 2, ""thr_mode"": 1, ""trail_dist_pts"": 50, ""trail_start_pts"": 500, ""trail_step_pts"": 10, ""trend"": 200, ""use_sl_pct"": false, ""use_volume"": true}",none,2021-09-01..2026-09-26,B,194,49.0,1.113,0.1047,0.0833,20.31,16.17,44.74,0.36,17.29,-7.27,10.29,1.123,unstable,baseline,"unstable: net 20.31 USD/0.01 lot, PF 1.113, OOS 10.29"
BASE-lightcmdusd-035,2026-09-28,lightcmdusd,D1,FINAL_H4,"{""atr_period"": 22, ""be_enable"": true, ""be_offset_pts"": 10, ""be_trigger_pts"": 200, ""entry_buffer_pts"": 0, ""fast"": 18, ""ma_exit"": true, ""prot_start_mode"": 0, ""prot_start_pts"": 0, ""protection"": 4, ""swing_search"": 100, ""swing_strength"": 2, ""thr_mode"": 1, ""trail_dist_pts"": 50, ""trail_start_pts"": 500, ""trail_step_pts"": 10, ""trend"": 200, ""use_sl_pct"": false, ""use_volume"": true}",none,2021-09-01..2026-09-26,B,28,42.9,0.887,-0.1836,-0.0797,-5.14,-2.23,26.72,-0.09,-15.39,-10.21,20.46,2.108,negative,baseline,"negative: net -5.14 USD/0.01 lot, PF 0.887, OOS 20.46"
BASE-xagusd-002,2026-09-28,xagusd,15m,ASIS,"{""be_enable"": true, ""be_offset_pts"": 10, ""be_trigger_pts"": 500, ""entry_buffer_pts"": 10, ""fast"": 18, ""ma_exit"": true, ""prot_start_mode"": 1, ""prot_start_pts"": 500, ""protection"": 1, ""swing_buffer_pts"": 50, ""swing_search"": 100, ""swing_strength"": 2, ""thr_mode"": 0, ""trend"": 200, ""use_sl_pct"": false, ""use_volume"": true}",none,2021-09-01..2026-09-26,B,2632,26.8,0.721,-1.9174,-0.2301,-5046.7,-605.7,5046.7,-2.67,-2540.56,-1603.95,-902.19,0.907,negative,baseline,"negative: net -5046.7 USD/0.01 lot, PF 0.721, OOS -902.19"
BASE-xagusd-005,2026-09-28,xagusd,30m,ASIS,"{""be_enable"": true, ""be_offset_pts"": 10, ""be_trigger_pts"": 500, ""entry_buffer_pts"": 10, ""fast"": 18, ""ma_exit"": true, ""prot_start_mode"": 1, ""prot_start_pts"": 500, ""protection"": 1, ""swing_buffer_pts"": 50, ""swing_search"": 100, ""swing_strength"": 2, ""thr_mode"": 0, ""trend"": 200, ""use_sl_pct"": false, ""use_volume"": true}",none,2021-09-01..2026-09-26,B,1442,31.2,0.919,-0.6601,-0.1495,-951.83,-215.62,2392.2,-0.38,-1493.37,-772.88,1314.41,1.216,negative,baseline,"negative: net -951.83 USD/0.01 lot, PF 0.919, OOS 1314.41"
BASE-xagusd-008,2026-09-28,xagusd,1h,ASIS,"{""be_enable"": true, ""be_offset_pts"": 10, ""be_trigger_pts"": 500, ""entry_buffer_pts"": 10, ""fast"": 18, ""ma_exit"": true, ""prot_start_mode"": 1, ""prot_start_pts"": 500, ""protection"": 1, ""swing_buffer_pts"": 50, ""swing_search"": 100, ""swing_strength"": 2, ""thr_mode"": 0, ""trend"": 200, ""use_sl_pct"": false, ""use_volume"": true}",none,2021-09-01..2026-09-26,B,740,36.4,0.813,-2.1078,-0.0853,-1559.76,-63.15,1586.06,-0.49,-597.99,-459.21,-502.55,0.894,negative,baseline,"negative: net -1559.76 USD/0.01 lot, PF 0.813, OOS -502.55"
BASE-xagusd-011,2026-09-28,xagusd,2h,ASIS,"{""be_enable"": true, ""be_offset_pts"": 10, ""be_trigger_pts"": 500, ""entry_buffer_pts"": 10, ""fast"": 18, ""ma_exit"": true, ""prot_start_mode"": 1, ""prot_start_pts"": 500, ""protection"": 1, ""swing_buffer_pts"": 50, ""swing_search"": 100, ""swing_strength"": 2, ""thr_mode"": 0, ""trend"": 200, ""use_sl_pct"": false, ""use_volume"": true}",none,2021-09-01..2026-09-26,B,422,40.5,0.943,-0.7743,-0.0256,-326.74,-10.81,1112.32,-0.14,-603.12,-239.22,515.61,1.163,negative,baseline,"negative: net -326.74 USD/0.01 lot, PF 0.943, OOS 515.61"
BASE-xagusd-014,2026-09-28,xagusd,4h,ASIS,"{""be_enable"": true, ""be_offset_pts"": 10, ""be_trigger_pts"": 500, ""entry_buffer_pts"": 10, ""fast"": 18, ""ma_exit"": true, ""prot_start_mode"": 1, ""prot_start_pts"": 500, ""protection"": 1, ""swing_buffer_pts"": 50, ""swing_search"": 100, ""swing_strength"": 2, ""thr_mode"": 0, ""trend"": 200, ""use_sl_pct"": false, ""use_volume"": true}",none,2021-09-01..2026-09-26,B,221,43.4,1.251,3.8418,-0.031,849.03,-6.84,894.43,0.28,-702.38,-6.58,1558.0,2.037,unstable,baseline,"unstable: net 849.03 USD/0.01 lot, PF 1.251, OOS 1558.0"
BASE-xagusd-017,2026-09-28,xagusd,D1,ASIS,"{""be_enable"": true, ""be_offset_pts"": 10, ""be_trigger_pts"": 500, ""entry_buffer_pts"": 10, ""fast"": 18, ""ma_exit"": true, ""prot_start_mode"": 1, ""prot_start_pts"": 500, ""protection"": 1, ""swing_buffer_pts"": 50, ""swing_search"": 100, ""swing_strength"": 2, ""thr_mode"": 0, ""trend"": 200, ""use_sl_pct"": false, ""use_volume"": true}",none,2021-09-01..2026-09-26,B,30,33.3,3.792,58.7892,0.2596,1763.68,7.79,266.23,0.47,-102.49,400.78,1465.38,6.494,unstable,baseline,"unstable: net 1763.68 USD/0.01 lot, PF 3.792, OOS 1465.38"
BASE-xagusd-020,2026-09-28,xagusd,15m,FINAL_H4,"{""atr_period"": 22, ""be_enable"": true, ""be_offset_pts"": 10, ""be_trigger_pts"": 200, ""entry_buffer_pts"": 0, ""fast"": 18, ""ma_exit"": true, ""prot_start_mode"": 0, ""prot_start_pts"": 0, ""protection"": 4, ""swing_search"": 100, ""swing_strength"": 2, ""thr_mode"": 1, ""trail_dist_pts"": 50, ""trail_start_pts"": 500, ""trail_step_pts"": 10, ""trend"": 200, ""use_sl_pct"": false, ""use_volume"": true}",none,2021-09-01..2026-09-26,B,2932,33.5,0.8,-1.4019,-0.2155,-4110.4,-631.86,4774.65,-1.38,-2735.04,-1363.72,-11.64,0.999,negative,baseline,"negative: net -4110.4 USD/0.01 lot, PF 0.8, OOS -11.64"
BASE-xagusd-023,2026-09-28,xagusd,30m,FINAL_H4,"{""atr_period"": 22, ""be_enable"": true, ""be_offset_pts"": 10, ""be_trigger_pts"": 200, ""entry_buffer_pts"": 0, ""fast"": 18, ""ma_exit"": true, ""prot_start_mode"": 0, ""prot_start_pts"": 0, ""protection"": 4, ""swing_search"": 100, ""swing_strength"": 2, ""thr_mode"": 1, ""trail_dist_pts"": 50, ""trail_start_pts"": 500, ""trail_step_pts"": 10, ""trend"": 200, ""use_sl_pct"": false, ""use_volume"": true}",none,2021-09-01..2026-09-26,B,1615,36.2,0.944,-0.4853,-0.1551,-783.79,-250.45,2698.78,-0.17,-1680.4,-800.06,1696.68,1.216,negative,baseline,"negative: net -783.79 USD/0.01 lot, PF 0.944, OOS 1696.68"
BASE-xagusd-026,2026-09-28,xagusd,1h,FINAL_H4,"{""atr_period"": 22, ""be_enable"": true, ""be_offset_pts"": 10, ""be_trigger_pts"": 200, ""entry_buffer_pts"": 0, ""fast"": 18, ""ma_exit"": true, ""prot_start_mode"": 0, ""prot_start_pts"": 0, ""protection"": 4, ""swing_search"": 100, ""swing_strength"": 2, ""thr_mode"": 1, ""trail_dist_pts"": 50, ""trail_start_pts"": 500, ""trail_step_pts"": 10, ""trend"": 200, ""use_sl_pct"": false, ""use_volume"": true}",none,2021-09-01..2026-09-26,B,790,33.5,0.765,-3.4532,-0.1198,-2728.06,-94.62,2780.35,-0.74,-905.32,-542.53,-1280.2,0.832,negative,baseline,"negative: net -2728.06 USD/0.01 lot, PF 0.765, OOS -1280.2"
BASE-xagusd-029,2026-09-28,xagusd,2h,FINAL_H4,"{""atr_period"": 22, ""be_enable"": true, ""be_offset_pts"": 10, ""be_trigger_pts"": 200, ""entry_buffer_pts"": 0, ""fast"": 18, ""ma_exit"": true, ""prot_start_mode"": 0, ""prot_start_pts"": 0, ""protection"": 4, ""swing_search"": 100, ""swing_strength"": 2, ""thr_mode"": 1, ""trail_dist_pts"": 50, ""trail_start_pts"": 500, ""trail_step_pts"": 10, ""trend"": 200, ""use_sl_pct"": false, ""use_volume"": true}",none,2021-09-01..2026-09-26,B,446,32.7,0.98,-0.3485,-0.0258,-155.44,-11.53,2355.46,-0.05,-614.79,-245.12,704.47,1.139,negative,baseline,"negative: net -155.44 USD/0.01 lot, PF 0.98, OOS 704.47"
BASE-xagusd-032,2026-09-28,xagusd,4h,FINAL_H4,"{""atr_period"": 22, ""be_enable"": true, ""be_offset_pts"": 10, ""be_trigger_pts"": 200, ""entry_buffer_pts"": 0, ""fast"": 18, ""ma_exit"": true, ""prot_start_mode"": 0, ""prot_start_pts"": 0, ""protection"": 4, ""swing_search"": 100, ""swing_strength"": 2, ""thr_mode"": 1, ""trail_dist_pts"": 50, ""trail_start_pts"": 500, ""trail_step_pts"": 10, ""trend"": 200, ""use_sl_pct"": false, ""use_volume"": true}",none,2021-09-01..2026-09-26,B,208,31.7,0.958,-1.1544,-0.0479,-240.11,-9.95,1433.13,-0.09,-682.75,-124.05,566.69,1.155,negative,baseline,"negative: net -240.11 USD/0.01 lot, PF 0.958, OOS 566.69"
BASE-xagusd-035,2026-09-28,xagusd,D1,FINAL_H4,"{""atr_period"": 22, ""be_enable"": true, ""be_offset_pts"": 10, ""be_trigger_pts"": 200, ""entry_buffer_pts"": 0, ""fast"": 18, ""ma_exit"": true, ""prot_start_mode"": 0, ""prot_start_pts"": 0, ""protection"": 4, ""swing_search"": 100, ""swing_strength"": 2, ""thr_mode"": 1, ""trail_dist_pts"": 50, ""trail_start_pts"": 500, ""trail_step_pts"": 10, ""trend"": 200, ""use_sl_pct"": false, ""use_volume"": true}",none,2021-09-01..2026-09-26,B,33,36.4,0.863,-13.4725,-0.0141,-444.59,-0.47,2256.32,-0.18,-248.99,-68.79,-126.82,0.949,negative,baseline,"negative: net -444.59 USD/0.01 lot, PF 0.863, OOS -126.82"
SWEEP-eurusd-001,2026-09-28,eurusd,4h,ASIS,"{""fast"": [8, 10, 12, 14, 16, 18, 20, 22, 25, 30], ""trend"": [50, 100, 150, 200, 250, 300]}",none,2021-09-01..2026-09-26,B,171,,,,,,,,,,,,,,robustness map,"7/60 MA cells TRAIN-positive, 1 also VAL+OOS; WF chosen>base 3/6"
SWEEP-eurusd-002,2026-09-28,eurusd,4h,FINAL_H4,"{""fast"": [8, 10, 12, 14, 16, 18, 20, 22, 25, 30], ""trend"": [50, 100, 150, 200, 250, 300]}",none,2021-09-01..2026-09-26,B,188,,,,,,,,,,,,,,robustness map,"2/60 MA cells TRAIN-positive, 1 also VAL+OOS; WF chosen>base 4/6"
SWEEP-usdjpy-003,2026-09-28,usdjpy,2h,ASIS,"{""fast"": [8, 10, 12, 14, 16, 18, 20, 22, 25, 30], ""trend"": [50, 100, 150, 200, 250, 300]}",none,2021-09-01..2026-09-26,B,372,,,,,,,,,,,,,,robustness map,"60/60 MA cells TRAIN-positive, 1 also VAL+OOS; WF chosen>base 1/6"
SWEEP-usdjpy-004,2026-09-28,usdjpy,1h,ASIS,"{""fast"": [8, 10, 12, 14, 16, 18, 20, 22, 25, 30], ""trend"": [50, 100, 150, 200, 250, 300]}",none,2021-09-01..2026-09-26,B,696,,,,,,,,,,,,,,robustness map,"52/60 MA cells TRAIN-positive, 6 also VAL+OOS; WF chosen>base 2/6"
SWEEP-usdjpy-005,2026-09-28,usdjpy,4h,ASIS,"{""fast"": [8, 10, 12, 14, 16, 18, 20, 22, 25, 30], ""trend"": [50, 100, 150, 200, 250, 300]}",none,2021-09-01..2026-09-26,B,185,,,,,,,,,,,,,,robustness map,"59/60 MA cells TRAIN-positive, 9 also VAL+OOS; WF chosen>base 4/6"
SWEEP-usdjpy-006,2026-09-28,usdjpy,30m,ASIS,"{""fast"": [8, 10, 12, 14, 16, 18, 20, 22, 25, 30], ""trend"": [50, 100, 150, 200, 250, 300]}",none,2021-09-01..2026-09-26,B,1385,,,,,,,,,,,,,,robustness map,"11/60 MA cells TRAIN-positive, 1 also VAL+OOS; WF chosen>base 4/6"
SWEEP-usdjpy-007,2026-09-28,usdjpy,2h,FINAL_H4,"{""fast"": [8, 10, 12, 14, 16, 18, 20, 22, 25, 30], ""trend"": [50, 100, 150, 200, 250, 300]}",none,2021-09-01..2026-09-26,B,400,,,,,,,,,,,,,,robustness map,"60/60 MA cells TRAIN-positive, 5 also VAL+OOS; WF chosen>base 1/6"
SWEEP-usdjpy-008,2026-09-28,usdjpy,1h,FINAL_H4,"{""fast"": [8, 10, 12, 14, 16, 18, 20, 22, 25, 30], ""trend"": [50, 100, 150, 200, 250, 300]}",none,2021-09-01..2026-09-26,B,765,,,,,,,,,,,,,,robustness map,"51/60 MA cells TRAIN-positive, 3 also VAL+OOS; WF chosen>base 2/6"
SWEEP-usdjpy-009,2026-09-28,usdjpy,4h,FINAL_H4,"{""fast"": [8, 10, 12, 14, 16, 18, 20, 22, 25, 30], ""trend"": [50, 100, 150, 200, 250, 300]}",none,2021-09-01..2026-09-26,B,187,,,,,,,,,,,,,,robustness map,"60/60 MA cells TRAIN-positive, 4 also VAL+OOS; WF chosen>base 3/6"
V01-eurusd-001,2026-09-28,eurusd,4h,ASIS,"{""adx_min"": 25.0, ""be_enable"": true, ""be_offset_pts"": 10, ""be_trigger_pts"": 500, ""entry_buffer_pts"": 10, ""fast"": 18, ""gate"": null, ""ma_exit"": true, ""prot_start_mode"": 1, ""prot_start_pts"": 500, ""protection"": 1, ""swing_buffer_pts"": 50, ""swing_search"": 100, ""swing_strength"": 2, ""thr_mode"": 0, ""trend"": 200, ""use_adx"": true, ""use_sl_pct"": false, ""use_volume"": true}",ADX(14) >= 25 (EA filter),2021-09-01..2026-09-26,B,199,36.7,0.929,-0.1571,-0.0802,-31.27,-15.96,90.01,-0.15,-40.55,-4.3,13.57,1.232,negative,harmful,net -31.27 vs base 5.75; OOS 13.57 vs 29.7
V02-eurusd-002,2026-09-28,eurusd,4h,ASIS,"{""adx_min"": 20.0, ""be_enable"": true, ""be_offset_pts"": 10, ""be_trigger_pts"": 500, ""entry_buffer_pts"": 10, ""fast"": 18, ""gate"": null, ""ma_exit"": true, ""prot_start_mode"": 1, ""prot_start_pts"": 500, ""protection"": 1, ""swing_buffer_pts"": 50, ""swing_search"": 100, ""swing_strength"": 2, ""thr_mode"": 0, ""trend"": 200, ""use_adx"": true, ""use_sl_pct"": false, ""use_volume"": true}",ADX(14) >= 20,2021-09-01..2026-09-26,B,237,36.3,0.94,-0.1408,-0.0293,-33.36,-6.94,97.99,-0.14,-39.44,-11.78,17.86,1.243,negative,harmful,net -33.36 vs base 5.75; OOS 17.86 vs 29.7
V03-eurusd-003,2026-09-28,eurusd,4h,ASIS,"{""be_enable"": true, ""be_offset_pts"": 10, ""be_trigger_pts"": 500, ""entry_buffer_pts"": 10, ""fast"": 18, ""gate"": null, ""ma_exit"": true, ""prot_start_mode"": 1, ""prot_start_pts"": 500, ""protection"": 1, ""swing_buffer_pts"": 50, ""swing_search"": 100, ""swing_strength"": 2, ""thr_mode"": 0, ""trend"": 200, ""use_sl_pct"": false, ""use_volume"": false}",no volume filter,2021-09-01..2026-09-26,B,261,34.5,1.009,0.022,-0.0119,5.75,-3.09,108.65,0.02,-10.16,-13.79,29.7,1.376,unstable,mixed,net 5.75 vs base 5.75; OOS 29.7 vs 29.7
V04-eurusd-004,2026-09-28,eurusd,4h,ASIS,"{""be_enable"": true, ""be_offset_pts"": 10, ""be_trigger_pts"": 500, ""entry_buffer_pts"": 10, ""fast"": 18, ""gate"": null, ""ma_exit"": true, ""prot_start_mode"": 1, ""prot_start_pts"": 500, ""protection"": 1, ""session_hours"": [8, 9, 10, 11, 12, 13, 14, 15, 16, 17, 18, 19, 20, 21], ""swing_buffer_pts"": 50, ""swing_search"": 100, ""swing_strength"": 2, ""thr_mode"": 0, ""trend"": 200, ""use_session"": true, ""use_sl_pct"": false, ""use_volume"": true}",entries 08:00-21:59 server (London + New York),2021-09-01..2026-09-26,B,252,35.3,1.005,0.0113,-0.0048,2.85,-1.2,125.97,0.01,-19.57,-14.62,37.03,1.497,unstable,harmful,net 2.85 vs base 5.75; OOS 37.03 vs 29.7
V05-eurusd-005,2026-09-28,eurusd,4h,ASIS,"{""be_enable"": true, ""be_offset_pts"": 10, ""be_trigger_pts"": 500, ""entry_buffer_pts"": 10, ""fast"": 18, ""gate"": null, ""ma_exit"": true, ""prot_start_mode"": 1, ""prot_start_pts"": 500, ""protection"": 1, ""session_hours"": [13, 14, 15, 16], ""swing_buffer_pts"": 50, ""swing_search"": 100, ""swing_strength"": 2, ""thr_mode"": 0, ""trend"": 200, ""use_session"": true, ""use_sl_pct"": false, ""use_volume"": true}",entries 13:00-16:59 server (London/NY overlap),2021-09-01..2026-09-26,B,186,34.4,0.835,-0.3963,-0.1012,-73.71,-18.83,135.76,-0.36,-63.09,3.29,-13.91,0.823,negative,harmful,net -73.71 vs base 5.75; OOS -13.91 vs 29.7
V06-eurusd-006,2026-09-28,eurusd,4h,ASIS,"{""be_enable"": true, ""be_offset_pts"": 10, ""be_trigger_pts"": 500, ""entry_buffer_pts"": 10, ""fast"": 18, ""gate"": null, ""ma_exit"": true, ""prot_start_mode"": 1, ""prot_start_pts"": 500, ""protection"": 1, ""session_hours"": [7, 8, 9, 10, 11, 12, 13, 14, 15, 16, 17, 18, 19, 20, 21, 22, 23], ""swing_buffer_pts"": 50, ""swing_search"": 100, ""swing_strength"": 2, ""thr_mode"": 0, ""trend"": 200, ""use_session"": true, ""use_sl_pct"": false, ""use_volume"": true}",no entries 00:00-06:59 server (Asia),2021-09-01..2026-09-26,B,253,35.2,0.991,-0.0221,-0.0071,-5.58,-1.79,125.97,-0.02,-27.99,-14.62,37.03,1.497,negative,harmful,net -5.58 vs base 5.75; OOS 37.03 vs 29.7
V07-eurusd-007,2026-09-28,eurusd,4h,ASIS,"{""be_enable"": true, ""be_offset_pts"": 10, ""be_trigger_pts"": 500, ""entry_buffer_pts"": 10, ""fast"": 18, ""gate"": [""mon_open""], ""ma_exit"": true, ""prot_start_mode"": 1, ""prot_start_pts"": 500, ""protection"": 1, ""swing_buffer_pts"": 50, ""swing_search"": 100, ""swing_strength"": 2, ""thr_mode"": 0, ""trend"": 200, ""use_sl_pct"": false, ""use_volume"": true}",no entries on Monday before 08:00 (weekend gap),2021-09-01..2026-09-26,B,246,36.2,1.089,0.2061,0.013,50.69,3.2,92.48,0.19,15.66,8.08,26.95,1.364,robust,mixed,net 50.69 vs base 5.75; OOS 26.95 vs 29.7
V08-eurusd-008,2026-09-28,eurusd,4h,ASIS,"{""be_enable"": true, ""be_offset_pts"": 10, ""be_trigger_pts"": 500, ""entry_buffer_pts"": 10, ""fast"": 18, ""gate"": null, ""ma_exit"": true, ""prot_start_mode"": 1, ""prot_start_pts"": 500, ""protection"": 1, ""swing_buffer_pts"": 50, ""swing_search"": 100, ""swing_strength"": 2, ""thr_mode"": 0, ""trend"": 200, ""use_sl_pct"": false, ""use_vol_filter"": true, ""use_volume"": true, ""vol_filter_min"": 1.0}",ATR(22)/SMA100(ATR) >= 1.0,2021-09-01..2026-09-26,B,145,36.6,1.105,0.2673,-0.0072,38.76,-1.04,66.49,0.2,-7.76,2.24,44.27,2.52,unstable,mixed,net 38.76 vs base 5.75; OOS 44.27 vs 29.7
V09-eurusd-009,2026-09-28,eurusd,4h,ASIS,"{""be_enable"": true, ""be_offset_pts"": 10, ""be_trigger_pts"": 500, ""entry_buffer_pts"": 10, ""fast"": 18, ""gate"": null, ""ma_exit"": true, ""prot_start_mode"": 1, ""prot_start_pts"": 500, ""protection"": 1, ""swing_buffer_pts"": 50, ""swing_search"": 100, ""swing_strength"": 2, ""thr_mode"": 0, ""trend"": 200, ""use_sl_pct"": false, ""use_vol_filter"": true, ""use_volume"": true, ""vol_filter_max"": 1.5, ""vol_filter_min"": 0.0}",ATR(22)/SMA100(ATR) <= 1.5,2021-09-01..2026-09-26,B,258,34.9,0.972,-0.0644,-0.02,-16.61,-5.17,129.57,-0.06,-10.16,-41.74,35.29,1.481,negative,mixed,net -16.61 vs base 5.75; OOS 35.29 vs 29.7
V10-eurusd-010,2026-09-28,eurusd,4h,ASIS,"{""be_enable"": true, ""be_offset_pts"": 10, ""be_trigger_pts"": 500, ""entry_buffer_pts"": 10, ""fast"": 18, ""gate"": null, ""ma_exit"": true, ""prot_start_mode"": 1, ""prot_start_pts"": 500, ""protection"": 1, ""slope_filter_bars"": 3, ""swing_buffer_pts"": 50, ""swing_search"": 100, ""swing_strength"": 2, ""thr_mode"": 0, ""trend"": 200, ""use_sl_pct"": false, ""use_volume"": true}",MA18 slope filter over 3 bars,2021-09-01..2026-09-26,B,239,35.1,0.888,-0.2722,-0.0607,-65.07,-14.51,149.7,-0.26,-64.24,-26.54,25.71,1.399,negative,harmful,net -65.07 vs base 5.75; OOS 25.71 vs 29.7
V11-eurusd-011,2026-09-28,eurusd,4h,ASIS,"{""be_enable"": true, ""be_offset_pts"": 10, ""be_trigger_pts"": 500, ""entry_buffer_pts"": 10, ""fast"": 18, ""gate"": null, ""ma_exit"": true, ""max_dist_atr"": 2.0, ""prot_start_mode"": 1, ""prot_start_pts"": 500, ""protection"": 1, ""swing_buffer_pts"": 50, ""swing_search"": 100, ""swing_strength"": 2, ""thr_mode"": 0, ""trend"": 200, ""use_sl_pct"": false, ""use_volume"": true}",no entry when |close - MA18| > 2 ATR,2021-09-01..2026-09-26,B,254,35.4,1.009,0.0215,-0.0021,5.47,-0.52,117.97,0.02,-10.54,-20.21,36.21,1.504,unstable,harmful,net 5.47 vs base 5.75; OOS 36.21 vs 29.7
V12-eurusd-012,2026-09-28,eurusd,4h,ASIS,"{""be_enable"": true, ""be_offset_pts"": 10, ""be_trigger_pts"": 500, ""entry_buffer_pts"": 10, ""fast"": 18, ""gate"": [""regime"", ""no_sideways""], ""ma_exit"": true, ""prot_start_mode"": 1, ""prot_start_pts"": 500, ""protection"": 1, ""swing_buffer_pts"": 50, ""swing_search"": 100, ""swing_strength"": 2, ""thr_mode"": 0, ""trend"": 200, ""use_sl_pct"": false, ""use_volume"": true}",trend-regime gate: no sideways days,2021-09-01..2026-09-26,B,221,33.5,0.886,-0.2897,-0.0556,-64.03,-12.28,144.27,-0.26,-38.37,-26.87,1.21,1.019,negative,harmful,net -64.03 vs base 5.75; OOS 1.21 vs 29.7
V13-eurusd-013,2026-09-28,eurusd,4h,ASIS,"{""be_enable"": true, ""be_offset_pts"": 10, ""be_trigger_pts"": 500, ""entry_buffer_pts"": 10, ""fast"": 18, ""gate"": [""regime"", ""aligned""], ""ma_exit"": true, ""prot_start_mode"": 1, ""prot_start_pts"": 500, ""protection"": 1, ""swing_buffer_pts"": 50, ""swing_search"": 100, ""swing_strength"": 2, ""thr_mode"": 0, ""trend"": 200, ""use_sl_pct"": false, ""use_volume"": true}",regime-aligned direction,2021-09-01..2026-09-26,B,172,30.8,0.884,-0.3001,-0.077,-51.62,-13.24,139.64,-0.26,-35.77,-14.35,-1.5,0.966,negative,harmful,net -51.62 vs base 5.75; OOS -1.5 vs 29.7
V14-eurusd-014,2026-09-28,eurusd,4h,ASIS,"{""be_enable"": true, ""be_offset_pts"": 10, ""be_trigger_pts"": 500, ""entry_buffer_pts"": 10, ""fast"": 18, ""gate"": [""dir"", 1], ""ma_exit"": true, ""prot_start_mode"": 1, ""prot_start_pts"": 500, ""protection"": 1, ""swing_buffer_pts"": 50, ""swing_search"": 100, ""swing_strength"": 2, ""thr_mode"": 0, ""trend"": 200, ""use_sl_pct"": false, ""use_volume"": true}",long only,2021-09-01..2026-09-26,B,130,28.5,0.911,-0.2143,-0.0743,-27.85,-9.65,67.84,-0.16,-35.59,19.16,-11.42,0.783,negative,harmful,net -27.85 vs base 5.75; OOS -11.42 vs 29.7
V15-eurusd-015,2026-09-28,eurusd,4h,ASIS,"{""be_enable"": true, ""be_offset_pts"": 10, ""be_trigger_pts"": 500, ""entry_buffer_pts"": 10, ""fast"": 18, ""gate"": [""dir"", -1], ""ma_exit"": true, ""prot_start_mode"": 1, ""prot_start_pts"": 500, ""protection"": 1, ""swing_buffer_pts"": 50, ""swing_search"": 100, ""swing_strength"": 2, ""thr_mode"": 0, ""trend"": 200, ""use_sl_pct"": false, ""use_volume"": true}",short only,2021-09-01..2026-09-26,B,131,40.5,1.108,0.2565,0.0501,33.6,6.56,86.14,0.19,25.42,-32.94,41.12,2.562,unstable,mixed,net 33.6 vs base 5.75; OOS 41.12 vs 29.7
V16-eurusd-016,2026-09-28,eurusd,4h,ASIS,"{""be_enable"": true, ""be_offset_pts"": 10, ""be_trigger_pts"": 500, ""entry_buffer_pts"": 10, ""fast"": 18, ""gate"": null, ""ma_exit"": true, ""pending_max_bars"": 3, ""prot_start_mode"": 1, ""prot_start_pts"": 500, ""protection"": 1, ""swing_buffer_pts"": 50, ""swing_search"": 100, ""swing_strength"": 2, ""thr_mode"": 0, ""trend"": 200, ""use_sl_pct"": false, ""use_volume"": true}",pending order expires after 3 bars,2021-09-01..2026-09-26,B,269,32.7,0.98,-0.047,-0.0248,-12.64,-6.68,111.05,-0.05,-27.26,-15.13,29.75,1.396,negative,harmful,net -12.64 vs base 5.75; OOS 29.75 vs 29.7
V17-eurusd-017,2026-09-28,eurusd,4h,ASIS,"{""be_enable"": true, ""be_offset_pts"": 10, ""be_trigger_pts"": 500, ""confirm_bars"": 1, ""entry_buffer_pts"": 10, ""fast"": 18, ""gate"": null, ""ma_exit"": true, ""prot_start_mode"": 1, ""prot_start_pts"": 500, ""protection"": 1, ""swing_buffer_pts"": 50, ""swing_search"": 100, ""swing_strength"": 2, ""thr_mode"": 0, ""trend"": 200, ""use_sl_pct"": false, ""use_volume"": true}",confirmation window 1 bar,2021-09-01..2026-09-26,B,372,30.6,0.917,-0.1815,-0.0666,-67.52,-24.77,129.3,-0.25,-64.8,-10.72,8.0,1.072,negative,harmful,net -67.52 vs base 5.75; OOS 8.0 vs 29.7
V18-eurusd-018,2026-09-28,eurusd,4h,ASIS,"{""be_enable"": true, ""be_offset_pts"": 10, ""be_trigger_pts"": 500, ""confirm_bars"": 3, ""entry_buffer_pts"": 10, ""fast"": 18, ""gate"": null, ""ma_exit"": true, ""prot_start_mode"": 1, ""prot_start_pts"": 500, ""protection"": 1, ""swing_buffer_pts"": 50, ""swing_search"": 100, ""swing_strength"": 2, ""thr_mode"": 0, ""trend"": 200, ""use_sl_pct"": false, ""use_volume"": true}",confirmation window 3 bars,2021-09-01..2026-09-26,B,229,34.5,0.961,-0.0958,-0.0285,-21.93,-6.53,122.0,-0.09,-43.67,-10.22,31.96,1.51,negative,mixed,net -21.93 vs base 5.75; OOS 31.96 vs 29.7
V19-eurusd-019,2026-09-28,eurusd,4h,ASIS,"{""be_enable"": true, ""be_offset_pts"": 10, ""be_trigger_pts"": 500, ""entry_buffer_pts"": 10, ""fast"": 18, ""gate"": [""regime"", ""vol_low_normal""], ""ma_exit"": true, ""prot_start_mode"": 1, ""prot_start_pts"": 500, ""protection"": 1, ""swing_buffer_pts"": 50, ""swing_search"": 100, ""swing_strength"": 2, ""thr_mode"": 0, ""trend"": 200, ""use_sl_pct"": false, ""use_volume"": true}",no high/extreme volatility days,2021-09-01..2026-09-26,B,188,35.1,1.071,0.1562,-0.0024,29.37,-0.46,86.74,0.14,-22.51,27.37,24.51,1.31,unstable,harmful,net 29.37 vs base 5.75; OOS 24.51 vs 29.7
V20-eurusd-020,2026-09-28,eurusd,4h,ASIS,"{""be_enable"": true, ""be_offset_pts"": 10, ""be_trigger_pts"": 500, ""entry_buffer_pts"": 10, ""fast"": 18, ""gate"": [""spread""], ""ma_exit"": true, ""prot_start_mode"": 1, ""prot_start_pts"": 500, ""protection"": 1, ""swing_buffer_pts"": 50, ""swing_search"": 100, ""swing_strength"": 2, ""thr_mode"": 0, ""trend"": 200, ""use_sl_pct"": false, ""use_volume"": true}",max spread filter: no setup when spread > 2x model median,2021-09-01..2026-09-26,B,261,34.5,1.009,0.022,-0.0119,5.75,-3.09,108.65,0.02,-10.16,-13.79,29.7,1.376,unstable,mixed,net 5.75 vs base 5.75; OOS 29.7 vs 29.7
M09m-eurusd-021,2026-09-28,eurusd,4h,ASIS,"{""be_enable"": true, ""be_offset_pts"": 10, ""be_trigger_pts"": 500, ""entry_buffer_pts"": 10, ""fast"": 18, ""htf"": ""D1"", ""ma_exit"": true, ""mode"": ""ma"", ""prot_start_mode"": 1, ""prot_start_pts"": 500, ""protection"": 1, ""swing_buffer_pts"": 50, ""swing_search"": 100, ""swing_strength"": 2, ""thr_mode"": 0, ""trend"": 200, ""use_sl_pct"": false, ""use_volume"": true}",HTF D1 gate (ma),2021-09-01..2026-09-26,B,137,32.8,0.874,-0.3363,-0.0484,-46.07,-6.64,108.56,-0.25,-38.65,-2.01,-5.41,0.911,negative,harmful,net -46.07 vs base 5.75
M09c-eurusd-022,2026-09-28,eurusd,4h,ASIS,"{""be_enable"": true, ""be_offset_pts"": 10, ""be_trigger_pts"": 500, ""entry_buffer_pts"": 10, ""fast"": 18, ""htf"": ""D1"", ""ma_exit"": true, ""mode"": ""close"", ""prot_start_mode"": 1, ""prot_start_pts"": 500, ""protection"": 1, ""swing_buffer_pts"": 50, ""swing_search"": 100, ""swing_strength"": 2, ""thr_mode"": 0, ""trend"": 200, ""use_sl_pct"": false, ""use_volume"": true}",HTF D1 gate (close),2021-09-01..2026-09-26,B,123,33.3,0.885,-0.3041,-0.0314,-37.41,-3.87,102.44,-0.21,-36.17,7.98,-9.22,0.826,negative,harmful,net -37.41 vs base 5.75
V01-eurusd-023,2026-09-28,eurusd,4h,FINAL_H4,"{""adx_min"": 25.0, ""atr_period"": 22, ""be_enable"": true, ""be_offset_pts"": 10, ""be_trigger_pts"": 200, ""entry_buffer_pts"": 0, ""fast"": 18, ""gate"": null, ""ma_exit"": true, ""prot_start_mode"": 0, ""prot_start_pts"": 0, ""protection"": 4, ""swing_search"": 100, ""swing_strength"": 2, ""thr_mode"": 1, ""trail_dist_pts"": 50, ""trail_start_pts"": 500, ""trail_step_pts"": 10, ""trend"": 200, ""use_adx"": true, ""use_sl_pct"": false, ""use_volume"": true}",ADX(14) >= 25 (EA filter),2021-09-01..2026-09-26,B,207,36.2,1.098,0.2483,-0.0008,51.39,-0.17,91.33,0.2,-48.58,70.89,29.08,1.435,unstable,harmful,net 51.39 vs base 42.75; OOS 29.08 vs 44.55
V02-eurusd-024,2026-09-28,eurusd,4h,FINAL_H4,"{""adx_min"": 20.0, ""atr_period"": 22, ""be_enable"": true, ""be_offset_pts"": 10, ""be_trigger_pts"": 200, ""entry_buffer_pts"": 0, ""fast"": 18, ""gate"": null, ""ma_exit"": true, ""prot_start_mode"": 0, ""prot_start_pts"": 0, ""protection"": 4, ""swing_search"": 100, ""swing_strength"": 2, ""thr_mode"": 1, ""trail_dist_pts"": 50, ""trail_start_pts"": 500, ""trail_step_pts"": 10, ""trend"": 200, ""use_adx"": true, ""use_sl_pct"": false, ""use_volume"": true}",ADX(14) >= 20,2021-09-01..2026-09-26,B,251,34.7,1.014,0.0371,0.0293,9.3,7.36,86.11,0.04,-42.93,14.52,37.71,1.446,unstable,harmful,net 9.3 vs base 42.75; OOS 37.71 vs 44.55
V03-eurusd-025,2026-09-28,eurusd,4h,FINAL_H4,"{""atr_period"": 22, ""be_enable"": true, ""be_offset_pts"": 10, ""be_trigger_pts"": 200, ""entry_buffer_pts"": 0, ""fast"": 18, ""gate"": null, ""ma_exit"": true, ""prot_start_mode"": 0, ""prot_start_pts"": 0, ""protection"": 4, ""swing_search"": 100, ""swing_strength"": 2, ""thr_mode"": 1, ""trail_dist_pts"": 50, ""trail_start_pts"": 500, ""trail_step_pts"": 10, ""trend"": 200, ""use_sl_pct"": false, ""use_volume"": false}",no volume filter,2021-09-01..2026-09-26,B,282,34.0,1.059,0.1516,0.0387,42.75,10.92,65.45,0.16,-16.44,14.64,44.55,1.486,unstable,mixed,net 42.75 vs base 42.75; OOS 44.55 vs 44.55
V04-eurusd-026,2026-09-28,eurusd,4h,FINAL_H4,"{""atr_period"": 22, ""be_enable"": true, ""be_offset_pts"": 10, ""be_trigger_pts"": 200, ""entry_buffer_pts"": 0, ""fast"": 18, ""gate"": null, ""ma_exit"": true, ""prot_start_mode"": 0, ""prot_start_pts"": 0, ""protection"": 4, ""session_hours"": [8, 9, 10, 11, 12, 13, 14, 15, 16, 17, 18, 19, 20, 21], ""swing_search"": 100, ""swing_strength"": 2, ""thr_mode"": 1, ""trail_dist_pts"": 50, ""trail_start_pts"": 500, ""trail_step_pts"": 10, ""trend"": 200, ""use_session"": true, ""use_sl_pct"": false, ""use_volume"": true}",entries 08:00-21:59 server (London + New York),2021-09-01..2026-09-26,B,273,35.5,1.055,0.1409,0.0525,38.46,14.34,88.52,0.16,-28.42,7.44,59.44,1.828,unstable,harmful,net 38.46 vs base 42.75; OOS 59.44 vs 44.55
V05-eurusd-027,2026-09-28,eurusd,4h,FINAL_H4,"{""atr_period"": 22, ""be_enable"": true, ""be_offset_pts"": 10, ""be_trigger_pts"": 200, ""entry_buffer_pts"": 0, ""fast"": 18, ""gate"": null, ""ma_exit"": true, ""prot_start_mode"": 0, ""prot_start_pts"": 0, ""protection"": 4, ""session_hours"": [13, 14, 15, 16], ""swing_search"": 100, ""swing_strength"": 2, ""thr_mode"": 1, ""trail_dist_pts"": 50, ""trail_start_pts"": 500, ""trail_step_pts"": 10, ""trend"": 200, ""use_session"": true, ""use_sl_pct"": false, ""use_volume"": true}",entries 13:00-16:59 server (London/NY overlap),2021-09-01..2026-09-26,B,201,33.3,0.927,-0.1942,-0.068,-39.03,-13.66,119.56,-0.18,-45.57,3.45,3.09,1.034,negative,harmful,net -39.03 vs base 42.75; OOS 3.09 vs 44.55
V06-eurusd-028,2026-09-28,eurusd,4h,FINAL_H4,"{""atr_period"": 22, ""be_enable"": true, ""be_offset_pts"": 10, ""be_trigger_pts"": 200, ""entry_buffer_pts"": 0, ""fast"": 18, ""gate"": null, ""ma_exit"": true, ""prot_start_mode"": 0, ""prot_start_pts"": 0, ""protection"": 4, ""session_hours"": [7, 8, 9, 10, 11, 12, 13, 14, 15, 16, 17, 18, 19, 20, 21, 22, 23], ""swing_search"": 100, ""swing_strength"": 2, ""thr_mode"": 1, ""trail_dist_pts"": 50, ""trail_start_pts"": 500, ""trail_step_pts"": 10, ""trend"": 200, ""use_session"": true, ""use_sl_pct"": false, ""use_volume"": true}",no entries 00:00-06:59 server (Asia),2021-09-01..2026-09-26,B,274,35.4,1.043,0.11,0.0502,30.13,13.75,88.52,0.13,-36.75,7.44,59.44,1.828,unstable,harmful,net 30.13 vs base 42.75; OOS 59.44 vs 44.55
V07-eurusd-029,2026-09-28,eurusd,4h,FINAL_H4,"{""atr_period"": 22, ""be_enable"": true, ""be_offset_pts"": 10, ""be_trigger_pts"": 200, ""entry_buffer_pts"": 0, ""fast"": 18, ""gate"": [""mon_open""], ""ma_exit"": true, ""prot_start_mode"": 0, ""prot_start_pts"": 0, ""protection"": 4, ""swing_search"": 100, ""swing_strength"": 2, ""thr_mode"": 1, ""trail_dist_pts"": 50, ""trail_start_pts"": 500, ""trail_step_pts"": 10, ""trend"": 200, ""use_sl_pct"": false, ""use_volume"": true}",no entries on Monday before 08:00 (weekend gap),2021-09-01..2026-09-26,B,269,34.9,1.131,0.3282,0.0556,88.29,14.96,64.35,0.33,4.62,22.9,60.77,1.808,robust,helpful,net 88.29 vs base 42.75; OOS 60.77 vs 44.55
V08-eurusd-030,2026-09-28,eurusd,4h,FINAL_H4,"{""atr_period"": 22, ""be_enable"": true, ""be_offset_pts"": 10, ""be_trigger_pts"": 200, ""entry_buffer_pts"": 0, ""fast"": 18, ""gate"": null, ""ma_exit"": true, ""prot_start_mode"": 0, ""prot_start_pts"": 0, ""protection"": 4, ""swing_search"": 100, ""swing_strength"": 2, ""thr_mode"": 1, ""trail_dist_pts"": 50, ""trail_start_pts"": 500, ""trail_step_pts"": 10, ""trend"": 200, ""use_sl_pct"": false, ""use_vol_filter"": true, ""use_volume"": true, ""vol_filter_min"": 1.0}",ATR(22)/SMA100(ATR) >= 1.0,2021-09-01..2026-09-26,B,150,36.7,1.234,0.6274,0.0397,94.1,5.95,65.98,0.4,2.44,38.7,52.96,2.631,unstable,helpful,net 94.1 vs base 42.75; OOS 52.96 vs 44.55
V09-eurusd-031,2026-09-28,eurusd,4h,FINAL_H4,"{""atr_period"": 22, ""be_enable"": true, ""be_offset_pts"": 10, ""be_trigger_pts"": 200, ""entry_buffer_pts"": 0, ""fast"": 18, ""gate"": null, ""ma_exit"": true, ""prot_start_mode"": 0, ""prot_start_pts"": 0, ""protection"": 4, ""swing_search"": 100, ""swing_strength"": 2, ""thr_mode"": 1, ""trail_dist_pts"": 50, ""trail_start_pts"": 500, ""trail_step_pts"": 10, ""trend"": 200, ""use_sl_pct"": false, ""use_vol_filter"": true, ""use_volume"": true, ""vol_filter_max"": 1.5, ""vol_filter_min"": 0.0}",ATR(22)/SMA100(ATR) <= 1.5,2021-09-01..2026-09-26,B,277,34.3,1.05,0.1251,0.0272,34.66,7.53,65.45,0.13,-16.44,6.55,44.55,1.486,unstable,mixed,net 34.66 vs base 42.75; OOS 44.55 vs 44.55
V10-eurusd-032,2026-09-28,eurusd,4h,FINAL_H4,"{""atr_period"": 22, ""be_enable"": true, ""be_offset_pts"": 10, ""be_trigger_pts"": 200, ""entry_buffer_pts"": 0, ""fast"": 18, ""gate"": null, ""ma_exit"": true, ""prot_start_mode"": 0, ""prot_start_pts"": 0, ""protection"": 4, ""slope_filter_bars"": 3, ""swing_search"": 100, ""swing_strength"": 2, ""thr_mode"": 1, ""trail_dist_pts"": 50, ""trail_start_pts"": 500, ""trail_step_pts"": 10, ""trend"": 200, ""use_sl_pct"": false, ""use_volume"": true}",MA18 slope filter over 3 bars,2021-09-01..2026-09-26,B,253,34.8,1.01,0.027,0.0062,6.84,1.57,101.72,0.03,-70.34,10.91,66.27,2.136,unstable,harmful,net 6.84 vs base 42.75; OOS 66.27 vs 44.55
V11-eurusd-033,2026-09-28,eurusd,4h,FINAL_H4,"{""atr_period"": 22, ""be_enable"": true, ""be_offset_pts"": 10, ""be_trigger_pts"": 200, ""entry_buffer_pts"": 0, ""fast"": 18, ""gate"": null, ""ma_exit"": true, ""max_dist_atr"": 2.0, ""prot_start_mode"": 0, ""prot_start_pts"": 0, ""protection"": 4, ""swing_search"": 100, ""swing_strength"": 2, ""thr_mode"": 1, ""trail_dist_pts"": 50, ""trail_start_pts"": 500, ""trail_step_pts"": 10, ""trend"": 200, ""use_sl_pct"": false, ""use_volume"": true}",no entry when |close - MA18| > 2 ATR,2021-09-01..2026-09-26,B,267,33.0,1.054,0.1344,0.0478,35.89,12.77,84.55,0.14,-14.12,21.34,28.67,1.343,unstable,mixed,net 35.89 vs base 42.75; OOS 28.67 vs 44.55
V12-eurusd-034,2026-09-28,eurusd,4h,FINAL_H4,"{""atr_period"": 22, ""be_enable"": true, ""be_offset_pts"": 10, ""be_trigger_pts"": 200, ""entry_buffer_pts"": 0, ""fast"": 18, ""gate"": [""regime"", ""no_sideways""], ""ma_exit"": true, ""prot_start_mode"": 0, ""prot_start_pts"": 0, ""protection"": 4, ""swing_search"": 100, ""swing_strength"": 2, ""thr_mode"": 1, ""trail_dist_pts"": 50, ""trail_start_pts"": 500, ""trail_step_pts"": 10, ""trend"": 200, ""use_sl_pct"": false, ""use_volume"": true}",trend-regime gate: no sideways days,2021-09-01..2026-09-26,B,238,32.4,1.002,0.0067,0.0195,1.6,4.65,75.33,0.01,-30.8,18.25,14.14,1.185,unstable,harmful,net 1.6 vs base 42.75; OOS 14.14 vs 44.55
V13-eurusd-035,2026-09-28,eurusd,4h,FINAL_H4,"{""atr_period"": 22, ""be_enable"": true, ""be_offset_pts"": 10, ""be_trigger_pts"": 200, ""entry_buffer_pts"": 0, ""fast"": 18, ""gate"": [""regime"", ""aligned""], ""ma_exit"": true, ""prot_start_mode"": 0, ""prot_start_pts"": 0, ""protection"": 4, ""swing_search"": 100, ""swing_strength"": 2, ""thr_mode"": 1, ""trail_dist_pts"": 50, ""trail_start_pts"": 500, ""trail_step_pts"": 10, ""trend"": 200, ""use_sl_pct"": false, ""use_volume"": true}",regime-aligned direction,2021-09-01..2026-09-26,B,182,30.2,0.999,-0.0039,0.0177,-0.71,3.22,65.55,-0.0,-22.85,15.53,6.6,1.127,negative,harmful,net -0.71 vs base 42.75; OOS 6.6 vs 44.55
V14-eurusd-036,2026-09-28,eurusd,4h,FINAL_H4,"{""atr_period"": 22, ""be_enable"": true, ""be_offset_pts"": 10, ""be_trigger_pts"": 200, ""entry_buffer_pts"": 0, ""fast"": 18, ""gate"": [""dir"", 1], ""ma_exit"": true, ""prot_start_mode"": 0, ""prot_start_pts"": 0, ""protection"": 4, ""swing_search"": 100, ""swing_strength"": 2, ""thr_mode"": 1, ""trail_dist_pts"": 50, ""trail_start_pts"": 500, ""trail_step_pts"": 10, ""trend"": 200, ""use_sl_pct"": false, ""use_volume"": true}",long only,2021-09-01..2026-09-26,B,142,31.0,1.051,0.1372,0.0116,19.49,1.65,48.28,0.1,-10.59,21.91,8.18,1.14,unstable,harmful,net 19.49 vs base 42.75; OOS 8.18 vs 44.55
V15-eurusd-037,2026-09-28,eurusd,4h,FINAL_H4,"{""atr_period"": 22, ""be_enable"": true, ""be_offset_pts"": 10, ""be_trigger_pts"": 200, ""entry_buffer_pts"": 0, ""fast"": 18, ""gate"": [""dir"", -1], ""ma_exit"": true, ""prot_start_mode"": 0, ""prot_start_pts"": 0, ""protection"": 4, ""swing_search"": 100, ""swing_strength"": 2, ""thr_mode"": 1, ""trail_dist_pts"": 50, ""trail_start_pts"": 500, ""trail_step_pts"": 10, ""trend"": 200, ""use_sl_pct"": false, ""use_volume"": true}",short only,2021-09-01..2026-09-26,B,140,37.1,1.067,0.1662,0.0663,23.26,9.28,58.97,0.13,-5.84,-7.27,36.37,2.094,unstable,mixed,net 23.26 vs base 42.75; OOS 36.37 vs 44.55
V16-eurusd-038,2026-09-28,eurusd,4h,FINAL_H4,"{""atr_period"": 22, ""be_enable"": true, ""be_offset_pts"": 10, ""be_trigger_pts"": 200, ""entry_buffer_pts"": 0, ""fast"": 18, ""gate"": null, ""ma_exit"": true, ""pending_max_bars"": 3, ""prot_start_mode"": 0, ""prot_start_pts"": 0, ""protection"": 4, ""swing_search"": 100, ""swing_strength"": 2, ""thr_mode"": 1, ""trail_dist_pts"": 50, ""trail_start_pts"": 500, ""trail_step_pts"": 10, ""trend"": 200, ""use_sl_pct"": false, ""use_volume"": true}",pending order expires after 3 bars,2021-09-01..2026-09-26,B,301,32.2,0.988,-0.0318,-0.0045,-9.56,-1.35,82.78,-0.04,-38.76,-1.36,30.56,1.337,negative,harmful,net -9.56 vs base 42.75; OOS 30.56 vs 44.55
V17-eurusd-039,2026-09-28,eurusd,4h,FINAL_H4,"{""atr_period"": 22, ""be_enable"": true, ""be_offset_pts"": 10, ""be_trigger_pts"": 200, ""confirm_bars"": 1, ""entry_buffer_pts"": 0, ""fast"": 18, ""gate"": null, ""ma_exit"": true, ""prot_start_mode"": 0, ""prot_start_pts"": 0, ""protection"": 4, ""swing_search"": 100, ""swing_strength"": 2, ""thr_mode"": 1, ""trail_dist_pts"": 50, ""trail_start_pts"": 500, ""trail_step_pts"": 10, ""trend"": 200, ""use_sl_pct"": false, ""use_volume"": true}",confirmation window 1 bar,2021-09-01..2026-09-26,B,387,30.0,0.936,-0.1472,-0.0398,-56.95,-15.41,123.79,-0.2,-103.53,24.16,22.42,1.186,negative,harmful,net -56.95 vs base 42.75; OOS 22.42 vs 44.55
V18-eurusd-040,2026-09-28,eurusd,4h,FINAL_H4,"{""atr_period"": 22, ""be_enable"": true, ""be_offset_pts"": 10, ""be_trigger_pts"": 200, ""confirm_bars"": 3, ""entry_buffer_pts"": 0, ""fast"": 18, ""gate"": null, ""ma_exit"": true, ""prot_start_mode"": 0, ""prot_start_pts"": 0, ""protection"": 4, ""swing_search"": 100, ""swing_strength"": 2, ""thr_mode"": 1, ""trail_dist_pts"": 50, ""trail_start_pts"": 500, ""trail_step_pts"": 10, ""trend"": 200, ""use_sl_pct"": false, ""use_volume"": true}",confirmation window 3 bars,2021-09-01..2026-09-26,B,239,35.1,1.155,0.3939,0.0513,94.15,12.26,76.39,0.38,-23.46,54.41,63.2,2.226,unstable,mixed,net 94.15 vs base 42.75; OOS 63.2 vs 44.55
V19-eurusd-041,2026-09-28,eurusd,4h,FINAL_H4,"{""atr_period"": 22, ""be_enable"": true, ""be_offset_pts"": 10, ""be_trigger_pts"": 200, ""entry_buffer_pts"": 0, ""fast"": 18, ""gate"": [""regime"", ""vol_low_normal""], ""ma_exit"": true, ""prot_start_mode"": 0, ""prot_start_pts"": 0, ""protection"": 4, ""swing_search"": 100, ""swing_strength"": 2, ""thr_mode"": 1, ""trail_dist_pts"": 50, ""trail_start_pts"": 500, ""trail_step_pts"": 10, ""trend"": 200, ""use_sl_pct"": false, ""use_volume"": true}",no high/extreme volatility days,2021-09-01..2026-09-26,B,210,34.8,1.077,0.1806,0.0459,37.93,9.65,74.88,0.17,-37.96,34.67,41.21,1.449,unstable,harmful,net 37.93 vs base 42.75; OOS 41.21 vs 44.55
V20-eurusd-042,2026-09-28,eurusd,4h,FINAL_H4,"{""atr_period"": 22, ""be_enable"": true, ""be_offset_pts"": 10, ""be_trigger_pts"": 200, ""entry_buffer_pts"": 0, ""fast"": 18, ""gate"": [""spread""], ""ma_exit"": true, ""prot_start_mode"": 0, ""prot_start_pts"": 0, ""protection"": 4, ""swing_search"": 100, ""swing_strength"": 2, ""thr_mode"": 1, ""trail_dist_pts"": 50, ""trail_start_pts"": 500, ""trail_step_pts"": 10, ""trend"": 200, ""use_sl_pct"": false, ""use_volume"": true}",max spread filter: no setup when spread > 2x model median,2021-09-01..2026-09-26,B,282,34.0,1.059,0.1516,0.0387,42.75,10.92,65.45,0.16,-16.44,14.64,44.55,1.486,unstable,mixed,net 42.75 vs base 42.75; OOS 44.55 vs 44.55
M09m-eurusd-043,2026-09-28,eurusd,4h,FINAL_H4,"{""atr_period"": 22, ""be_enable"": true, ""be_offset_pts"": 10, ""be_trigger_pts"": 200, ""entry_buffer_pts"": 0, ""fast"": 18, ""htf"": ""D1"", ""ma_exit"": true, ""mode"": ""ma"", ""prot_start_mode"": 0, ""prot_start_pts"": 0, ""protection"": 4, ""swing_search"": 100, ""swing_strength"": 2, ""thr_mode"": 1, ""trail_dist_pts"": 50, ""trail_start_pts"": 500, ""trail_step_pts"": 10, ""trend"": 200, ""use_sl_pct"": false, ""use_volume"": true}",HTF D1 gate (ma),2021-09-01..2026-09-26,B,150,32.0,0.962,-0.1112,-0.0045,-16.67,-0.68,73.3,-0.09,-34.9,7.17,11.06,1.155,negative,harmful,net -16.67 vs base 42.75
M09c-eurusd-044,2026-09-28,eurusd,4h,FINAL_H4,"{""atr_period"": 22, ""be_enable"": true, ""be_offset_pts"": 10, ""be_trigger_pts"": 200, ""entry_buffer_pts"": 0, ""fast"": 18, ""htf"": ""D1"", ""ma_exit"": true, ""mode"": ""close"", ""prot_start_mode"": 0, ""prot_start_pts"": 0, ""protection"": 4, ""swing_search"": 100, ""swing_strength"": 2, ""thr_mode"": 1, ""trail_dist_pts"": 50, ""trail_start_pts"": 500, ""trail_step_pts"": 10, ""trend"": 200, ""use_sl_pct"": false, ""use_volume"": true}",HTF D1 gate (close),2021-09-01..2026-09-26,B,129,34.1,1.141,0.394,0.0506,50.82,6.53,44.35,0.23,-6.11,52.33,4.61,1.073,unstable,mixed,net 50.82 vs base 42.75
V01-usdjpy-045,2026-09-28,usdjpy,2h,ASIS,"{""adx_min"": 25.0, ""be_enable"": true, ""be_offset_pts"": 10, ""be_trigger_pts"": 500, ""entry_buffer_pts"": 10, ""fast"": 18, ""gate"": null, ""ma_exit"": true, ""prot_start_mode"": 1, ""prot_start_pts"": 500, ""protection"": 1, ""swing_buffer_pts"": 50, ""swing_search"": 100, ""swing_strength"": 2, ""thr_mode"": 0, ""trend"": 200, ""use_adx"": true, ""use_sl_pct"": false, ""use_volume"": true}",ADX(14) >= 25 (EA filter),2021-09-01..2026-09-26,B,422,49.5,1.306,0.4629,0.0682,195.35,28.78,68.14,0.81,208.55,-1.02,-12.17,0.86,unstable,mixed,net 195.35 vs base 211.67; OOS -12.17 vs -21.46
V02-usdjpy-046,2026-09-28,usdjpy,2h,ASIS,"{""adx_min"": 20.0, ""be_enable"": true, ""be_offset_pts"": 10, ""be_trigger_pts"": 500, ""entry_buffer_pts"": 10, ""fast"": 18, ""gate"": null, ""ma_exit"": true, ""prot_start_mode"": 1, ""prot_start_pts"": 500, ""protection"": 1, ""swing_buffer_pts"": 50, ""swing_search"": 100, ""swing_strength"": 2, ""thr_mode"": 0, ""trend"": 200, ""use_adx"": true, ""use_sl_pct"": false, ""use_volume"": true}",ADX(14) >= 20,2021-09-01..2026-09-26,B,513,45.8,1.225,0.3479,0.0747,178.47,38.31,80.46,0.64,188.32,14.49,-24.34,0.793,unstable,harmful,net 178.47 vs base 211.67; OOS -24.34 vs -21.46
V03-usdjpy-047,2026-09-28,usdjpy,2h,ASIS,"{""be_enable"": true, ""be_offset_pts"": 10, ""be_trigger_pts"": 500, ""entry_buffer_pts"": 10, ""fast"": 18, ""gate"": null, ""ma_exit"": true, ""prot_start_mode"": 1, ""prot_start_pts"": 500, ""protection"": 1, ""swing_buffer_pts"": 50, ""swing_search"": 100, ""swing_strength"": 2, ""thr_mode"": 0, ""trend"": 200, ""use_sl_pct"": false, ""use_volume"": false}",no volume filter,2021-09-01..2026-09-26,B,581,45.1,1.243,0.3643,0.0773,211.67,44.91,75.97,0.71,230.67,2.46,-21.46,0.83,unstable,mixed,net 211.67 vs base 211.67; OOS -21.46 vs -21.46
V04-usdjpy-048,2026-09-28,usdjpy,2h,ASIS,"{""be_enable"": true, ""be_offset_pts"": 10, ""be_trigger_pts"": 500, ""entry_buffer_pts"": 10, ""fast"": 18, ""gate"": null, ""ma_exit"": true, ""prot_start_mode"": 1, ""prot_start_pts"": 500, ""protection"": 1, ""session_hours"": [8, 9, 10, 11, 12, 13, 14, 15, 16, 17, 18, 19, 20, 21], ""swing_buffer_pts"": 50, ""swing_search"": 100, ""swing_strength"": 2, ""thr_mode"": 0, ""trend"": 200, ""use_session"": true, ""use_sl_pct"": false, ""use_volume"": true}",entries 08:00-21:59 server (London + New York),2021-09-01..2026-09-26,B,522,45.4,1.291,0.4339,0.0773,226.49,40.36,70.84,0.76,247.59,-10.55,-10.54,0.9,unstable,mixed,net 226.49 vs base 211.67; OOS -10.54 vs -21.46
V05-usdjpy-049,2026-09-28,usdjpy,2h,ASIS,"{""be_enable"": true, ""be_offset_pts"": 10, ""be_trigger_pts"": 500, ""entry_buffer_pts"": 10, ""fast"": 18, ""gate"": null, ""ma_exit"": true, ""prot_start_mode"": 1, ""prot_start_pts"": 500, ""protection"": 1, ""session_hours"": [13, 14, 15, 16], ""swing_buffer_pts"": 50, ""swing_search"": 100, ""swing_strength"": 2, ""thr_mode"": 0, ""trend"": 200, ""use_session"": true, ""use_sl_pct"": false, ""use_volume"": true}",entries 13:00-16:59 server (London/NY overlap),2021-09-01..2026-09-26,B,364,48.6,1.302,0.4297,0.1014,156.39,36.9,88.35,0.65,187.66,-20.26,-11.01,0.838,unstable,mixed,net 156.39 vs base 211.67; OOS -11.01 vs -21.46
V06-usdjpy-050,2026-09-28,usdjpy,2h,ASIS,"{""be_enable"": true, ""be_offset_pts"": 10, ""be_trigger_pts"": 500, ""entry_buffer_pts"": 10, ""fast"": 18, ""gate"": null, ""ma_exit"": true, ""prot_start_mode"": 1, ""prot_start_pts"": 500, ""protection"": 1, ""session_hours"": [7, 8, 9, 10, 11, 12, 13, 14, 15, 16, 17, 18, 19, 20, 21, 22, 23], ""swing_buffer_pts"": 50, ""swing_search"": 100, ""swing_strength"": 2, ""thr_mode"": 0, ""trend"": 200, ""use_session"": true, ""use_sl_pct"": false, ""use_volume"": true}",no entries 00:00-06:59 server (Asia),2021-09-01..2026-09-26,B,541,44.7,1.253,0.3794,0.0646,205.26,34.92,75.19,0.69,223.03,-4.35,-13.42,0.88,unstable,mixed,net 205.26 vs base 211.67; OOS -13.42 vs -21.46
V07-usdjpy-051,2026-09-28,usdjpy,2h,ASIS,"{""be_enable"": true, ""be_offset_pts"": 10, ""be_trigger_pts"": 500, ""entry_buffer_pts"": 10, ""fast"": 18, ""gate"": [""mon_open""], ""ma_exit"": true, ""prot_start_mode"": 1, ""prot_start_pts"": 500, ""protection"": 1, ""swing_buffer_pts"": 50, ""swing_search"": 100, ""swing_strength"": 2, ""thr_mode"": 0, ""trend"": 200, ""use_sl_pct"": false, ""use_volume"": true}",no entries on Monday before 08:00 (weekend gap),2021-09-01..2026-09-26,B,579,44.6,1.223,0.3381,0.0627,195.78,36.33,81.26,0.68,217.3,8.79,-30.32,0.771,unstable,harmful,net 195.78 vs base 211.67; OOS -30.32 vs -21.46
V08-usdjpy-052,2026-09-28,usdjpy,2h,ASIS,"{""be_enable"": true, ""be_offset_pts"": 10, ""be_trigger_pts"": 500, ""entry_buffer_pts"": 10, ""fast"": 18, ""gate"": null, ""ma_exit"": true, ""prot_start_mode"": 1, ""prot_start_pts"": 500, ""protection"": 1, ""swing_buffer_pts"": 50, ""swing_search"": 100, ""swing_strength"": 2, ""thr_mode"": 0, ""trend"": 200, ""use_sl_pct"": false, ""use_vol_filter"": true, ""use_volume"": true, ""vol_filter_min"": 1.0}",ATR(22)/SMA100(ATR) >= 1.0,2021-09-01..2026-09-26,B,298,47.3,1.131,0.2183,0.0475,65.06,14.15,69.51,0.3,97.7,-20.83,-11.81,0.816,unstable,harmful,net 65.06 vs base 211.67; OOS -11.81 vs -21.46
V09-usdjpy-053,2026-09-28,usdjpy,2h,ASIS,"{""be_enable"": true, ""be_offset_pts"": 10, ""be_trigger_pts"": 500, ""entry_buffer_pts"": 10, ""fast"": 18, ""gate"": null, ""ma_exit"": true, ""prot_start_mode"": 1, ""prot_start_pts"": 500, ""protection"": 1, ""swing_buffer_pts"": 50, ""swing_search"": 100, ""swing_strength"": 2, ""thr_mode"": 0, ""trend"": 200, ""use_sl_pct"": false, ""use_vol_filter"": true, ""use_volume"": true, ""vol_filter_max"": 1.5, ""vol_filter_min"": 0.0}",ATR(22)/SMA100(ATR) <= 1.5,2021-09-01..2026-09-26,B,558,44.3,1.248,0.3756,0.0789,209.58,44.01,75.05,0.72,216.16,20.5,-27.08,0.778,unstable,harmful,net 209.58 vs base 211.67; OOS -27.08 vs -21.46
V10-usdjpy-054,2026-09-28,usdjpy,2h,ASIS,"{""be_enable"": true, ""be_offset_pts"": 10, ""be_trigger_pts"": 500, ""entry_buffer_pts"": 10, ""fast"": 18, ""gate"": null, ""ma_exit"": true, ""prot_start_mode"": 1, ""prot_start_pts"": 500, ""protection"": 1, ""slope_filter_bars"": 3, ""swing_buffer_pts"": 50, ""swing_search"": 100, ""swing_strength"": 2, ""thr_mode"": 0, ""trend"": 200, ""use_sl_pct"": false, ""use_volume"": true}",MA18 slope filter over 3 bars,2021-09-01..2026-09-26,B,517,46.6,1.197,0.3055,0.0613,157.94,31.68,90.31,0.54,207.15,-36.01,-13.2,0.871,unstable,mixed,net 157.94 vs base 211.67; OOS -13.2 vs -21.46
V11-usdjpy-055,2026-09-28,usdjpy,2h,ASIS,"{""be_enable"": true, ""be_offset_pts"": 10, ""be_trigger_pts"": 500, ""entry_buffer_pts"": 10, ""fast"": 18, ""gate"": null, ""ma_exit"": true, ""max_dist_atr"": 2.0, ""prot_start_mode"": 1, ""prot_start_pts"": 500, ""protection"": 1, ""swing_buffer_pts"": 50, ""swing_search"": 100, ""swing_strength"": 2, ""thr_mode"": 0, ""trend"": 200, ""use_sl_pct"": false, ""use_volume"": true}",no entry when |close - MA18| > 2 ATR,2021-09-01..2026-09-26,B,559,44.4,1.227,0.3363,0.0794,188.02,44.36,82.84,0.63,204.65,10.99,-27.63,0.79,unstable,harmful,net 188.02 vs base 211.67; OOS -27.63 vs -21.46
V12-usdjpy-056,2026-09-28,usdjpy,2h,ASIS,"{""be_enable"": true, ""be_offset_pts"": 10, ""be_trigger_pts"": 500, ""entry_buffer_pts"": 10, ""fast"": 18, ""gate"": [""regime"", ""no_sideways""], ""ma_exit"": true, ""prot_start_mode"": 1, ""prot_start_pts"": 500, ""protection"": 1, ""swing_buffer_pts"": 50, ""swing_search"": 100, ""swing_strength"": 2, ""thr_mode"": 0, ""trend"": 200, ""use_sl_pct"": false, ""use_volume"": true}",trend-regime gate: no sideways days,2021-09-01..2026-09-26,B,504,45.6,1.294,0.4414,0.1034,222.45,52.1,63.44,0.8,229.43,-6.53,-0.45,0.995,unstable,mixed,net 222.45 vs base 211.67; OOS -0.45 vs -21.46
V13-usdjpy-057,2026-09-28,usdjpy,2h,ASIS,"{""be_enable"": true, ""be_offset_pts"": 10, ""be_trigger_pts"": 500, ""entry_buffer_pts"": 10, ""fast"": 18, ""gate"": [""regime"", ""aligned""], ""ma_exit"": true, ""prot_start_mode"": 1, ""prot_start_pts"": 500, ""protection"": 1, ""swing_buffer_pts"": 50, ""swing_search"": 100, ""swing_strength"": 2, ""thr_mode"": 0, ""trend"": 200, ""use_sl_pct"": false, ""use_volume"": true}",regime-aligned direction,2021-09-01..2026-09-26,B,379,45.6,1.304,0.4275,0.1142,162.0,43.29,47.17,0.7,156.7,-3.22,8.53,1.109,unstable,harmful,net 162.0 vs base 211.67; OOS 8.53 vs -21.46
V14-usdjpy-058,2026-09-28,usdjpy,2h,ASIS,"{""be_enable"": true, ""be_offset_pts"": 10, ""be_trigger_pts"": 500, ""entry_buffer_pts"": 10, ""fast"": 18, ""gate"": [""dir"", 1], ""ma_exit"": true, ""prot_start_mode"": 1, ""prot_start_pts"": 500, ""protection"": 1, ""swing_buffer_pts"": 50, ""swing_search"": 100, ""swing_strength"": 2, ""thr_mode"": 0, ""trend"": 200, ""use_sl_pct"": false, ""use_volume"": true}",long only,2021-09-01..2026-09-26,B,387,45.2,1.355,0.469,0.1072,181.51,41.5,45.39,0.8,151.05,31.04,-0.57,0.994,unstable,mixed,net 181.51 vs base 211.67; OOS -0.57 vs -21.46
V15-usdjpy-059,2026-09-28,usdjpy,2h,ASIS,"{""be_enable"": true, ""be_offset_pts"": 10, ""be_trigger_pts"": 500, ""entry_buffer_pts"": 10, ""fast"": 18, ""gate"": [""dir"", -1], ""ma_exit"": true, ""prot_start_mode"": 1, ""prot_start_pts"": 500, ""protection"": 1, ""swing_buffer_pts"": 50, ""swing_search"": 100, ""swing_strength"": 2, ""thr_mode"": 0, ""trend"": 200, ""use_sl_pct"": false, ""use_volume"": true}",short only,2021-09-01..2026-09-26,B,194,44.8,1.084,0.1555,0.0176,30.16,3.41,71.67,0.16,79.62,-28.57,-20.89,0.45,unstable,harmful,net 30.16 vs base 211.67; OOS -20.89 vs -21.46
V16-usdjpy-060,2026-09-28,usdjpy,2h,ASIS,"{""be_enable"": true, ""be_offset_pts"": 10, ""be_trigger_pts"": 500, ""entry_buffer_pts"": 10, ""fast"": 18, ""gate"": null, ""ma_exit"": true, ""pending_max_bars"": 3, ""prot_start_mode"": 1, ""prot_start_pts"": 500, ""protection"": 1, ""swing_buffer_pts"": 50, ""swing_search"": 100, ""swing_strength"": 2, ""thr_mode"": 0, ""trend"": 200, ""use_sl_pct"": false, ""use_volume"": true}",pending order expires after 3 bars,2021-09-01..2026-09-26,B,596,45.1,1.294,0.4172,0.0825,248.65,49.16,72.11,0.84,265.62,2.05,-19.02,0.847,unstable,mixed,net 248.65 vs base 211.67; OOS -19.02 vs -21.46
V17-usdjpy-061,2026-09-28,usdjpy,2h,ASIS,"{""be_enable"": true, ""be_offset_pts"": 10, ""be_trigger_pts"": 500, ""confirm_bars"": 1, ""entry_buffer_pts"": 10, ""fast"": 18, ""gate"": null, ""ma_exit"": true, ""prot_start_mode"": 1, ""prot_start_pts"": 500, ""protection"": 1, ""swing_buffer_pts"": 50, ""swing_search"": 100, ""swing_strength"": 2, ""thr_mode"": 0, ""trend"": 200, ""use_sl_pct"": false, ""use_volume"": true}",confirmation window 1 bar,2021-09-01..2026-09-26,B,771,38.9,1.177,0.2491,0.0705,192.09,54.33,132.61,0.64,243.25,6.24,-57.41,0.678,unstable,harmful,net 192.09 vs base 211.67; OOS -57.41 vs -21.46
V18-usdjpy-062,2026-09-28,usdjpy,2h,ASIS,"{""be_enable"": true, ""be_offset_pts"": 10, ""be_trigger_pts"": 500, ""confirm_bars"": 3, ""entry_buffer_pts"": 10, ""fast"": 18, ""gate"": null, ""ma_exit"": true, ""prot_start_mode"": 1, ""prot_start_pts"": 500, ""protection"": 1, ""swing_buffer_pts"": 50, ""swing_search"": 100, ""swing_strength"": 2, ""thr_mode"": 0, ""trend"": 200, ""use_sl_pct"": false, ""use_volume"": true}",confirmation window 3 bars,2021-09-01..2026-09-26,B,528,44.5,1.128,0.2077,0.0396,109.65,20.92,133.15,0.38,193.11,-28.2,-55.26,0.605,unstable,harmful,net 109.65 vs base 211.67; OOS -55.26 vs -21.46
V19-usdjpy-063,2026-09-28,usdjpy,2h,ASIS,"{""be_enable"": true, ""be_offset_pts"": 10, ""be_trigger_pts"": 500, ""entry_buffer_pts"": 10, ""fast"": 18, ""gate"": [""regime"", ""vol_low_normal""], ""ma_exit"": true, ""prot_start_mode"": 1, ""prot_start_pts"": 500, ""protection"": 1, ""swing_buffer_pts"": 50, ""swing_search"": 100, ""swing_strength"": 2, ""thr_mode"": 0, ""trend"": 200, ""use_sl_pct"": false, ""use_volume"": true}",no high/extreme volatility days,2021-09-01..2026-09-26,B,348,43.7,1.501,0.6556,0.148,228.16,51.51,46.06,1.03,237.07,-6.52,-2.39,0.975,unstable,mixed,net 228.16 vs base 211.67; OOS -2.39 vs -21.46
V20-usdjpy-064,2026-09-28,usdjpy,2h,ASIS,"{""be_enable"": true, ""be_offset_pts"": 10, ""be_trigger_pts"": 500, ""entry_buffer_pts"": 10, ""fast"": 18, ""gate"": [""spread""], ""ma_exit"": true, ""prot_start_mode"": 1, ""prot_start_pts"": 500, ""protection"": 1, ""swing_buffer_pts"": 50, ""swing_search"": 100, ""swing_strength"": 2, ""thr_mode"": 0, ""trend"": 200, ""use_sl_pct"": false, ""use_volume"": true}",max spread filter: no setup when spread > 2x model median,2021-09-01..2026-09-26,B,580,45.2,1.243,0.3654,0.0785,211.92,45.54,75.72,0.71,230.67,2.46,-21.21,0.831,unstable,mixed,net 211.92 vs base 211.67; OOS -21.21 vs -21.46
V01-usdjpy-065,2026-09-28,usdjpy,1h,ASIS,"{""adx_min"": 25.0, ""be_enable"": true, ""be_offset_pts"": 10, ""be_trigger_pts"": 500, ""entry_buffer_pts"": 10, ""fast"": 18, ""gate"": null, ""ma_exit"": true, ""prot_start_mode"": 1, ""prot_start_pts"": 500, ""protection"": 1, ""swing_buffer_pts"": 50, ""swing_search"": 100, ""swing_strength"": 2, ""thr_mode"": 0, ""trend"": 200, ""use_adx"": true, ""use_sl_pct"": false, ""use_volume"": true}",ADX(14) >= 25 (EA filter),2021-09-01..2026-09-26,B,724,38.3,1.147,0.1951,0.0867,141.25,62.78,64.31,0.55,120.49,45.38,-24.61,0.823,unstable,mixed,net 141.25 vs base 115.84; OOS -24.61 vs -45.8
V02-usdjpy-066,2026-09-28,usdjpy,1h,ASIS,"{""adx_min"": 20.0, ""be_enable"": true, ""be_offset_pts"": 10, ""be_trigger_pts"": 500, ""entry_buffer_pts"": 10, ""fast"": 18, ""gate"": null, ""ma_exit"": true, ""prot_start_mode"": 1, ""prot_start_pts"": 500, ""protection"": 1, ""swing_buffer_pts"": 50, ""swing_search"": 100, ""swing_strength"": 2, ""thr_mode"": 0, ""trend"": 200, ""use_adx"": true, ""use_sl_pct"": false, ""use_volume"": true}",ADX(14) >= 20,2021-09-01..2026-09-26,B,941,35.1,1.072,0.0933,0.0306,87.8,28.84,109.96,0.32,113.07,26.68,-51.95,0.743,unstable,harmful,net 87.8 vs base 115.84; OOS -51.95 vs -45.8
V03-usdjpy-067,2026-09-28,usdjpy,1h,ASIS,"{""be_enable"": true, ""be_offset_pts"": 10, ""be_trigger_pts"": 500, ""entry_buffer_pts"": 10, ""fast"": 18, ""gate"": null, ""ma_exit"": true, ""prot_start_mode"": 1, ""prot_start_pts"": 500, ""protection"": 1, ""swing_buffer_pts"": 50, ""swing_search"": 100, ""swing_strength"": 2, ""thr_mode"": 0, ""trend"": 200, ""use_sl_pct"": false, ""use_volume"": false}",no volume filter,2021-09-01..2026-09-26,B,1069,34.1,1.088,0.1084,0.0564,115.84,60.31,104.49,0.42,99.36,62.28,-45.8,0.794,unstable,mixed,net 115.84 vs base 115.84; OOS -45.8 vs -45.8
V04-usdjpy-068,2026-09-28,usdjpy,1h,ASIS,"{""be_enable"": true, ""be_offset_pts"": 10, ""be_trigger_pts"": 500, ""entry_buffer_pts"": 10, ""fast"": 18, ""gate"": null, ""ma_exit"": true, ""prot_start_mode"": 1, ""prot_start_pts"": 500, ""protection"": 1, ""session_hours"": [8, 9, 10, 11, 12, 13, 14, 15, 16, 17, 18, 19, 20, 21], ""swing_buffer_pts"": 50, ""swing_search"": 100, ""swing_strength"": 2, ""thr_mode"": 0, ""trend"": 200, ""use_session"": true, ""use_sl_pct"": false, ""use_volume"": true}",entries 08:00-21:59 server (London + New York),2021-09-01..2026-09-26,B,903,36.4,1.118,0.1492,0.0683,134.72,61.68,87.6,0.5,114.4,60.17,-39.85,0.783,unstable,mixed,net 134.72 vs base 115.84; OOS -39.85 vs -45.8
V05-usdjpy-069,2026-09-28,usdjpy,1h,ASIS,"{""be_enable"": true, ""be_offset_pts"": 10, ""be_trigger_pts"": 500, ""entry_buffer_pts"": 10, ""fast"": 18, ""gate"": null, ""ma_exit"": true, ""prot_start_mode"": 1, ""prot_start_pts"": 500, ""protection"": 1, ""session_hours"": [13, 14, 15, 16], ""swing_buffer_pts"": 50, ""swing_search"": 100, ""swing_strength"": 2, ""thr_mode"": 0, ""trend"": 200, ""use_session"": true, ""use_sl_pct"": false, ""use_volume"": true}",entries 13:00-16:59 server (London/NY overlap),2021-09-01..2026-09-26,B,512,39.8,1.061,0.0748,0.0388,38.28,19.89,72.47,0.21,60.34,5.8,-27.86,0.7,unstable,harmful,net 38.28 vs base 115.84; OOS -27.86 vs -45.8
V06-usdjpy-070,2026-09-28,usdjpy,1h,ASIS,"{""be_enable"": true, ""be_offset_pts"": 10, ""be_trigger_pts"": 500, ""entry_buffer_pts"": 10, ""fast"": 18, ""gate"": null, ""ma_exit"": true, ""prot_start_mode"": 1, ""prot_start_pts"": 500, ""protection"": 1, ""session_hours"": [7, 8, 9, 10, 11, 12, 13, 14, 15, 16, 17, 18, 19, 20, 21, 22, 23], ""swing_buffer_pts"": 50, ""swing_search"": 100, ""swing_strength"": 2, ""thr_mode"": 0, ""trend"": 200, ""use_session"": true, ""use_sl_pct"": false, ""use_volume"": true}",no entries 00:00-06:59 server (Asia),2021-09-01..2026-09-26,B,965,35.6,1.131,0.1615,0.0861,155.87,83.1,88.76,0.57,145.33,55.53,-44.99,0.782,unstable,harmful,net 155.87 vs base 115.84; OOS -44.99 vs -45.8
V07-usdjpy-071,2026-09-28,usdjpy,1h,ASIS,"{""be_enable"": true, ""be_offset_pts"": 10, ""be_trigger_pts"": 500, ""entry_buffer_pts"": 10, ""fast"": 18, ""gate"": [""mon_open""], ""ma_exit"": true, ""prot_start_mode"": 1, ""prot_start_pts"": 500, ""protection"": 1, ""swing_buffer_pts"": 50, ""swing_search"": 100, ""swing_strength"": 2, ""thr_mode"": 0, ""trend"": 200, ""use_sl_pct"": false, ""use_volume"": true}",no entries on Monday before 08:00 (weekend gap),2021-09-01..2026-09-26,B,1040,34.3,1.107,0.1326,0.0674,137.9,70.13,112.83,0.49,99.93,73.59,-35.61,0.829,unstable,helpful,net 137.9 vs base 115.84; OOS -35.61 vs -45.8
V08-usdjpy-072,2026-09-28,usdjpy,1h,ASIS,"{""be_enable"": true, ""be_offset_pts"": 10, ""be_trigger_pts"": 500, ""entry_buffer_pts"": 10, ""fast"": 18, ""gate"": null, ""ma_exit"": true, ""prot_start_mode"": 1, ""prot_start_pts"": 500, ""protection"": 1, ""swing_buffer_pts"": 50, ""swing_search"": 100, ""swing_strength"": 2, ""thr_mode"": 0, ""trend"": 200, ""use_sl_pct"": false, ""use_vol_filter"": true, ""use_volume"": true, ""vol_filter_min"": 1.0}",ATR(22)/SMA100(ATR) >= 1.0,2021-09-01..2026-09-26,B,589,35.8,1.075,0.1011,-0.0114,59.53,-6.74,95.47,0.27,81.57,8.56,-30.6,0.776,unstable,harmful,net 59.53 vs base 115.84; OOS -30.6 vs -45.8
V09-usdjpy-073,2026-09-28,usdjpy,1h,ASIS,"{""be_enable"": true, ""be_offset_pts"": 10, ""be_trigger_pts"": 500, ""entry_buffer_pts"": 10, ""fast"": 18, ""gate"": null, ""ma_exit"": true, ""prot_start_mode"": 1, ""prot_start_pts"": 500, ""protection"": 1, ""swing_buffer_pts"": 50, ""swing_search"": 100, ""swing_strength"": 2, ""thr_mode"": 0, ""trend"": 200, ""use_sl_pct"": false, ""use_vol_filter"": true, ""use_volume"": true, ""vol_filter_max"": 1.5, ""vol_filter_min"": 0.0}",ATR(22)/SMA100(ATR) <= 1.5,2021-09-01..2026-09-26,B,1039,33.2,1.078,0.0954,0.0552,99.07,57.37,110.48,0.35,101.76,69.0,-71.69,0.675,unstable,mixed,net 99.07 vs base 115.84; OOS -71.69 vs -45.8
V10-usdjpy-074,2026-09-28,usdjpy,1h,ASIS,"{""be_enable"": true, ""be_offset_pts"": 10, ""be_trigger_pts"": 500, ""entry_buffer_pts"": 10, ""fast"": 18, ""gate"": null, ""ma_exit"": true, ""prot_start_mode"": 1, ""prot_start_pts"": 500, ""protection"": 1, ""slope_filter_bars"": 3, ""swing_buffer_pts"": 50, ""swing_search"": 100, ""swing_strength"": 2, ""thr_mode"": 0, ""trend"": 200, ""use_sl_pct"": false, ""use_volume"": true}",MA18 slope filter over 3 bars,2021-09-01..2026-09-26,B,954,35.1,1.12,0.1509,0.0661,143.91,63.07,86.59,0.5,114.9,58.42,-29.4,0.852,unstable,helpful,net 143.91 vs base 115.84; OOS -29.4 vs -45.8
V11-usdjpy-075,2026-09-28,usdjpy,1h,ASIS,"{""be_enable"": true, ""be_offset_pts"": 10, ""be_trigger_pts"": 500, ""entry_buffer_pts"": 10, ""fast"": 18, ""gate"": null, ""ma_exit"": true, ""max_dist_atr"": 2.0, ""prot_start_mode"": 1, ""prot_start_pts"": 500, ""protection"": 1, ""swing_buffer_pts"": 50, ""swing_search"": 100, ""swing_strength"": 2, ""thr_mode"": 0, ""trend"": 200, ""use_sl_pct"": false, ""use_volume"": true}",no entry when |close - MA18| > 2 ATR,2021-09-01..2026-09-26,B,1016,33.4,1.076,0.093,0.0279,94.44,28.36,126.79,0.34,103.8,51.77,-61.12,0.72,unstable,harmful,net 94.44 vs base 115.84; OOS -61.12 vs -45.8
V12-usdjpy-076,2026-09-28,usdjpy,1h,ASIS,"{""be_enable"": true, ""be_offset_pts"": 10, ""be_trigger_pts"": 500, ""entry_buffer_pts"": 10, ""fast"": 18, ""gate"": [""regime"", ""no_sideways""], ""ma_exit"": true, ""prot_start_mode"": 1, ""prot_start_pts"": 500, ""protection"": 1, ""swing_buffer_pts"": 50, ""swing_search"": 100, ""swing_strength"": 2, ""thr_mode"": 0, ""trend"": 200, ""use_sl_pct"": false, ""use_volume"": true}",trend-regime gate: no sideways days,2021-09-01..2026-09-26,B,919,34.9,1.107,0.1313,0.0742,120.69,68.2,81.77,0.49,69.53,95.4,-44.25,0.731,unstable,harmful,net 120.69 vs base 115.84; OOS -44.25 vs -45.8
V13-usdjpy-077,2026-09-28,usdjpy,1h,ASIS,"{""be_enable"": true, ""be_offset_pts"": 10, ""be_trigger_pts"": 500, ""entry_buffer_pts"": 10, ""fast"": 18, ""gate"": [""regime"", ""aligned""], ""ma_exit"": true, ""prot_start_mode"": 1, ""prot_start_pts"": 500, ""protection"": 1, ""swing_buffer_pts"": 50, ""swing_search"": 100, ""swing_strength"": 2, ""thr_mode"": 0, ""trend"": 200, ""use_sl_pct"": false, ""use_volume"": true}",regime-aligned direction,2021-09-01..2026-09-26,B,612,35.3,1.144,0.1643,0.0878,100.57,53.74,63.32,0.5,90.15,35.41,-24.99,0.778,unstable,mixed,net 100.57 vs base 115.84; OOS -24.99 vs -45.8
V14-usdjpy-078,2026-09-28,usdjpy,1h,ASIS,"{""be_enable"": true, ""be_offset_pts"": 10, ""be_trigger_pts"": 500, ""entry_buffer_pts"": 10, ""fast"": 18, ""gate"": [""dir"", 1], ""ma_exit"": true, ""prot_start_mode"": 1, ""prot_start_pts"": 500, ""protection"": 1, ""swing_buffer_pts"": 50, ""swing_search"": 100, ""swing_strength"": 2, ""thr_mode"": 0, ""trend"": 200, ""use_sl_pct"": false, ""use_volume"": true}",long only,2021-09-01..2026-09-26,B,665,34.4,1.191,0.208,0.0998,138.32,66.34,58.42,0.61,110.76,66.56,-39.0,0.739,unstable,mixed,net 138.32 vs base 115.84; OOS -39.0 vs -45.8
V15-usdjpy-079,2026-09-28,usdjpy,1h,ASIS,"{""be_enable"": true, ""be_offset_pts"": 10, ""be_trigger_pts"": 500, ""entry_buffer_pts"": 10, ""fast"": 18, ""gate"": [""dir"", -1], ""ma_exit"": true, ""prot_start_mode"": 1, ""prot_start_pts"": 500, ""protection"": 1, ""swing_buffer_pts"": 50, ""swing_search"": 100, ""swing_strength"": 2, ""thr_mode"": 0, ""trend"": 200, ""use_sl_pct"": false, ""use_volume"": true}",short only,2021-09-01..2026-09-26,B,404,33.7,0.962,-0.0556,-0.0149,-22.48,-6.03,104.2,-0.13,-11.4,-4.28,-6.79,0.907,negative,harmful,net -22.48 vs base 115.84; OOS -6.79 vs -45.8
V16-usdjpy-080,2026-09-28,usdjpy,1h,ASIS,"{""be_enable"": true, ""be_offset_pts"": 10, ""be_trigger_pts"": 500, ""entry_buffer_pts"": 10, ""fast"": 18, ""gate"": null, ""ma_exit"": true, ""pending_max_bars"": 3, ""prot_start_mode"": 1, ""prot_start_pts"": 500, ""protection"": 1, ""swing_buffer_pts"": 50, ""swing_search"": 100, ""swing_strength"": 2, ""thr_mode"": 0, ""trend"": 200, ""use_sl_pct"": false, ""use_volume"": true}",pending order expires after 3 bars,2021-09-01..2026-09-26,B,1102,33.8,1.07,0.086,0.0585,94.72,64.43,117.22,0.34,80.73,62.18,-48.19,0.789,unstable,harmful,net 94.72 vs base 115.84; OOS -48.19 vs -45.8
V17-usdjpy-081,2026-09-28,usdjpy,1h,ASIS,"{""be_enable"": true, ""be_offset_pts"": 10, ""be_trigger_pts"": 500, ""confirm_bars"": 1, ""entry_buffer_pts"": 10, ""fast"": 18, ""gate"": null, ""ma_exit"": true, ""prot_start_mode"": 1, ""prot_start_pts"": 500, ""protection"": 1, ""swing_buffer_pts"": 50, ""swing_search"": 100, ""swing_strength"": 2, ""thr_mode"": 0, ""trend"": 200, ""use_sl_pct"": false, ""use_volume"": true}",confirmation window 1 bar,2021-09-01..2026-09-26,B,1490,29.9,1.053,0.0581,0.0364,86.56,54.29,142.2,0.3,108.38,65.81,-87.63,0.694,unstable,harmful,net 86.56 vs base 115.84; OOS -87.63 vs -45.8
V18-usdjpy-082,2026-09-28,usdjpy,1h,ASIS,"{""be_enable"": true, ""be_offset_pts"": 10, ""be_trigger_pts"": 500, ""confirm_bars"": 3, ""entry_buffer_pts"": 10, ""fast"": 18, ""gate"": null, ""ma_exit"": true, ""prot_start_mode"": 1, ""prot_start_pts"": 500, ""protection"": 1, ""swing_buffer_pts"": 50, ""swing_search"": 100, ""swing_strength"": 2, ""thr_mode"": 0, ""trend"": 200, ""use_sl_pct"": false, ""use_volume"": true}",confirmation window 3 bars,2021-09-01..2026-09-26,B,933,36.0,1.111,0.1368,0.0335,127.64,31.26,117.11,0.44,135.58,33.7,-41.64,0.784,unstable,harmful,net 127.64 vs base 115.84; OOS -41.64 vs -45.8
V19-usdjpy-083,2026-09-28,usdjpy,1h,ASIS,"{""be_enable"": true, ""be_offset_pts"": 10, ""be_trigger_pts"": 500, ""entry_buffer_pts"": 10, ""fast"": 18, ""gate"": [""regime"", ""vol_low_normal""], ""ma_exit"": true, ""prot_start_mode"": 1, ""prot_start_pts"": 500, ""protection"": 1, ""swing_buffer_pts"": 50, ""swing_search"": 100, ""swing_strength"": 2, ""thr_mode"": 0, ""trend"": 200, ""use_sl_pct"": false, ""use_volume"": true}",no high/extreme volatility days,2021-09-01..2026-09-26,B,647,33.2,1.2,0.2225,0.0986,143.96,63.81,51.14,0.67,151.6,13.19,-20.83,0.872,unstable,mixed,net 143.96 vs base 115.84; OOS -20.83 vs -45.8
V20-usdjpy-084,2026-09-28,usdjpy,1h,ASIS,"{""be_enable"": true, ""be_offset_pts"": 10, ""be_trigger_pts"": 500, ""entry_buffer_pts"": 10, ""fast"": 18, ""gate"": [""spread""], ""ma_exit"": true, ""prot_start_mode"": 1, ""prot_start_pts"": 500, ""protection"": 1, ""swing_buffer_pts"": 50, ""swing_search"": 100, ""swing_strength"": 2, ""thr_mode"": 0, ""trend"": 200, ""use_sl_pct"": false, ""use_volume"": true}",max spread filter: no setup when spread > 2x model median,2021-09-01..2026-09-26,B,1069,34.1,1.088,0.1086,0.0565,116.07,60.35,104.49,0.42,99.36,62.28,-45.57,0.795,unstable,mixed,net 116.07 vs base 115.84; OOS -45.57 vs -45.8
V01-usdjpy-085,2026-09-28,usdjpy,4h,ASIS,"{""adx_min"": 25.0, ""be_enable"": true, ""be_offset_pts"": 10, ""be_trigger_pts"": 500, ""entry_buffer_pts"": 10, ""fast"": 18, ""gate"": null, ""ma_exit"": true, ""prot_start_mode"": 1, ""prot_start_pts"": 500, ""protection"": 1, ""swing_buffer_pts"": 50, ""swing_search"": 100, ""swing_strength"": 2, ""thr_mode"": 0, ""trend"": 200, ""use_adx"": true, ""use_sl_pct"": false, ""use_volume"": true}",ADX(14) >= 25 (EA filter),2021-09-01..2026-09-26,B,200,53.0,1.424,0.8444,0.1093,168.87,21.86,96.95,0.7,235.81,-52.01,-14.92,0.793,unstable,mixed,net 168.87 vs base 96.35; OOS -14.92 vs 11.75
V02-usdjpy-086,2026-09-28,usdjpy,4h,ASIS,"{""adx_min"": 20.0, ""be_enable"": true, ""be_offset_pts"": 10, ""be_trigger_pts"": 500, ""entry_buffer_pts"": 10, ""fast"": 18, ""gate"": null, ""ma_exit"": true, ""prot_start_mode"": 1, ""prot_start_pts"": 500, ""protection"": 1, ""swing_buffer_pts"": 50, ""swing_search"": 100, ""swing_strength"": 2, ""thr_mode"": 0, ""trend"": 200, ""use_adx"": true, ""use_sl_pct"": false, ""use_volume"": true}",ADX(14) >= 20,2021-09-01..2026-09-26,B,264,49.6,1.219,0.464,0.1017,122.49,26.84,104.97,0.42,193.12,-65.04,-5.6,0.931,unstable,mixed,net 122.49 vs base 96.35; OOS -5.6 vs 11.75
V03-usdjpy-087,2026-09-28,usdjpy,4h,ASIS,"{""be_enable"": true, ""be_offset_pts"": 10, ""be_trigger_pts"": 500, ""entry_buffer_pts"": 10, ""fast"": 18, ""gate"": null, ""ma_exit"": true, ""prot_start_mode"": 1, ""prot_start_pts"": 500, ""protection"": 1, ""swing_buffer_pts"": 50, ""swing_search"": 100, ""swing_strength"": 2, ""thr_mode"": 0, ""trend"": 200, ""use_sl_pct"": false, ""use_volume"": false}",no volume filter,2021-09-01..2026-09-26,B,300,49.7,1.154,0.3212,0.0451,96.35,13.54,119.13,0.32,188.81,-104.22,11.75,1.159,unstable,mixed,net 96.35 vs base 96.35; OOS 11.75 vs 11.75
V04-usdjpy-088,2026-09-28,usdjpy,4h,ASIS,"{""be_enable"": true, ""be_offset_pts"": 10, ""be_trigger_pts"": 500, ""entry_buffer_pts"": 10, ""fast"": 18, ""gate"": null, ""ma_exit"": true, ""prot_start_mode"": 1, ""prot_start_pts"": 500, ""protection"": 1, ""session_hours"": [8, 9, 10, 11, 12, 13, 14, 15, 16, 17, 18, 19, 20, 21], ""swing_buffer_pts"": 50, ""swing_search"": 100, ""swing_strength"": 2, ""thr_mode"": 0, ""trend"": 200, ""use_session"": true, ""use_sl_pct"": false, ""use_volume"": true}",entries 08:00-21:59 server (London + New York),2021-09-01..2026-09-26,B,270,50.7,1.232,0.4772,0.0651,128.85,17.59,75.84,0.45,171.72,-51.1,8.23,1.107,unstable,mixed,net 128.85 vs base 96.35; OOS 8.23 vs 11.75
V05-usdjpy-089,2026-09-28,usdjpy,4h,ASIS,"{""be_enable"": true, ""be_offset_pts"": 10, ""be_trigger_pts"": 500, ""entry_buffer_pts"": 10, ""fast"": 18, ""gate"": null, ""ma_exit"": true, ""prot_start_mode"": 1, ""prot_start_pts"": 500, ""protection"": 1, ""session_hours"": [13, 14, 15, 16], ""swing_buffer_pts"": 50, ""swing_search"": 100, ""swing_strength"": 2, ""thr_mode"": 0, ""trend"": 200, ""use_session"": true, ""use_sl_pct"": false, ""use_volume"": true}",entries 13:00-16:59 server (London/NY overlap),2021-09-01..2026-09-26,B,196,50.5,1.343,0.5972,0.0667,117.05,13.06,70.59,0.48,153.63,-13.02,-23.56,0.65,unstable,mixed,net 117.05 vs base 96.35; OOS -23.56 vs 11.75
V06-usdjpy-090,2026-09-28,usdjpy,4h,ASIS,"{""be_enable"": true, ""be_offset_pts"": 10, ""be_trigger_pts"": 500, ""entry_buffer_pts"": 10, ""fast"": 18, ""gate"": null, ""ma_exit"": true, ""prot_start_mode"": 1, ""prot_start_pts"": 500, ""protection"": 1, ""session_hours"": [7, 8, 9, 10, 11, 12, 13, 14, 15, 16, 17, 18, 19, 20, 21, 22, 23], ""swing_buffer_pts"": 50, ""swing_search"": 100, ""swing_strength"": 2, ""thr_mode"": 0, ""trend"": 200, ""use_session"": true, ""use_sl_pct"": false, ""use_volume"": true}",no entries 00:00-06:59 server (Asia),2021-09-01..2026-09-26,B,270,50.7,1.232,0.4772,0.0651,128.85,17.59,75.84,0.45,171.72,-51.1,8.23,1.107,unstable,mixed,net 128.85 vs base 96.35; OOS 8.23 vs 11.75
V07-usdjpy-091,2026-09-28,usdjpy,4h,ASIS,"{""be_enable"": true, ""be_offset_pts"": 10, ""be_trigger_pts"": 500, ""entry_buffer_pts"": 10, ""fast"": 18, ""gate"": [""mon_open""], ""ma_exit"": true, ""prot_start_mode"": 1, ""prot_start_pts"": 500, ""protection"": 1, ""swing_buffer_pts"": 50, ""swing_search"": 100, ""swing_strength"": 2, ""thr_mode"": 0, ""trend"": 200, ""use_sl_pct"": false, ""use_volume"": true}",no entries on Monday before 08:00 (weekend gap),2021-09-01..2026-09-26,B,300,49.3,1.135,0.2797,0.0295,83.92,8.85,111.03,0.29,174.37,-96.12,5.67,1.074,unstable,harmful,net 83.92 vs base 96.35; OOS 5.67 vs 11.75
V08-usdjpy-092,2026-09-28,usdjpy,4h,ASIS,"{""be_enable"": true, ""be_offset_pts"": 10, ""be_trigger_pts"": 500, ""entry_buffer_pts"": 10, ""fast"": 18, ""gate"": null, ""ma_exit"": true, ""prot_start_mode"": 1, ""prot_start_pts"": 500, ""protection"": 1, ""swing_buffer_pts"": 50, ""swing_search"": 100, ""swing_strength"": 2, ""thr_mode"": 0, ""trend"": 200, ""use_sl_pct"": false, ""use_vol_filter"": true, ""use_volume"": true, ""vol_filter_min"": 1.0}",ATR(22)/SMA100(ATR) >= 1.0,2021-09-01..2026-09-26,B,157,49.0,0.978,-0.0474,-0.0307,-7.45,-4.82,97.06,-0.04,81.01,-82.48,-5.98,0.865,negative,harmful,net -7.45 vs base 96.35; OOS -5.98 vs 11.75
V09-usdjpy-093,2026-09-28,usdjpy,4h,ASIS,"{""be_enable"": true, ""be_offset_pts"": 10, ""be_trigger_pts"": 500, ""entry_buffer_pts"": 10, ""fast"": 18, ""gate"": null, ""ma_exit"": true, ""prot_start_mode"": 1, ""prot_start_pts"": 500, ""protection"": 1, ""swing_buffer_pts"": 50, ""swing_search"": 100, ""swing_strength"": 2, ""thr_mode"": 0, ""trend"": 200, ""use_sl_pct"": false, ""use_vol_filter"": true, ""use_volume"": true, ""vol_filter_max"": 1.5, ""vol_filter_min"": 0.0}",ATR(22)/SMA100(ATR) <= 1.5,2021-09-01..2026-09-26,B,284,48.2,1.179,0.3774,0.053,107.17,15.04,113.14,0.36,197.87,-98.23,7.53,1.109,unstable,harmful,net 107.17 vs base 96.35; OOS 7.53 vs 11.75
V10-usdjpy-094,2026-09-28,usdjpy,4h,ASIS,"{""be_enable"": true, ""be_offset_pts"": 10, ""be_trigger_pts"": 500, ""entry_buffer_pts"": 10, ""fast"": 18, ""gate"": null, ""ma_exit"": true, ""prot_start_mode"": 1, ""prot_start_pts"": 500, ""protection"": 1, ""slope_filter_bars"": 3, ""swing_buffer_pts"": 50, ""swing_search"": 100, ""swing_strength"": 2, ""thr_mode"": 0, ""trend"": 200, ""use_sl_pct"": false, ""use_volume"": true}",MA18 slope filter over 3 bars,2021-09-01..2026-09-26,B,262,51.1,1.044,0.0925,-0.0105,24.24,-2.76,79.51,0.1,77.78,-58.83,5.29,1.087,unstable,harmful,net 24.24 vs base 96.35; OOS 5.29 vs 11.75
V11-usdjpy-095,2026-09-28,usdjpy,4h,ASIS,"{""be_enable"": true, ""be_offset_pts"": 10, ""be_trigger_pts"": 500, ""entry_buffer_pts"": 10, ""fast"": 18, ""gate"": null, ""ma_exit"": true, ""max_dist_atr"": 2.0, ""prot_start_mode"": 1, ""prot_start_pts"": 500, ""protection"": 1, ""swing_buffer_pts"": 50, ""swing_search"": 100, ""swing_strength"": 2, ""thr_mode"": 0, ""trend"": 200, ""use_sl_pct"": false, ""use_volume"": true}",no entry when |close - MA18| > 2 ATR,2021-09-01..2026-09-26,B,272,50.4,1.23,0.4705,0.0602,127.99,16.36,125.6,0.44,231.01,-107.72,4.7,1.079,unstable,harmful,net 127.99 vs base 96.35; OOS 4.7 vs 11.75
V12-usdjpy-096,2026-09-28,usdjpy,4h,ASIS,"{""be_enable"": true, ""be_offset_pts"": 10, ""be_trigger_pts"": 500, ""entry_buffer_pts"": 10, ""fast"": 18, ""gate"": [""regime"", ""no_sideways""], ""ma_exit"": true, ""prot_start_mode"": 1, ""prot_start_pts"": 500, ""protection"": 1, ""swing_buffer_pts"": 50, ""swing_search"": 100, ""swing_strength"": 2, ""thr_mode"": 0, ""trend"": 200, ""use_sl_pct"": false, ""use_volume"": true}",trend-regime gate: no sideways days,2021-09-01..2026-09-26,B,261,51.0,1.183,0.38,0.0567,99.18,14.81,93.08,0.38,161.61,-78.17,15.74,1.31,unstable,mixed,net 99.18 vs base 96.35; OOS 15.74 vs 11.75
V13-usdjpy-097,2026-09-28,usdjpy,4h,ASIS,"{""be_enable"": true, ""be_offset_pts"": 10, ""be_trigger_pts"": 500, ""entry_buffer_pts"": 10, ""fast"": 18, ""gate"": [""regime"", ""aligned""], ""ma_exit"": true, ""prot_start_mode"": 1, ""prot_start_pts"": 500, ""protection"": 1, ""swing_buffer_pts"": 50, ""swing_search"": 100, ""swing_strength"": 2, ""thr_mode"": 0, ""trend"": 200, ""use_sl_pct"": false, ""use_volume"": true}",regime-aligned direction,2021-09-01..2026-09-26,B,216,51.9,1.244,0.502,0.0803,108.44,17.35,114.77,0.44,194.93,-98.37,11.88,1.234,unstable,mixed,net 108.44 vs base 96.35; OOS 11.88 vs 11.75
V14-usdjpy-098,2026-09-28,usdjpy,4h,ASIS,"{""be_enable"": true, ""be_offset_pts"": 10, ""be_trigger_pts"": 500, ""entry_buffer_pts"": 10, ""fast"": 18, ""gate"": [""dir"", 1], ""ma_exit"": true, ""prot_start_mode"": 1, ""prot_start_pts"": 500, ""protection"": 1, ""swing_buffer_pts"": 50, ""swing_search"": 100, ""swing_strength"": 2, ""thr_mode"": 0, ""trend"": 200, ""use_sl_pct"": false, ""use_volume"": true}",long only,2021-09-01..2026-09-26,B,196,53.6,1.382,0.7333,0.0891,143.73,17.46,84.5,0.61,193.95,-54.91,4.7,1.081,unstable,harmful,net 143.73 vs base 96.35; OOS 4.7 vs 11.75
V15-usdjpy-099,2026-09-28,usdjpy,4h,ASIS,"{""be_enable"": true, ""be_offset_pts"": 10, ""be_trigger_pts"": 500, ""entry_buffer_pts"": 10, ""fast"": 18, ""gate"": [""dir"", -1], ""ma_exit"": true, ""prot_start_mode"": 1, ""prot_start_pts"": 500, ""protection"": 1, ""swing_buffer_pts"": 50, ""swing_search"": 100, ""swing_strength"": 2, ""thr_mode"": 0, ""trend"": 200, ""use_sl_pct"": false, ""use_volume"": true}",short only,2021-09-01..2026-09-26,B,104,42.3,0.811,-0.4556,-0.0377,-47.38,-3.92,68.94,-0.3,-5.14,-49.3,7.06,1.454,negative,mixed,net -47.38 vs base 96.35; OOS 7.06 vs 11.75
V16-usdjpy-100,2026-09-28,usdjpy,4h,ASIS,"{""be_enable"": true, ""be_offset_pts"": 10, ""be_trigger_pts"": 500, ""entry_buffer_pts"": 10, ""fast"": 18, ""gate"": null, ""ma_exit"": true, ""pending_max_bars"": 3, ""prot_start_mode"": 1, ""prot_start_pts"": 500, ""protection"": 1, ""swing_buffer_pts"": 50, ""swing_search"": 100, ""swing_strength"": 2, ""thr_mode"": 0, ""trend"": 200, ""use_sl_pct"": false, ""use_volume"": true}",pending order expires after 3 bars,2021-09-01..2026-09-26,B,305,48.9,1.199,0.3933,0.0482,119.95,14.69,108.84,0.42,199.37,-93.93,14.51,1.197,unstable,helpful,net 119.95 vs base 96.35; OOS 14.51 vs 11.75
V17-usdjpy-101,2026-09-28,usdjpy,4h,ASIS,"{""be_enable"": true, ""be_offset_pts"": 10, ""be_trigger_pts"": 500, ""confirm_bars"": 1, ""entry_buffer_pts"": 10, ""fast"": 18, ""gate"": null, ""ma_exit"": true, ""prot_start_mode"": 1, ""prot_start_pts"": 500, ""protection"": 1, ""swing_buffer_pts"": 50, ""swing_search"": 100, ""swing_strength"": 2, ""thr_mode"": 0, ""trend"": 200, ""use_sl_pct"": false, ""use_volume"": true}",confirmation window 1 bar,2021-09-01..2026-09-26,B,392,43.6,1.099,0.2015,0.0444,78.99,17.42,113.77,0.25,174.54,-86.69,-8.86,0.913,unstable,harmful,net 78.99 vs base 96.35; OOS -8.86 vs 11.75
V18-usdjpy-102,2026-09-28,usdjpy,4h,ASIS,"{""be_enable"": true, ""be_offset_pts"": 10, ""be_trigger_pts"": 500, ""confirm_bars"": 3, ""entry_buffer_pts"": 10, ""fast"": 18, ""gate"": null, ""ma_exit"": true, ""prot_start_mode"": 1, ""prot_start_pts"": 500, ""protection"": 1, ""swing_buffer_pts"": 50, ""swing_search"": 100, ""swing_strength"": 2, ""thr_mode"": 0, ""trend"": 200, ""use_sl_pct"": false, ""use_volume"": true}",confirmation window 3 bars,2021-09-01..2026-09-26,B,247,54.7,1.282,0.5449,0.0897,134.59,22.16,62.72,0.53,160.71,-37.23,11.11,1.188,unstable,helpful,net 134.59 vs base 96.35; OOS 11.11 vs 11.75
V19-usdjpy-103,2026-09-28,usdjpy,4h,ASIS,"{""be_enable"": true, ""be_offset_pts"": 10, ""be_trigger_pts"": 500, ""entry_buffer_pts"": 10, ""fast"": 18, ""gate"": [""regime"", ""vol_low_normal""], ""ma_exit"": true, ""prot_start_mode"": 1, ""prot_start_pts"": 500, ""protection"": 1, ""swing_buffer_pts"": 50, ""swing_search"": 100, ""swing_strength"": 2, ""thr_mode"": 0, ""trend"": 200, ""use_sl_pct"": false, ""use_volume"": true}",no high/extreme volatility days,2021-09-01..2026-09-26,B,174,47.7,1.303,0.6238,0.0867,108.55,15.08,89.27,0.44,183.7,-79.88,4.73,1.087,unstable,harmful,net 108.55 vs base 96.35; OOS 4.73 vs 11.75
V20-usdjpy-104,2026-09-28,usdjpy,4h,ASIS,"{""be_enable"": true, ""be_offset_pts"": 10, ""be_trigger_pts"": 500, ""entry_buffer_pts"": 10, ""fast"": 18, ""gate"": [""spread""], ""ma_exit"": true, ""prot_start_mode"": 1, ""prot_start_pts"": 500, ""protection"": 1, ""swing_buffer_pts"": 50, ""swing_search"": 100, ""swing_strength"": 2, ""thr_mode"": 0, ""trend"": 200, ""use_sl_pct"": false, ""use_volume"": true}",max spread filter: no setup when spread > 2x model median,2021-09-01..2026-09-26,B,301,49.5,1.142,0.2976,0.0434,89.58,13.05,119.13,0.3,188.81,-104.22,4.99,1.062,unstable,mixed,net 89.58 vs base 96.35; OOS 4.99 vs 11.75
V01-usdjpy-105,2026-09-28,usdjpy,30m,ASIS,"{""adx_min"": 25.0, ""be_enable"": true, ""be_offset_pts"": 10, ""be_trigger_pts"": 500, ""entry_buffer_pts"": 10, ""fast"": 18, ""gate"": null, ""ma_exit"": true, ""prot_start_mode"": 1, ""prot_start_pts"": 500, ""protection"": 1, ""swing_buffer_pts"": 50, ""swing_search"": 100, ""swing_strength"": 2, ""thr_mode"": 0, ""trend"": 200, ""use_adx"": true, ""use_sl_pct"": false, ""use_volume"": true}",ADX(14) >= 25 (EA filter),2021-09-01..2026-09-26,B,1481,32.7,0.985,-0.0154,-0.0038,-22.86,-5.6,161.51,-0.09,10.99,-38.45,4.6,1.022,negative,harmful,net -22.86 vs base 20.26; OOS 4.6 vs 15.46
V02-usdjpy-106,2026-09-28,usdjpy,30m,ASIS,"{""adx_min"": 20.0, ""be_enable"": true, ""be_offset_pts"": 10, ""be_trigger_pts"": 500, ""entry_buffer_pts"": 10, ""fast"": 18, ""gate"": null, ""ma_exit"": true, ""prot_start_mode"": 1, ""prot_start_pts"": 500, ""protection"": 1, ""swing_buffer_pts"": 50, ""swing_search"": 100, ""swing_strength"": 2, ""thr_mode"": 0, ""trend"": 200, ""use_adx"": true, ""use_sl_pct"": false, ""use_volume"": true}",ADX(14) >= 20,2021-09-01..2026-09-26,B,1870,31.4,0.996,-0.004,-0.0025,-7.56,-4.75,122.95,-0.03,12.87,-11.75,-8.68,0.967,negative,harmful,net -7.56 vs base 20.26; OOS -8.68 vs 15.46
V03-usdjpy-107,2026-09-28,usdjpy,30m,ASIS,"{""be_enable"": true, ""be_offset_pts"": 10, ""be_trigger_pts"": 500, ""entry_buffer_pts"": 10, ""fast"": 18, ""gate"": null, ""ma_exit"": true, ""prot_start_mode"": 1, ""prot_start_pts"": 500, ""protection"": 1, ""swing_buffer_pts"": 50, ""swing_search"": 100, ""swing_strength"": 2, ""thr_mode"": 0, ""trend"": 200, ""use_sl_pct"": false, ""use_volume"": false}",no volume filter,2021-09-01..2026-09-26,B,2129,31.1,1.011,0.0095,0.0084,20.26,17.82,155.2,0.07,-27.7,32.5,15.46,1.056,unstable,mixed,net 20.26 vs base 20.26; OOS 15.46 vs 15.46
V04-usdjpy-108,2026-09-28,usdjpy,30m,ASIS,"{""be_enable"": true, ""be_offset_pts"": 10, ""be_trigger_pts"": 500, ""entry_buffer_pts"": 10, ""fast"": 18, ""gate"": null, ""ma_exit"": true, ""prot_start_mode"": 1, ""prot_start_pts"": 500, ""protection"": 1, ""session_hours"": [8, 9, 10, 11, 12, 13, 14, 15, 16, 17, 18, 19, 20, 21], ""swing_buffer_pts"": 50, ""swing_search"": 100, ""swing_strength"": 2, ""thr_mode"": 0, ""trend"": 200, ""use_session"": true, ""use_sl_pct"": false, ""use_volume"": true}",entries 08:00-21:59 server (London + New York),2021-09-01..2026-09-26,B,1618,32.5,1.035,0.0325,0.0169,52.53,27.38,125.12,0.18,49.73,7.38,-4.58,0.981,unstable,harmful,net 52.53 vs base 20.26; OOS -4.58 vs 15.46
V05-usdjpy-109,2026-09-28,usdjpy,30m,ASIS,"{""be_enable"": true, ""be_offset_pts"": 10, ""be_trigger_pts"": 500, ""entry_buffer_pts"": 10, ""fast"": 18, ""gate"": null, ""ma_exit"": true, ""prot_start_mode"": 1, ""prot_start_pts"": 500, ""protection"": 1, ""session_hours"": [13, 14, 15, 16], ""swing_buffer_pts"": 50, ""swing_search"": 100, ""swing_strength"": 2, ""thr_mode"": 0, ""trend"": 200, ""use_session"": true, ""use_sl_pct"": false, ""use_volume"": true}",entries 13:00-16:59 server (London/NY overlap),2021-09-01..2026-09-26,B,781,39.6,1.074,0.0714,0.0246,55.75,19.21,80.26,0.27,59.18,18.14,-21.57,0.826,unstable,mixed,net 55.75 vs base 20.26; OOS -21.57 vs 15.46
V06-usdjpy-110,2026-09-28,usdjpy,30m,ASIS,"{""be_enable"": true, ""be_offset_pts"": 10, ""be_trigger_pts"": 500, ""entry_buffer_pts"": 10, ""fast"": 18, ""gate"": null, ""ma_exit"": true, ""prot_start_mode"": 1, ""prot_start_pts"": 500, ""protection"": 1, ""session_hours"": [7, 8, 9, 10, 11, 12, 13, 14, 15, 16, 17, 18, 19, 20, 21, 22, 23], ""swing_buffer_pts"": 50, ""swing_search"": 100, ""swing_strength"": 2, ""thr_mode"": 0, ""trend"": 200, ""use_session"": true, ""use_sl_pct"": false, ""use_volume"": true}",no entries 00:00-06:59 server (Asia),2021-09-01..2026-09-26,B,1784,31.5,1.019,0.0176,0.0208,31.43,37.11,136.04,0.11,39.05,-11.97,4.35,1.018,unstable,harmful,net 31.43 vs base 20.26; OOS 4.35 vs 15.46
V07-usdjpy-111,2026-09-28,usdjpy,30m,ASIS,"{""be_enable"": true, ""be_offset_pts"": 10, ""be_trigger_pts"": 500, ""entry_buffer_pts"": 10, ""fast"": 18, ""gate"": [""mon_open""], ""ma_exit"": true, ""prot_start_mode"": 1, ""prot_start_pts"": 500, ""protection"": 1, ""swing_buffer_pts"": 50, ""swing_search"": 100, ""swing_strength"": 2, ""thr_mode"": 0, ""trend"": 200, ""use_sl_pct"": false, ""use_volume"": true}",no entries on Monday before 08:00 (weekend gap),2021-09-01..2026-09-26,B,2030,31.2,1.005,0.0045,0.005,9.07,10.2,166.69,0.03,-43.93,34.9,18.1,1.068,unstable,mixed,net 9.07 vs base 20.26; OOS 18.1 vs 15.46
V08-usdjpy-112,2026-09-28,usdjpy,30m,ASIS,"{""be_enable"": true, ""be_offset_pts"": 10, ""be_trigger_pts"": 500, ""entry_buffer_pts"": 10, ""fast"": 18, ""gate"": null, ""ma_exit"": true, ""prot_start_mode"": 1, ""prot_start_pts"": 500, ""protection"": 1, ""swing_buffer_pts"": 50, ""swing_search"": 100, ""swing_strength"": 2, ""thr_mode"": 0, ""trend"": 200, ""use_sl_pct"": false, ""use_vol_filter"": true, ""use_volume"": true, ""vol_filter_min"": 1.0}",ATR(22)/SMA100(ATR) >= 1.0,2021-09-01..2026-09-26,B,1139,35.2,1.014,0.0132,0.0102,15.05,11.57,91.83,0.06,47.82,-9.53,-23.24,0.874,unstable,harmful,net 15.05 vs base 20.26; OOS -23.24 vs 15.46
V09-usdjpy-113,2026-09-28,usdjpy,30m,ASIS,"{""be_enable"": true, ""be_offset_pts"": 10, ""be_trigger_pts"": 500, ""entry_buffer_pts"": 10, ""fast"": 18, ""gate"": null, ""ma_exit"": true, ""prot_start_mode"": 1, ""prot_start_pts"": 500, ""protection"": 1, ""swing_buffer_pts"": 50, ""swing_search"": 100, ""swing_strength"": 2, ""thr_mode"": 0, ""trend"": 200, ""use_sl_pct"": false, ""use_vol_filter"": true, ""use_volume"": true, ""vol_filter_max"": 1.5, ""vol_filter_min"": 0.0}",ATR(22)/SMA100(ATR) <= 1.5,2021-09-01..2026-09-26,B,2077,30.6,0.988,-0.0107,0.0059,-22.15,12.3,154.07,-0.07,-36.28,27.56,-13.43,0.952,negative,harmful,net -22.15 vs base 20.26; OOS -13.43 vs 15.46
V10-usdjpy-114,2026-09-28,usdjpy,30m,ASIS,"{""be_enable"": true, ""be_offset_pts"": 10, ""be_trigger_pts"": 500, ""entry_buffer_pts"": 10, ""fast"": 18, ""gate"": null, ""ma_exit"": true, ""prot_start_mode"": 1, ""prot_start_pts"": 500, ""protection"": 1, ""slope_filter_bars"": 3, ""swing_buffer_pts"": 50, ""swing_search"": 100, ""swing_strength"": 2, ""thr_mode"": 0, ""trend"": 200, ""use_sl_pct"": false, ""use_volume"": true}",MA18 slope filter over 3 bars,2021-09-01..2026-09-26,B,1844,33.0,1.041,0.0374,0.0291,68.99,53.7,138.96,0.23,39.29,11.49,18.22,1.074,robust,mixed,net 68.99 vs base 20.26; OOS 18.22 vs 15.46
V11-usdjpy-115,2026-09-28,usdjpy,30m,ASIS,"{""be_enable"": true, ""be_offset_pts"": 10, ""be_trigger_pts"": 500, ""entry_buffer_pts"": 10, ""fast"": 18, ""gate"": null, ""ma_exit"": true, ""max_dist_atr"": 2.0, ""prot_start_mode"": 1, ""prot_start_pts"": 500, ""protection"": 1, ""swing_buffer_pts"": 50, ""swing_search"": 100, ""swing_strength"": 2, ""thr_mode"": 0, ""trend"": 200, ""use_sl_pct"": false, ""use_volume"": true}",no entry when |close - MA18| > 2 ATR,2021-09-01..2026-09-26,B,2067,30.2,0.995,-0.0046,-0.005,-9.45,-10.39,161.95,-0.03,-29.15,25.59,-5.89,0.979,negative,harmful,net -9.45 vs base 20.26; OOS -5.89 vs 15.46
V12-usdjpy-116,2026-09-28,usdjpy,30m,ASIS,"{""be_enable"": true, ""be_offset_pts"": 10, ""be_trigger_pts"": 500, ""entry_buffer_pts"": 10, ""fast"": 18, ""gate"": [""regime"", ""no_sideways""], ""ma_exit"": true, ""prot_start_mode"": 1, ""prot_start_pts"": 500, ""protection"": 1, ""swing_buffer_pts"": 50, ""swing_search"": 100, ""swing_strength"": 2, ""thr_mode"": 0, ""trend"": 200, ""use_sl_pct"": false, ""use_volume"": true}",trend-regime gate: no sideways days,2021-09-01..2026-09-26,B,1818,30.6,1.011,0.0101,0.0182,18.35,33.11,116.56,0.07,5.39,22.99,-10.03,0.951,unstable,harmful,net 18.35 vs base 20.26; OOS -10.03 vs 15.46
V13-usdjpy-117,2026-09-28,usdjpy,30m,ASIS,"{""be_enable"": true, ""be_offset_pts"": 10, ""be_trigger_pts"": 500, ""entry_buffer_pts"": 10, ""fast"": 18, ""gate"": [""regime"", ""aligned""], ""ma_exit"": true, ""prot_start_mode"": 1, ""prot_start_pts"": 500, ""protection"": 1, ""swing_buffer_pts"": 50, ""swing_search"": 100, ""swing_strength"": 2, ""thr_mode"": 0, ""trend"": 200, ""use_sl_pct"": false, ""use_volume"": true}",regime-aligned direction,2021-09-01..2026-09-26,B,1143,30.4,1.007,0.0057,0.0287,6.47,32.79,125.75,0.03,24.52,-5.23,-12.82,0.896,unstable,harmful,net 6.47 vs base 20.26; OOS -12.82 vs 15.46
V14-usdjpy-118,2026-09-28,usdjpy,30m,ASIS,"{""be_enable"": true, ""be_offset_pts"": 10, ""be_trigger_pts"": 500, ""entry_buffer_pts"": 10, ""fast"": 18, ""gate"": [""dir"", 1], ""ma_exit"": true, ""prot_start_mode"": 1, ""prot_start_pts"": 500, ""protection"": 1, ""swing_buffer_pts"": 50, ""swing_search"": 100, ""swing_strength"": 2, ""thr_mode"": 0, ""trend"": 200, ""use_sl_pct"": false, ""use_volume"": true}",long only,2021-09-01..2026-09-26,B,1288,31.7,1.163,0.1262,0.0626,162.55,80.68,49.95,0.68,81.81,61.7,19.04,1.127,robust,helpful,net 162.55 vs base 20.26; OOS 19.04 vs 15.46
V15-usdjpy-119,2026-09-28,usdjpy,30m,ASIS,"{""be_enable"": true, ""be_offset_pts"": 10, ""be_trigger_pts"": 500, ""entry_buffer_pts"": 10, ""fast"": 18, ""gate"": [""dir"", -1], ""ma_exit"": true, ""prot_start_mode"": 1, ""prot_start_pts"": 500, ""protection"": 1, ""swing_buffer_pts"": 50, ""swing_search"": 100, ""swing_strength"": 2, ""thr_mode"": 0, ""trend"": 200, ""use_sl_pct"": false, ""use_volume"": true}",short only,2021-09-01..2026-09-26,B,841,30.3,0.845,-0.1692,-0.0747,-142.29,-62.86,160.02,-0.78,-109.51,-29.2,-3.58,0.972,negative,harmful,net -142.29 vs base 20.26; OOS -3.58 vs 15.46
V16-usdjpy-120,2026-09-28,usdjpy,30m,ASIS,"{""be_enable"": true, ""be_offset_pts"": 10, ""be_trigger_pts"": 500, ""entry_buffer_pts"": 10, ""fast"": 18, ""gate"": null, ""ma_exit"": true, ""pending_max_bars"": 3, ""prot_start_mode"": 1, ""prot_start_pts"": 500, ""protection"": 1, ""swing_buffer_pts"": 50, ""swing_search"": 100, ""swing_strength"": 2, ""thr_mode"": 0, ""trend"": 200, ""use_sl_pct"": false, ""use_volume"": true}",pending order expires after 3 bars,2021-09-01..2026-09-26,B,2178,30.6,1.003,0.0027,0.0082,5.92,17.91,168.8,0.02,-36.46,27.76,14.63,1.052,unstable,harmful,net 5.92 vs base 20.26; OOS 14.63 vs 15.46
V17-usdjpy-121,2026-09-28,usdjpy,30m,ASIS,"{""be_enable"": true, ""be_offset_pts"": 10, ""be_trigger_pts"": 500, ""confirm_bars"": 1, ""entry_buffer_pts"": 10, ""fast"": 18, ""gate"": null, ""ma_exit"": true, ""prot_start_mode"": 1, ""prot_start_pts"": 500, ""protection"": 1, ""swing_buffer_pts"": 50, ""swing_search"": 100, ""swing_strength"": 2, ""thr_mode"": 0, ""trend"": 200, ""use_sl_pct"": false, ""use_volume"": true}",confirmation window 1 bar,2021-09-01..2026-09-26,B,2983,26.6,0.911,-0.0733,-0.0335,-218.73,-100.02,293.78,-0.7,-133.94,-37.46,-47.33,0.875,negative,harmful,net -218.73 vs base 20.26; OOS -47.33 vs 15.46
V18-usdjpy-122,2026-09-28,usdjpy,30m,ASIS,"{""be_enable"": true, ""be_offset_pts"": 10, ""be_trigger_pts"": 500, ""confirm_bars"": 3, ""entry_buffer_pts"": 10, ""fast"": 18, ""gate"": null, ""ma_exit"": true, ""prot_start_mode"": 1, ""prot_start_pts"": 500, ""protection"": 1, ""swing_buffer_pts"": 50, ""swing_search"": 100, ""swing_strength"": 2, ""thr_mode"": 0, ""trend"": 200, ""use_sl_pct"": false, ""use_volume"": true}",confirmation window 3 bars,2021-09-01..2026-09-26,B,1773,33.4,0.992,-0.007,0.0023,-12.39,4.04,137.8,-0.04,-16.4,-7.08,11.09,1.046,negative,harmful,net -12.39 vs base 20.26; OOS 11.09 vs 15.46
V19-usdjpy-123,2026-09-28,usdjpy,30m,ASIS,"{""be_enable"": true, ""be_offset_pts"": 10, ""be_trigger_pts"": 500, ""entry_buffer_pts"": 10, ""fast"": 18, ""gate"": [""regime"", ""vol_low_normal""], ""ma_exit"": true, ""prot_start_mode"": 1, ""prot_start_pts"": 500, ""protection"": 1, ""swing_buffer_pts"": 50, ""swing_search"": 100, ""swing_strength"": 2, ""thr_mode"": 0, ""trend"": 200, ""use_sl_pct"": false, ""use_volume"": true}",no high/extreme volatility days,2021-09-01..2026-09-26,B,1311,29.4,1.032,0.0251,0.0088,32.94,11.55,91.61,0.14,29.4,5.66,-2.12,0.99,unstable,harmful,net 32.94 vs base 20.26; OOS -2.12 vs 15.46
V20-usdjpy-124,2026-09-28,usdjpy,30m,ASIS,"{""be_enable"": true, ""be_offset_pts"": 10, ""be_trigger_pts"": 500, ""entry_buffer_pts"": 10, ""fast"": 18, ""gate"": [""spread""], ""ma_exit"": true, ""prot_start_mode"": 1, ""prot_start_pts"": 500, ""protection"": 1, ""swing_buffer_pts"": 50, ""swing_search"": 100, ""swing_strength"": 2, ""thr_mode"": 0, ""trend"": 200, ""use_sl_pct"": false, ""use_volume"": true}",max spread filter: no setup when spread > 2x model median,2021-09-01..2026-09-26,B,2125,31.2,1.011,0.0102,0.0088,21.68,18.74,155.2,0.07,-27.7,32.5,16.89,1.061,unstable,mixed,net 21.68 vs base 20.26; OOS 16.89 vs 15.46
M06m-usdjpy-125,2026-09-28,usdjpy,1h,ASIS,"{""be_enable"": true, ""be_offset_pts"": 10, ""be_trigger_pts"": 500, ""entry_buffer_pts"": 10, ""fast"": 18, ""htf"": ""4h"", ""ma_exit"": true, ""mode"": ""ma"", ""prot_start_mode"": 1, ""prot_start_pts"": 500, ""protection"": 1, ""swing_buffer_pts"": 50, ""swing_search"": 100, ""swing_strength"": 2, ""thr_mode"": 0, ""trend"": 200, ""use_sl_pct"": false, ""use_volume"": true}",HTF 4h gate (ma),2021-09-01..2026-09-26,B,747,34.7,1.099,0.1165,0.0712,87.01,53.19,71.6,0.39,113.46,4.15,-30.6,0.793,unstable,mixed,net 87.01 vs base 115.84
M06c-usdjpy-126,2026-09-28,usdjpy,1h,ASIS,"{""be_enable"": true, ""be_offset_pts"": 10, ""be_trigger_pts"": 500, ""entry_buffer_pts"": 10, ""fast"": 18, ""htf"": ""4h"", ""ma_exit"": true, ""mode"": ""close"", ""prot_start_mode"": 1, ""prot_start_pts"": 500, ""protection"": 1, ""swing_buffer_pts"": 50, ""swing_search"": 100, ""swing_strength"": 2, ""thr_mode"": 0, ""trend"": 200, ""use_sl_pct"": false, ""use_volume"": true}",HTF 4h gate (close),2021-09-01..2026-09-26,B,650,36.6,1.181,0.2178,0.0979,141.59,63.63,63.95,0.59,152.86,12.85,-24.11,0.82,unstable,mixed,net 141.59 vs base 115.84
M07m-usdjpy-127,2026-09-28,usdjpy,1h,ASIS,"{""be_enable"": true, ""be_offset_pts"": 10, ""be_trigger_pts"": 500, ""entry_buffer_pts"": 10, ""fast"": 18, ""htf"": ""D1"", ""ma_exit"": true, ""mode"": ""ma"", ""prot_start_mode"": 1, ""prot_start_pts"": 500, ""protection"": 1, ""swing_buffer_pts"": 50, ""swing_search"": 100, ""swing_strength"": 2, ""thr_mode"": 0, ""trend"": 200, ""use_sl_pct"": false, ""use_volume"": true}",HTF D1 gate (ma),2021-09-01..2026-09-26,B,525,33.3,0.88,-0.1457,0.0197,-76.49,10.36,140.81,-0.51,-31.64,8.38,-53.22,0.636,negative,harmful,net -76.49 vs base 115.84
M07c-usdjpy-128,2026-09-28,usdjpy,1h,ASIS,"{""be_enable"": true, ""be_offset_pts"": 10, ""be_trigger_pts"": 500, ""entry_buffer_pts"": 10, ""fast"": 18, ""htf"": ""D1"", ""ma_exit"": true, ""mode"": ""close"", ""prot_start_mode"": 1, ""prot_start_pts"": 500, ""protection"": 1, ""swing_buffer_pts"": 50, ""swing_search"": 100, ""swing_strength"": 2, ""thr_mode"": 0, ""trend"": 200, ""use_sl_pct"": false, ""use_volume"": true}",HTF D1 gate (close),2021-09-01..2026-09-26,B,464,34.5,1.006,0.0067,0.0646,3.11,29.96,66.83,0.02,11.23,46.67,-54.8,0.578,unstable,harmful,net 3.11 vs base 115.84
M08m-usdjpy-129,2026-09-28,usdjpy,30m,ASIS,"{""be_enable"": true, ""be_offset_pts"": 10, ""be_trigger_pts"": 500, ""entry_buffer_pts"": 10, ""fast"": 18, ""htf"": ""D1"", ""ma_exit"": true, ""mode"": ""ma"", ""prot_start_mode"": 1, ""prot_start_pts"": 500, ""protection"": 1, ""swing_buffer_pts"": 50, ""swing_search"": 100, ""swing_strength"": 2, ""thr_mode"": 0, ""trend"": 200, ""use_sl_pct"": false, ""use_volume"": true}",HTF D1 gate (ma),2021-09-01..2026-09-26,B,1028,29.4,0.847,-0.1362,-0.0375,-140.04,-38.53,218.0,-0.75,-105.8,-21.34,-12.91,0.916,negative,harmful,net -140.04 vs base 20.26
M08c-usdjpy-130,2026-09-28,usdjpy,30m,ASIS,"{""be_enable"": true, ""be_offset_pts"": 10, ""be_trigger_pts"": 500, ""entry_buffer_pts"": 10, ""fast"": 18, ""htf"": ""D1"", ""ma_exit"": true, ""mode"": ""close"", ""prot_start_mode"": 1, ""prot_start_pts"": 500, ""protection"": 1, ""swing_buffer_pts"": 50, ""swing_search"": 100, ""swing_strength"": 2, ""thr_mode"": 0, ""trend"": 200, ""use_sl_pct"": false, ""use_volume"": true}",HTF D1 gate (close),2021-09-01..2026-09-26,B,805,29.8,0.865,-0.1148,-0.0419,-92.39,-33.7,161.24,-0.66,-48.11,-1.22,-43.05,0.661,negative,harmful,net -92.39 vs base 20.26
M09m-usdjpy-131,2026-09-28,usdjpy,4h,ASIS,"{""be_enable"": true, ""be_offset_pts"": 10, ""be_trigger_pts"": 500, ""entry_buffer_pts"": 10, ""fast"": 18, ""htf"": ""D1"", ""ma_exit"": true, ""mode"": ""ma"", ""prot_start_mode"": 1, ""prot_start_pts"": 500, ""protection"": 1, ""swing_buffer_pts"": 50, ""swing_search"": 100, ""swing_strength"": 2, ""thr_mode"": 0, ""trend"": 200, ""use_sl_pct"": false, ""use_volume"": true}",HTF D1 gate (ma),2021-09-01..2026-09-26,B,177,48.6,0.93,-0.1549,0.0569,-27.42,10.08,135.36,-0.14,97.0,-120.65,-3.77,0.927,negative,harmful,net -27.42 vs base 96.35
M09c-usdjpy-132,2026-09-28,usdjpy,4h,ASIS,"{""be_enable"": true, ""be_offset_pts"": 10, ""be_trigger_pts"": 500, ""entry_buffer_pts"": 10, ""fast"": 18, ""htf"": ""D1"", ""ma_exit"": true, ""mode"": ""close"", ""prot_start_mode"": 1, ""prot_start_pts"": 500, ""protection"": 1, ""swing_buffer_pts"": 50, ""swing_search"": 100, ""swing_strength"": 2, ""thr_mode"": 0, ""trend"": 200, ""use_sl_pct"": false, ""use_volume"": true}",HTF D1 gate (close),2021-09-01..2026-09-26,B,163,50.3,0.981,-0.0425,0.0799,-6.93,13.02,118.17,-0.04,95.79,-103.01,0.3,1.007,negative,harmful,net -6.93 vs base 96.35
V01-usdjpy-133,2026-09-28,usdjpy,2h,FINAL_H4,"{""adx_min"": 25.0, ""atr_period"": 22, ""be_enable"": true, ""be_offset_pts"": 10, ""be_trigger_pts"": 200, ""entry_buffer_pts"": 0, ""fast"": 18, ""gate"": null, ""ma_exit"": true, ""prot_start_mode"": 0, ""prot_start_pts"": 0, ""protection"": 4, ""swing_search"": 100, ""swing_strength"": 2, ""thr_mode"": 1, ""trail_dist_pts"": 50, ""trail_start_pts"": 500, ""trail_step_pts"": 10, ""trend"": 200, ""use_adx"": true, ""use_sl_pct"": false, ""use_volume"": true}",ADX(14) >= 25 (EA filter),2021-09-01..2026-09-26,B,445,43.8,1.287,0.5163,0.0948,229.77,42.18,78.48,0.88,236.35,12.24,-18.81,0.827,unstable,harmful,net 229.77 vs base 289.08; OOS -18.81 vs -14.49
V02-usdjpy-134,2026-09-28,usdjpy,2h,FINAL_H4,"{""adx_min"": 20.0, ""atr_period"": 22, ""be_enable"": true, ""be_offset_pts"": 10, ""be_trigger_pts"": 200, ""entry_buffer_pts"": 0, ""fast"": 18, ""gate"": null, ""ma_exit"": true, ""prot_start_mode"": 0, ""prot_start_pts"": 0, ""protection"": 4, ""swing_search"": 100, ""swing_strength"": 2, ""thr_mode"": 1, ""trail_dist_pts"": 50, ""trail_start_pts"": 500, ""trail_step_pts"": 10, ""trend"": 200, ""use_adx"": true, ""use_sl_pct"": false, ""use_volume"": true}",ADX(14) >= 20,2021-09-01..2026-09-26,B,533,40.7,1.256,0.4507,0.0853,240.21,45.46,84.18,0.87,228.89,41.53,-30.2,0.793,unstable,mixed,net 240.21 vs base 289.08; OOS -30.2 vs -14.49
V03-usdjpy-135,2026-09-28,usdjpy,2h,FINAL_H4,"{""atr_period"": 22, ""be_enable"": true, ""be_offset_pts"": 10, ""be_trigger_pts"": 200, ""entry_buffer_pts"": 0, ""fast"": 18, ""gate"": null, ""ma_exit"": true, ""prot_start_mode"": 0, ""prot_start_pts"": 0, ""protection"": 4, ""swing_search"": 100, ""swing_strength"": 2, ""thr_mode"": 1, ""trail_dist_pts"": 50, ""trail_start_pts"": 500, ""trail_step_pts"": 10, ""trend"": 200, ""use_sl_pct"": false, ""use_volume"": false}",no volume filter,2021-09-01..2026-09-26,B,606,40.9,1.29,0.477,0.0826,289.08,50.05,65.98,1.04,258.61,44.95,-14.49,0.902,unstable,mixed,net 289.08 vs base 289.08; OOS -14.49 vs -14.49
V04-usdjpy-136,2026-09-28,usdjpy,2h,FINAL_H4,"{""atr_period"": 22, ""be_enable"": true, ""be_offset_pts"": 10, ""be_trigger_pts"": 200, ""entry_buffer_pts"": 0, ""fast"": 18, ""gate"": null, ""ma_exit"": true, ""prot_start_mode"": 0, ""prot_start_pts"": 0, ""protection"": 4, ""session_hours"": [8, 9, 10, 11, 12, 13, 14, 15, 16, 17, 18, 19, 20, 21], ""swing_search"": 100, ""swing_strength"": 2, ""thr_mode"": 1, ""trail_dist_pts"": 50, ""trail_start_pts"": 500, ""trail_step_pts"": 10, ""trend"": 200, ""use_session"": true, ""use_sl_pct"": false, ""use_volume"": true}",entries 08:00-21:59 server (London + New York),2021-09-01..2026-09-26,B,555,40.9,1.277,0.4716,0.0914,261.75,50.74,74.61,1.02,245.86,8.42,7.47,1.067,robust,mixed,net 261.75 vs base 289.08; OOS 7.47 vs -14.49
V05-usdjpy-137,2026-09-28,usdjpy,2h,FINAL_H4,"{""atr_period"": 22, ""be_enable"": true, ""be_offset_pts"": 10, ""be_trigger_pts"": 200, ""entry_buffer_pts"": 0, ""fast"": 18, ""gate"": null, ""ma_exit"": true, ""prot_start_mode"": 0, ""prot_start_pts"": 0, ""protection"": 4, ""session_hours"": [13, 14, 15, 16], ""swing_search"": 100, ""swing_strength"": 2, ""thr_mode"": 1, ""trail_dist_pts"": 50, ""trail_start_pts"": 500, ""trail_step_pts"": 10, ""trend"": 200, ""use_session"": true, ""use_sl_pct"": false, ""use_volume"": true}",entries 13:00-16:59 server (London/NY overlap),2021-09-01..2026-09-26,B,386,42.7,1.218,0.3615,0.0757,139.55,29.23,92.73,0.61,175.24,-30.53,-5.15,0.93,unstable,mixed,net 139.55 vs base 289.08; OOS -5.15 vs -14.49
V06-usdjpy-138,2026-09-28,usdjpy,2h,FINAL_H4,"{""atr_period"": 22, ""be_enable"": true, ""be_offset_pts"": 10, ""be_trigger_pts"": 200, ""entry_buffer_pts"": 0, ""fast"": 18, ""gate"": null, ""ma_exit"": true, ""prot_start_mode"": 0, ""prot_start_pts"": 0, ""protection"": 4, ""session_hours"": [7, 8, 9, 10, 11, 12, 13, 14, 15, 16, 17, 18, 19, 20, 21, 22, 23], ""swing_search"": 100, ""swing_strength"": 2, ""thr_mode"": 1, ""trail_dist_pts"": 50, ""trail_start_pts"": 500, ""trail_step_pts"": 10, ""trend"": 200, ""use_session"": true, ""use_sl_pct"": false, ""use_volume"": true}",no entries 00:00-06:59 server (Asia),2021-09-01..2026-09-26,B,574,40.9,1.258,0.4367,0.0794,250.66,45.59,71.71,0.96,234.54,15.03,1.09,1.009,robust,harmful,net 250.66 vs base 289.08; OOS 1.09 vs -14.49
V07-usdjpy-139,2026-09-28,usdjpy,2h,FINAL_H4,"{""atr_period"": 22, ""be_enable"": true, ""be_offset_pts"": 10, ""be_trigger_pts"": 200, ""entry_buffer_pts"": 0, ""fast"": 18, ""gate"": [""mon_open""], ""ma_exit"": true, ""prot_start_mode"": 0, ""prot_start_pts"": 0, ""protection"": 4, ""swing_search"": 100, ""swing_strength"": 2, ""thr_mode"": 1, ""trail_dist_pts"": 50, ""trail_start_pts"": 500, ""trail_step_pts"": 10, ""trend"": 200, ""use_sl_pct"": false, ""use_volume"": true}",no entries on Monday before 08:00 (weekend gap),2021-09-01..2026-09-26,B,606,40.8,1.272,0.4512,0.075,273.41,45.48,71.79,0.99,245.0,51.64,-23.23,0.848,unstable,harmful,net 273.41 vs base 289.08; OOS -23.23 vs -14.49
V08-usdjpy-140,2026-09-28,usdjpy,2h,FINAL_H4,"{""atr_period"": 22, ""be_enable"": true, ""be_offset_pts"": 10, ""be_trigger_pts"": 200, ""entry_buffer_pts"": 0, ""fast"": 18, ""gate"": null, ""ma_exit"": true, ""prot_start_mode"": 0, ""prot_start_pts"": 0, ""protection"": 4, ""swing_search"": 100, ""swing_strength"": 2, ""thr_mode"": 1, ""trail_dist_pts"": 50, ""trail_start_pts"": 500, ""trail_step_pts"": 10, ""trend"": 200, ""use_sl_pct"": false, ""use_vol_filter"": true, ""use_volume"": true, ""vol_filter_min"": 1.0}",ATR(22)/SMA100(ATR) >= 1.0,2021-09-01..2026-09-26,B,305,41.6,1.126,0.2379,0.0596,72.56,18.19,63.44,0.36,90.74,-17.11,-1.07,0.986,unstable,harmful,net 72.56 vs base 289.08; OOS -1.07 vs -14.49
V09-usdjpy-141,2026-09-28,usdjpy,2h,FINAL_H4,"{""atr_period"": 22, ""be_enable"": true, ""be_offset_pts"": 10, ""be_trigger_pts"": 200, ""entry_buffer_pts"": 0, ""fast"": 18, ""gate"": null, ""ma_exit"": true, ""prot_start_mode"": 0, ""prot_start_pts"": 0, ""protection"": 4, ""swing_search"": 100, ""swing_strength"": 2, ""thr_mode"": 1, ""trail_dist_pts"": 50, ""trail_start_pts"": 500, ""trail_step_pts"": 10, ""trend"": 200, ""use_sl_pct"": false, ""use_vol_filter"": true, ""use_volume"": true, ""vol_filter_max"": 1.5, ""vol_filter_min"": 0.0}",ATR(22)/SMA100(ATR) <= 1.5,2021-09-01..2026-09-26,B,586,41.0,1.277,0.4542,0.076,266.15,44.52,65.81,0.98,226.11,57.38,-17.34,0.872,unstable,harmful,net 266.15 vs base 289.08; OOS -17.34 vs -14.49
V10-usdjpy-142,2026-09-28,usdjpy,2h,FINAL_H4,"{""atr_period"": 22, ""be_enable"": true, ""be_offset_pts"": 10, ""be_trigger_pts"": 200, ""entry_buffer_pts"": 0, ""fast"": 18, ""gate"": null, ""ma_exit"": true, ""prot_start_mode"": 0, ""prot_start_pts"": 0, ""protection"": 4, ""slope_filter_bars"": 3, ""swing_search"": 100, ""swing_strength"": 2, ""thr_mode"": 1, ""trail_dist_pts"": 50, ""trail_start_pts"": 500, ""trail_step_pts"": 10, ""trend"": 200, ""use_sl_pct"": false, ""use_volume"": true}",MA18 slope filter over 3 bars,2021-09-01..2026-09-26,B,540,40.4,1.192,0.3394,0.0826,183.29,44.6,104.52,0.66,213.38,-7.81,-22.29,0.827,unstable,harmful,net 183.29 vs base 289.08; OOS -22.29 vs -14.49
V11-usdjpy-143,2026-09-28,usdjpy,2h,FINAL_H4,"{""atr_period"": 22, ""be_enable"": true, ""be_offset_pts"": 10, ""be_trigger_pts"": 200, ""entry_buffer_pts"": 0, ""fast"": 18, ""gate"": null, ""ma_exit"": true, ""max_dist_atr"": 2.0, ""prot_start_mode"": 0, ""prot_start_pts"": 0, ""protection"": 4, ""swing_search"": 100, ""swing_strength"": 2, ""thr_mode"": 1, ""trail_dist_pts"": 50, ""trail_start_pts"": 500, ""trail_step_pts"": 10, ""trend"": 200, ""use_sl_pct"": false, ""use_volume"": true}",no entry when |close - MA18| > 2 ATR,2021-09-01..2026-09-26,B,563,38.0,1.177,0.2917,0.0591,164.22,33.25,85.48,0.64,144.23,48.23,-28.24,0.795,unstable,harmful,net 164.22 vs base 289.08; OOS -28.24 vs -14.49
V12-usdjpy-144,2026-09-28,usdjpy,2h,FINAL_H4,"{""atr_period"": 22, ""be_enable"": true, ""be_offset_pts"": 10, ""be_trigger_pts"": 200, ""entry_buffer_pts"": 0, ""fast"": 18, ""gate"": [""regime"", ""no_sideways""], ""ma_exit"": true, ""prot_start_mode"": 0, ""prot_start_pts"": 0, ""protection"": 4, ""swing_search"": 100, ""swing_strength"": 2, ""thr_mode"": 1, ""trail_dist_pts"": 50, ""trail_start_pts"": 500, ""trail_step_pts"": 10, ""trend"": 200, ""use_sl_pct"": false, ""use_volume"": true}",trend-regime gate: no sideways days,2021-09-01..2026-09-26,B,532,41.7,1.275,0.4581,0.0919,243.71,48.88,60.73,1.0,198.41,40.12,5.18,1.05,robust,harmful,net 243.71 vs base 289.08; OOS 5.18 vs -14.49
V13-usdjpy-145,2026-09-28,usdjpy,2h,FINAL_H4,"{""atr_period"": 22, ""be_enable"": true, ""be_offset_pts"": 10, ""be_trigger_pts"": 200, ""entry_buffer_pts"": 0, ""fast"": 18, ""gate"": [""regime"", ""aligned""], ""ma_exit"": true, ""prot_start_mode"": 0, ""prot_start_pts"": 0, ""protection"": 4, ""swing_search"": 100, ""swing_strength"": 2, ""thr_mode"": 1, ""trail_dist_pts"": 50, ""trail_start_pts"": 500, ""trail_step_pts"": 10, ""trend"": 200, ""use_sl_pct"": false, ""use_volume"": true}",regime-aligned direction,2021-09-01..2026-09-26,B,401,43.4,1.295,0.4622,0.101,185.36,40.51,55.21,0.88,151.97,25.87,7.52,1.084,robust,mixed,net 185.36 vs base 289.08; OOS 7.52 vs -14.49
V14-usdjpy-146,2026-09-28,usdjpy,2h,FINAL_H4,"{""atr_period"": 22, ""be_enable"": true, ""be_offset_pts"": 10, ""be_trigger_pts"": 200, ""entry_buffer_pts"": 0, ""fast"": 18, ""gate"": [""dir"", 1], ""ma_exit"": true, ""prot_start_mode"": 0, ""prot_start_pts"": 0, ""protection"": 4, ""swing_search"": 100, ""swing_strength"": 2, ""thr_mode"": 1, ""trail_dist_pts"": 50, ""trail_start_pts"": 500, ""trail_step_pts"": 10, ""trend"": 200, ""use_sl_pct"": false, ""use_volume"": true}",long only,2021-09-01..2026-09-26,B,417,43.4,1.311,0.4525,0.0797,188.71,33.25,39.1,0.86,165.67,30.55,-7.51,0.926,unstable,mixed,net 188.71 vs base 289.08; OOS -7.51 vs -14.49
V15-usdjpy-147,2026-09-28,usdjpy,2h,FINAL_H4,"{""atr_period"": 22, ""be_enable"": true, ""be_offset_pts"": 10, ""be_trigger_pts"": 200, ""entry_buffer_pts"": 0, ""fast"": 18, ""gate"": [""dir"", -1], ""ma_exit"": true, ""prot_start_mode"": 0, ""prot_start_pts"": 0, ""protection"": 4, ""swing_search"": 100, ""swing_strength"": 2, ""thr_mode"": 1, ""trail_dist_pts"": 50, ""trail_start_pts"": 500, ""trail_step_pts"": 10, ""trend"": 200, ""use_sl_pct"": false, ""use_volume"": true}",short only,2021-09-01..2026-09-26,B,189,35.4,1.257,0.5311,0.0889,100.37,16.8,39.63,0.52,92.94,14.4,-6.97,0.848,unstable,harmful,net 100.37 vs base 289.08; OOS -6.97 vs -14.49
V16-usdjpy-148,2026-09-28,usdjpy,2h,FINAL_H4,"{""atr_period"": 22, ""be_enable"": true, ""be_offset_pts"": 10, ""be_trigger_pts"": 200, ""entry_buffer_pts"": 0, ""fast"": 18, ""gate"": null, ""ma_exit"": true, ""pending_max_bars"": 3, ""prot_start_mode"": 0, ""prot_start_pts"": 0, ""protection"": 4, ""swing_search"": 100, ""swing_strength"": 2, ""thr_mode"": 1, ""trail_dist_pts"": 50, ""trail_start_pts"": 500, ""trail_step_pts"": 10, ""trend"": 200, ""use_sl_pct"": false, ""use_volume"": true}",pending order expires after 3 bars,2021-09-01..2026-09-26,B,627,40.7,1.313,0.4965,0.0795,311.3,49.82,61.35,1.1,278.54,43.87,-11.12,0.923,unstable,mixed,net 311.3 vs base 289.08; OOS -11.12 vs -14.49
V17-usdjpy-149,2026-09-28,usdjpy,2h,FINAL_H4,"{""atr_period"": 22, ""be_enable"": true, ""be_offset_pts"": 10, ""be_trigger_pts"": 200, ""confirm_bars"": 1, ""entry_buffer_pts"": 0, ""fast"": 18, ""gate"": null, ""ma_exit"": true, ""prot_start_mode"": 0, ""prot_start_pts"": 0, ""protection"": 4, ""swing_search"": 100, ""swing_strength"": 2, ""thr_mode"": 1, ""trail_dist_pts"": 50, ""trail_start_pts"": 500, ""trail_step_pts"": 10, ""trend"": 200, ""use_sl_pct"": false, ""use_volume"": true}",confirmation window 1 bar,2021-09-01..2026-09-26,B,801,35.5,1.158,0.2475,0.0585,198.28,46.86,118.2,0.73,222.9,37.89,-62.5,0.696,unstable,harmful,net 198.28 vs base 289.08; OOS -62.5 vs -14.49
V18-usdjpy-150,2026-09-28,usdjpy,2h,FINAL_H4,"{""atr_period"": 22, ""be_enable"": true, ""be_offset_pts"": 10, ""be_trigger_pts"": 200, ""confirm_bars"": 3, ""entry_buffer_pts"": 0, ""fast"": 18, ""gate"": null, ""ma_exit"": true, ""prot_start_mode"": 0, ""prot_start_pts"": 0, ""protection"": 4, ""swing_search"": 100, ""swing_strength"": 2, ""thr_mode"": 1, ""trail_dist_pts"": 50, ""trail_start_pts"": 500, ""trail_step_pts"": 10, ""trend"": 200, ""use_sl_pct"": false, ""use_volume"": true}",confirmation window 3 bars,2021-09-01..2026-09-26,B,544,40.6,1.158,0.2833,0.0413,154.09,22.48,114.36,0.51,215.73,-4.58,-57.07,0.603,unstable,harmful,net 154.09 vs base 289.08; OOS -57.07 vs -14.49
V19-usdjpy-151,2026-09-28,usdjpy,2h,FINAL_H4,"{""atr_period"": 22, ""be_enable"": true, ""be_offset_pts"": 10, ""be_trigger_pts"": 200, ""entry_buffer_pts"": 0, ""fast"": 18, ""gate"": [""regime"", ""vol_low_normal""], ""ma_exit"": true, ""prot_start_mode"": 0, ""prot_start_pts"": 0, ""protection"": 4, ""swing_search"": 100, ""swing_strength"": 2, ""thr_mode"": 1, ""trail_dist_pts"": 50, ""trail_start_pts"": 500, ""trail_step_pts"": 10, ""trend"": 200, ""use_sl_pct"": false, ""use_volume"": true}",no high/extreme volatility days,2021-09-01..2026-09-26,B,391,40.7,1.334,0.5041,0.1163,197.12,45.46,53.03,0.95,219.34,-21.3,-0.92,0.991,unstable,mixed,net 197.12 vs base 289.08; OOS -0.92 vs -14.49
V20-usdjpy-152,2026-09-28,usdjpy,2h,FINAL_H4,"{""atr_period"": 22, ""be_enable"": true, ""be_offset_pts"": 10, ""be_trigger_pts"": 200, ""entry_buffer_pts"": 0, ""fast"": 18, ""gate"": [""spread""], ""ma_exit"": true, ""prot_start_mode"": 0, ""prot_start_pts"": 0, ""protection"": 4, ""swing_search"": 100, ""swing_strength"": 2, ""thr_mode"": 1, ""trail_dist_pts"": 50, ""trail_start_pts"": 500, ""trail_step_pts"": 10, ""trend"": 200, ""use_sl_pct"": false, ""use_volume"": true}",max spread filter: no setup when spread > 2x model median,2021-09-01..2026-09-26,B,604,41.2,1.296,0.4862,0.0857,293.69,51.74,65.98,1.06,258.61,44.95,-9.87,0.93,unstable,mixed,net 293.69 vs base 289.08; OOS -9.87 vs -14.49
V01-usdjpy-153,2026-09-28,usdjpy,1h,FINAL_H4,"{""adx_min"": 25.0, ""atr_period"": 22, ""be_enable"": true, ""be_offset_pts"": 10, ""be_trigger_pts"": 200, ""entry_buffer_pts"": 0, ""fast"": 18, ""gate"": null, ""ma_exit"": true, ""prot_start_mode"": 0, ""prot_start_pts"": 0, ""protection"": 4, ""swing_search"": 100, ""swing_strength"": 2, ""thr_mode"": 1, ""trail_dist_pts"": 50, ""trail_start_pts"": 500, ""trail_step_pts"": 10, ""trend"": 200, ""use_adx"": true, ""use_sl_pct"": false, ""use_volume"": true}",ADX(14) >= 25 (EA filter),2021-09-01..2026-09-26,B,828,41.2,1.059,0.0791,0.0234,65.47,19.35,81.07,0.28,73.8,10.68,-19.02,0.872,unstable,mixed,net 65.47 vs base 76.39; OOS -19.02 vs -67.57
V02-usdjpy-154,2026-09-28,usdjpy,1h,FINAL_H4,"{""adx_min"": 20.0, ""atr_period"": 22, ""be_enable"": true, ""be_offset_pts"": 10, ""be_trigger_pts"": 200, ""entry_buffer_pts"": 0, ""fast"": 18, ""gate"": null, ""ma_exit"": true, ""prot_start_mode"": 0, ""prot_start_pts"": 0, ""protection"": 4, ""swing_search"": 100, ""swing_strength"": 2, ""thr_mode"": 1, ""trail_dist_pts"": 50, ""trail_start_pts"": 500, ""trail_step_pts"": 10, ""trend"": 200, ""use_adx"": true, ""use_sl_pct"": false, ""use_volume"": true}",ADX(14) >= 20,2021-09-01..2026-09-26,B,1046,37.9,1.039,0.0503,-0.0019,52.62,-1.99,136.27,0.22,112.4,-3.75,-56.04,0.738,unstable,mixed,net 52.62 vs base 76.39; OOS -56.04 vs -67.57
V03-usdjpy-155,2026-09-28,usdjpy,1h,FINAL_H4,"{""atr_period"": 22, ""be_enable"": true, ""be_offset_pts"": 10, ""be_trigger_pts"": 200, ""entry_buffer_pts"": 0, ""fast"": 18, ""gate"": null, ""ma_exit"": true, ""prot_start_mode"": 0, ""prot_start_pts"": 0, ""protection"": 4, ""swing_search"": 100, ""swing_strength"": 2, ""thr_mode"": 1, ""trail_dist_pts"": 50, ""trail_start_pts"": 500, ""trail_step_pts"": 10, ""trend"": 200, ""use_sl_pct"": false, ""use_volume"": false}",no volume filter,2021-09-01..2026-09-26,B,1185,37.1,1.052,0.0645,0.019,76.39,22.49,121.32,0.3,86.15,57.81,-67.57,0.72,unstable,mixed,net 76.39 vs base 76.39; OOS -67.57 vs -67.57
V04-usdjpy-156,2026-09-28,usdjpy,1h,FINAL_H4,"{""atr_period"": 22, ""be_enable"": true, ""be_offset_pts"": 10, ""be_trigger_pts"": 200, ""entry_buffer_pts"": 0, ""fast"": 18, ""gate"": null, ""ma_exit"": true, ""prot_start_mode"": 0, ""prot_start_pts"": 0, ""protection"": 4, ""session_hours"": [8, 9, 10, 11, 12, 13, 14, 15, 16, 17, 18, 19, 20, 21], ""swing_search"": 100, ""swing_strength"": 2, ""thr_mode"": 1, ""trail_dist_pts"": 50, ""trail_start_pts"": 500, ""trail_step_pts"": 10, ""trend"": 200, ""use_session"": true, ""use_sl_pct"": false, ""use_volume"": true}",entries 08:00-21:59 server (London + New York),2021-09-01..2026-09-26,B,989,37.8,1.09,0.1162,0.0371,114.94,36.73,120.51,0.46,140.29,39.91,-65.25,0.68,unstable,harmful,net 114.94 vs base 76.39; OOS -65.25 vs -67.57
V05-usdjpy-157,2026-09-28,usdjpy,1h,FINAL_H4,"{""atr_period"": 22, ""be_enable"": true, ""be_offset_pts"": 10, ""be_trigger_pts"": 200, ""entry_buffer_pts"": 0, ""fast"": 18, ""gate"": null, ""ma_exit"": true, ""prot_start_mode"": 0, ""prot_start_pts"": 0, ""protection"": 4, ""session_hours"": [13, 14, 15, 16], ""swing_search"": 100, ""swing_strength"": 2, ""thr_mode"": 1, ""trail_dist_pts"": 50, ""trail_start_pts"": 500, ""trail_step_pts"": 10, ""trend"": 200, ""use_session"": true, ""use_sl_pct"": false, ""use_volume"": true}",entries 13:00-16:59 server (London/NY overlap),2021-09-01..2026-09-26,B,544,41.4,1.099,0.1204,0.0483,65.52,26.26,58.6,0.36,78.12,20.73,-33.33,0.643,unstable,harmful,net 65.52 vs base 76.39; OOS -33.33 vs -67.57
V06-usdjpy-158,2026-09-28,usdjpy,1h,FINAL_H4,"{""atr_period"": 22, ""be_enable"": true, ""be_offset_pts"": 10, ""be_trigger_pts"": 200, ""entry_buffer_pts"": 0, ""fast"": 18, ""gate"": null, ""ma_exit"": true, ""prot_start_mode"": 0, ""prot_start_pts"": 0, ""protection"": 4, ""session_hours"": [7, 8, 9, 10, 11, 12, 13, 14, 15, 16, 17, 18, 19, 20, 21, 22, 23], ""swing_search"": 100, ""swing_strength"": 2, ""thr_mode"": 1, ""trail_dist_pts"": 50, ""trail_start_pts"": 500, ""trail_step_pts"": 10, ""trend"": 200, ""use_session"": true, ""use_sl_pct"": false, ""use_volume"": true}",no entries 00:00-06:59 server (Asia),2021-09-01..2026-09-26,B,1078,37.4,1.047,0.0606,0.0314,65.34,33.89,130.19,0.26,113.75,22.43,-70.84,0.681,unstable,harmful,net 65.34 vs base 76.39; OOS -70.84 vs -67.57
V07-usdjpy-159,2026-09-28,usdjpy,1h,FINAL_H4,"{""atr_period"": 22, ""be_enable"": true, ""be_offset_pts"": 10, ""be_trigger_pts"": 200, ""entry_buffer_pts"": 0, ""fast"": 18, ""gate"": [""mon_open""], ""ma_exit"": true, ""prot_start_mode"": 0, ""prot_start_pts"": 0, ""protection"": 4, ""swing_search"": 100, ""swing_strength"": 2, ""thr_mode"": 1, ""trail_dist_pts"": 50, ""trail_start_pts"": 500, ""trail_step_pts"": 10, ""trend"": 200, ""use_sl_pct"": false, ""use_volume"": true}",no entries on Monday before 08:00 (weekend gap),2021-09-01..2026-09-26,B,1154,37.5,1.076,0.0953,0.0291,109.98,33.6,103.13,0.43,90.12,65.93,-46.06,0.788,unstable,helpful,net 109.98 vs base 76.39; OOS -46.06 vs -67.57
V08-usdjpy-160,2026-09-28,usdjpy,1h,FINAL_H4,"{""atr_period"": 22, ""be_enable"": true, ""be_offset_pts"": 10, ""be_trigger_pts"": 200, ""entry_buffer_pts"": 0, ""fast"": 18, ""gate"": null, ""ma_exit"": true, ""prot_start_mode"": 0, ""prot_start_pts"": 0, ""protection"": 4, ""swing_search"": 100, ""swing_strength"": 2, ""thr_mode"": 1, ""trail_dist_pts"": 50, ""trail_start_pts"": 500, ""trail_step_pts"": 10, ""trend"": 200, ""use_sl_pct"": false, ""use_vol_filter"": true, ""use_volume"": true, ""vol_filter_min"": 1.0}",ATR(22)/SMA100(ATR) >= 1.0,2021-09-01..2026-09-26,B,631,35.0,1.067,0.0949,-0.0062,59.91,-3.93,117.5,0.26,100.62,6.43,-47.14,0.678,unstable,harmful,net 59.91 vs base 76.39; OOS -47.14 vs -67.57
V09-usdjpy-161,2026-09-28,usdjpy,1h,FINAL_H4,"{""atr_period"": 22, ""be_enable"": true, ""be_offset_pts"": 10, ""be_trigger_pts"": 200, ""entry_buffer_pts"": 0, ""fast"": 18, ""gate"": null, ""ma_exit"": true, ""prot_start_mode"": 0, ""prot_start_pts"": 0, ""protection"": 4, ""swing_search"": 100, ""swing_strength"": 2, ""thr_mode"": 1, ""trail_dist_pts"": 50, ""trail_start_pts"": 500, ""trail_step_pts"": 10, ""trend"": 200, ""use_sl_pct"": false, ""use_vol_filter"": true, ""use_volume"": true, ""vol_filter_max"": 1.5, ""vol_filter_min"": 0.0}",ATR(22)/SMA100(ATR) <= 1.5,2021-09-01..2026-09-26,B,1155,36.8,1.043,0.053,0.0222,61.27,25.6,130.01,0.23,81.92,67.15,-87.79,0.625,unstable,harmful,net 61.27 vs base 76.39; OOS -87.79 vs -67.57
V10-usdjpy-162,2026-09-28,usdjpy,1h,FINAL_H4,"{""atr_period"": 22, ""be_enable"": true, ""be_offset_pts"": 10, ""be_trigger_pts"": 200, ""entry_buffer_pts"": 0, ""fast"": 18, ""gate"": null, ""ma_exit"": true, ""prot_start_mode"": 0, ""prot_start_pts"": 0, ""protection"": 4, ""slope_filter_bars"": 3, ""swing_search"": 100, ""swing_strength"": 2, ""thr_mode"": 1, ""trail_dist_pts"": 50, ""trail_start_pts"": 500, ""trail_step_pts"": 10, ""trend"": 200, ""use_sl_pct"": false, ""use_volume"": true}",MA18 slope filter over 3 bars,2021-09-01..2026-09-26,B,1073,38.2,1.064,0.0814,0.0181,87.29,19.42,112.26,0.33,116.79,22.7,-52.21,0.759,unstable,mixed,net 87.29 vs base 76.39; OOS -52.21 vs -67.57
V11-usdjpy-163,2026-09-28,usdjpy,1h,FINAL_H4,"{""atr_period"": 22, ""be_enable"": true, ""be_offset_pts"": 10, ""be_trigger_pts"": 200, ""entry_buffer_pts"": 0, ""fast"": 18, ""gate"": null, ""ma_exit"": true, ""max_dist_atr"": 2.0, ""prot_start_mode"": 0, ""prot_start_pts"": 0, ""protection"": 4, ""swing_search"": 100, ""swing_strength"": 2, ""thr_mode"": 1, ""trail_dist_pts"": 50, ""trail_start_pts"": 500, ""trail_step_pts"": 10, ""trend"": 200, ""use_sl_pct"": false, ""use_volume"": true}",no entry when |close - MA18| > 2 ATR,2021-09-01..2026-09-26,B,1090,34.6,0.986,-0.0172,0.0133,-18.72,14.49,141.82,-0.08,19.88,41.27,-79.87,0.644,negative,harmful,net -18.72 vs base 76.39; OOS -79.87 vs -67.57
V12-usdjpy-164,2026-09-28,usdjpy,1h,FINAL_H4,"{""atr_period"": 22, ""be_enable"": true, ""be_offset_pts"": 10, ""be_trigger_pts"": 200, ""entry_buffer_pts"": 0, ""fast"": 18, ""gate"": [""regime"", ""no_sideways""], ""ma_exit"": true, ""prot_start_mode"": 0, ""prot_start_pts"": 0, ""protection"": 4, ""swing_search"": 100, ""swing_strength"": 2, ""thr_mode"": 1, ""trail_dist_pts"": 50, ""trail_start_pts"": 500, ""trail_step_pts"": 10, ""trend"": 200, ""use_sl_pct"": false, ""use_volume"": true}",trend-regime gate: no sideways days,2021-09-01..2026-09-26,B,1012,38.2,1.088,0.1088,0.0431,110.08,43.62,88.0,0.48,78.59,90.37,-58.88,0.651,unstable,mixed,net 110.08 vs base 76.39; OOS -58.88 vs -67.57
V13-usdjpy-165,2026-09-28,usdjpy,1h,FINAL_H4,"{""atr_period"": 22, ""be_enable"": true, ""be_offset_pts"": 10, ""be_trigger_pts"": 200, ""entry_buffer_pts"": 0, ""fast"": 18, ""gate"": [""regime"", ""aligned""], ""ma_exit"": true, ""prot_start_mode"": 0, ""prot_start_pts"": 0, ""protection"": 4, ""swing_search"": 100, ""swing_strength"": 2, ""thr_mode"": 1, ""trail_dist_pts"": 50, ""trail_start_pts"": 500, ""trail_step_pts"": 10, ""trend"": 200, ""use_sl_pct"": false, ""use_volume"": true}",regime-aligned direction,2021-09-01..2026-09-26,B,667,39.1,1.099,0.1135,0.0486,75.72,32.42,80.95,0.41,91.7,29.36,-45.35,0.617,unstable,mixed,net 75.72 vs base 76.39; OOS -45.35 vs -67.57
V14-usdjpy-166,2026-09-28,usdjpy,1h,FINAL_H4,"{""atr_period"": 22, ""be_enable"": true, ""be_offset_pts"": 10, ""be_trigger_pts"": 200, ""entry_buffer_pts"": 0, ""fast"": 18, ""gate"": [""dir"", 1], ""ma_exit"": true, ""prot_start_mode"": 0, ""prot_start_pts"": 0, ""protection"": 4, ""swing_search"": 100, ""swing_strength"": 2, ""thr_mode"": 1, ""trail_dist_pts"": 50, ""trail_start_pts"": 500, ""trail_step_pts"": 10, ""trend"": 200, ""use_sl_pct"": false, ""use_volume"": true}",long only,2021-09-01..2026-09-26,B,737,38.9,1.16,0.1694,0.0631,124.82,46.49,98.48,0.57,126.45,71.79,-73.43,0.563,unstable,mixed,net 124.82 vs base 76.39; OOS -73.43 vs -67.57
V15-usdjpy-167,2026-09-28,usdjpy,1h,FINAL_H4,"{""atr_period"": 22, ""be_enable"": true, ""be_offset_pts"": 10, ""be_trigger_pts"": 200, ""entry_buffer_pts"": 0, ""fast"": 18, ""gate"": [""dir"", -1], ""ma_exit"": true, ""prot_start_mode"": 0, ""prot_start_pts"": 0, ""protection"": 4, ""swing_search"": 100, ""swing_strength"": 2, ""thr_mode"": 1, ""trail_dist_pts"": 50, ""trail_start_pts"": 500, ""trail_step_pts"": 10, ""trend"": 200, ""use_sl_pct"": false, ""use_volume"": true}",short only,2021-09-01..2026-09-26,B,448,34.2,0.931,-0.1081,-0.0536,-48.43,-23.99,107.69,-0.34,-40.31,-13.98,5.86,1.08,negative,harmful,net -48.43 vs base 76.39; OOS 5.86 vs -67.57
V16-usdjpy-168,2026-09-28,usdjpy,1h,FINAL_H4,"{""atr_period"": 22, ""be_enable"": true, ""be_offset_pts"": 10, ""be_trigger_pts"": 200, ""entry_buffer_pts"": 0, ""fast"": 18, ""gate"": null, ""ma_exit"": true, ""pending_max_bars"": 3, ""prot_start_mode"": 0, ""prot_start_pts"": 0, ""protection"": 4, ""swing_search"": 100, ""swing_strength"": 2, ""thr_mode"": 1, ""trail_dist_pts"": 50, ""trail_start_pts"": 500, ""trail_step_pts"": 10, ""trend"": 200, ""use_sl_pct"": false, ""use_volume"": true}",pending order expires after 3 bars,2021-09-01..2026-09-26,B,1234,36.2,1.079,0.0971,0.0287,119.87,35.47,115.37,0.46,124.85,64.41,-69.39,0.718,unstable,mixed,net 119.87 vs base 76.39; OOS -69.39 vs -67.57
V17-usdjpy-169,2026-09-28,usdjpy,1h,FINAL_H4,"{""atr_period"": 22, ""be_enable"": true, ""be_offset_pts"": 10, ""be_trigger_pts"": 200, ""confirm_bars"": 1, ""entry_buffer_pts"": 0, ""fast"": 18, ""gate"": null, ""ma_exit"": true, ""prot_start_mode"": 0, ""prot_start_pts"": 0, ""protection"": 4, ""swing_search"": 100, ""swing_strength"": 2, ""thr_mode"": 1, ""trail_dist_pts"": 50, ""trail_start_pts"": 500, ""trail_step_pts"": 10, ""trend"": 200, ""use_sl_pct"": false, ""use_volume"": true}",confirmation window 1 bar,2021-09-01..2026-09-26,B,1598,32.8,1.017,0.0199,-0.0028,31.74,-4.45,181.2,0.12,135.08,-6.36,-96.98,0.682,unstable,harmful,net 31.74 vs base 76.39; OOS -96.98 vs -67.57
V18-usdjpy-170,2026-09-28,usdjpy,1h,FINAL_H4,"{""atr_period"": 22, ""be_enable"": true, ""be_offset_pts"": 10, ""be_trigger_pts"": 200, ""confirm_bars"": 3, ""entry_buffer_pts"": 0, ""fast"": 18, ""gate"": null, ""ma_exit"": true, ""prot_start_mode"": 0, ""prot_start_pts"": 0, ""protection"": 4, ""swing_search"": 100, ""swing_strength"": 2, ""thr_mode"": 1, ""trail_dist_pts"": 50, ""trail_start_pts"": 500, ""trail_step_pts"": 10, ""trend"": 200, ""use_sl_pct"": false, ""use_volume"": true}",confirmation window 3 bars,2021-09-01..2026-09-26,B,1047,38.9,1.052,0.0651,0.0047,68.21,4.92,138.87,0.25,135.71,-14.48,-53.03,0.749,unstable,mixed,net 68.21 vs base 76.39; OOS -53.03 vs -67.57
V19-usdjpy-171,2026-09-28,usdjpy,1h,FINAL_H4,"{""atr_period"": 22, ""be_enable"": true, ""be_offset_pts"": 10, ""be_trigger_pts"": 200, ""entry_buffer_pts"": 0, ""fast"": 18, ""gate"": [""regime"", ""vol_low_normal""], ""ma_exit"": true, ""prot_start_mode"": 0, ""prot_start_pts"": 0, ""protection"": 4, ""swing_search"": 100, ""swing_strength"": 2, ""thr_mode"": 1, ""trail_dist_pts"": 50, ""trail_start_pts"": 500, ""trail_step_pts"": 10, ""trend"": 200, ""use_sl_pct"": false, ""use_volume"": true}",no high/extreme volatility days,2021-09-01..2026-09-26,B,732,38.5,1.197,0.2085,0.0397,152.63,29.08,71.87,0.76,179.93,18.64,-45.94,0.736,unstable,mixed,net 152.63 vs base 76.39; OOS -45.94 vs -67.57
V20-usdjpy-172,2026-09-28,usdjpy,1h,FINAL_H4,"{""atr_period"": 22, ""be_enable"": true, ""be_offset_pts"": 10, ""be_trigger_pts"": 200, ""entry_buffer_pts"": 0, ""fast"": 18, ""gate"": [""spread""], ""ma_exit"": true, ""prot_start_mode"": 0, ""prot_start_pts"": 0, ""protection"": 4, ""swing_search"": 100, ""swing_strength"": 2, ""thr_mode"": 1, ""trail_dist_pts"": 50, ""trail_start_pts"": 500, ""trail_step_pts"": 10, ""trend"": 200, ""use_sl_pct"": false, ""use_volume"": true}",max spread filter: no setup when spread > 2x model median,2021-09-01..2026-09-26,B,1185,37.1,1.056,0.0696,0.0194,82.47,22.96,115.24,0.32,86.15,57.81,-61.49,0.741,unstable,mixed,net 82.47 vs base 76.39; OOS -61.49 vs -67.57
V01-usdjpy-173,2026-09-28,usdjpy,4h,FINAL_H4,"{""adx_min"": 25.0, ""atr_period"": 22, ""be_enable"": true, ""be_offset_pts"": 10, ""be_trigger_pts"": 200, ""entry_buffer_pts"": 0, ""fast"": 18, ""gate"": null, ""ma_exit"": true, ""prot_start_mode"": 0, ""prot_start_pts"": 0, ""protection"": 4, ""swing_search"": 100, ""swing_strength"": 2, ""thr_mode"": 1, ""trail_dist_pts"": 50, ""trail_start_pts"": 500, ""trail_step_pts"": 10, ""trend"": 200, ""use_adx"": true, ""use_sl_pct"": false, ""use_volume"": true}",ADX(14) >= 25 (EA filter),2021-09-01..2026-09-26,B,199,46.2,1.326,0.9086,0.1383,180.81,27.53,125.51,0.68,261.08,-77.05,-3.22,0.964,unstable,harmful,net 180.81 vs base 60.07; OOS -3.22 vs 10.58
V02-usdjpy-174,2026-09-28,usdjpy,4h,FINAL_H4,"{""adx_min"": 20.0, ""atr_period"": 22, ""be_enable"": true, ""be_offset_pts"": 10, ""be_trigger_pts"": 200, ""entry_buffer_pts"": 0, ""fast"": 18, ""gate"": null, ""ma_exit"": true, ""prot_start_mode"": 0, ""prot_start_pts"": 0, ""protection"": 4, ""swing_search"": 100, ""swing_strength"": 2, ""thr_mode"": 1, ""trail_dist_pts"": 50, ""trail_start_pts"": 500, ""trail_step_pts"": 10, ""trend"": 200, ""use_adx"": true, ""use_sl_pct"": false, ""use_volume"": true}",ADX(14) >= 20,2021-09-01..2026-09-26,B,262,42.4,1.152,0.405,0.0933,106.1,24.45,111.68,0.35,191.58,-81.75,-3.73,0.964,unstable,mixed,net 106.1 vs base 60.07; OOS -3.73 vs 10.58
V03-usdjpy-175,2026-09-28,usdjpy,4h,FINAL_H4,"{""atr_period"": 22, ""be_enable"": true, ""be_offset_pts"": 10, ""be_trigger_pts"": 200, ""entry_buffer_pts"": 0, ""fast"": 18, ""gate"": null, ""ma_exit"": true, ""prot_start_mode"": 0, ""prot_start_pts"": 0, ""protection"": 4, ""swing_search"": 100, ""swing_strength"": 2, ""thr_mode"": 1, ""trail_dist_pts"": 50, ""trail_start_pts"": 500, ""trail_step_pts"": 10, ""trend"": 200, ""use_sl_pct"": false, ""use_volume"": false}",no volume filter,2021-09-01..2026-09-26,B,295,41.0,1.072,0.2036,0.06,60.07,17.7,155.95,0.2,166.67,-117.18,10.58,1.107,unstable,mixed,net 60.07 vs base 60.07; OOS 10.58 vs 10.58
V04-usdjpy-176,2026-09-28,usdjpy,4h,FINAL_H4,"{""atr_period"": 22, ""be_enable"": true, ""be_offset_pts"": 10, ""be_trigger_pts"": 200, ""entry_buffer_pts"": 0, ""fast"": 18, ""gate"": null, ""ma_exit"": true, ""prot_start_mode"": 0, ""prot_start_pts"": 0, ""protection"": 4, ""session_hours"": [8, 9, 10, 11, 12, 13, 14, 15, 16, 17, 18, 19, 20, 21], ""swing_search"": 100, ""swing_strength"": 2, ""thr_mode"": 1, ""trail_dist_pts"": 50, ""trail_start_pts"": 500, ""trail_step_pts"": 10, ""trend"": 200, ""use_session"": true, ""use_sl_pct"": false, ""use_volume"": true}",entries 08:00-21:59 server (London + New York),2021-09-01..2026-09-26,B,255,43.1,1.187,0.5096,0.0967,129.95,24.65,119.25,0.43,196.73,-92.09,25.31,1.305,unstable,helpful,net 129.95 vs base 60.07; OOS 25.31 vs 10.58
V05-usdjpy-177,2026-09-28,usdjpy,4h,FINAL_H4,"{""atr_period"": 22, ""be_enable"": true, ""be_offset_pts"": 10, ""be_trigger_pts"": 200, ""entry_buffer_pts"": 0, ""fast"": 18, ""gate"": null, ""ma_exit"": true, ""prot_start_mode"": 0, ""prot_start_pts"": 0, ""protection"": 4, ""session_hours"": [13, 14, 15, 16], ""swing_search"": 100, ""swing_strength"": 2, ""thr_mode"": 1, ""trail_dist_pts"": 50, ""trail_start_pts"": 500, ""trail_step_pts"": 10, ""trend"": 200, ""use_session"": true, ""use_sl_pct"": false, ""use_volume"": true}",entries 13:00-16:59 server (London/NY overlap),2021-09-01..2026-09-26,B,185,40.5,1.262,0.6926,0.0998,128.13,18.47,79.02,0.49,179.75,-37.51,-14.12,0.82,unstable,mixed,net 128.13 vs base 60.07; OOS -14.12 vs 10.58
V06-usdjpy-178,2026-09-28,usdjpy,4h,FINAL_H4,"{""atr_period"": 22, ""be_enable"": true, ""be_offset_pts"": 10, ""be_trigger_pts"": 200, ""entry_buffer_pts"": 0, ""fast"": 18, ""gate"": null, ""ma_exit"": true, ""prot_start_mode"": 0, ""prot_start_pts"": 0, ""protection"": 4, ""session_hours"": [7, 8, 9, 10, 11, 12, 13, 14, 15, 16, 17, 18, 19, 20, 21, 22, 23], ""swing_search"": 100, ""swing_strength"": 2, ""thr_mode"": 1, ""trail_dist_pts"": 50, ""trail_start_pts"": 500, ""trail_step_pts"": 10, ""trend"": 200, ""use_session"": true, ""use_sl_pct"": false, ""use_volume"": true}",no entries 00:00-06:59 server (Asia),2021-09-01..2026-09-26,B,255,43.1,1.191,0.5174,0.0971,131.94,24.76,119.25,0.44,198.72,-92.09,25.31,1.305,unstable,helpful,net 131.94 vs base 60.07; OOS 25.31 vs 10.58
V07-usdjpy-179,2026-09-28,usdjpy,4h,FINAL_H4,"{""atr_period"": 22, ""be_enable"": true, ""be_offset_pts"": 10, ""be_trigger_pts"": 200, ""entry_buffer_pts"": 0, ""fast"": 18, ""gate"": [""mon_open""], ""ma_exit"": true, ""prot_start_mode"": 0, ""prot_start_pts"": 0, ""protection"": 4, ""swing_search"": 100, ""swing_strength"": 2, ""thr_mode"": 1, ""trail_dist_pts"": 50, ""trail_start_pts"": 500, ""trail_step_pts"": 10, ""trend"": 200, ""use_sl_pct"": false, ""use_volume"": true}",no entries on Monday before 08:00 (weekend gap),2021-09-01..2026-09-26,B,290,40.7,1.126,0.3438,0.053,99.7,15.36,135.97,0.31,204.65,-108.81,3.86,1.037,unstable,mixed,net 99.7 vs base 60.07; OOS 3.86 vs 10.58
V08-usdjpy-180,2026-09-28,usdjpy,4h,FINAL_H4,"{""atr_period"": 22, ""be_enable"": true, ""be_offset_pts"": 10, ""be_trigger_pts"": 200, ""entry_buffer_pts"": 0, ""fast"": 18, ""gate"": null, ""ma_exit"": true, ""prot_start_mode"": 0, ""prot_start_pts"": 0, ""protection"": 4, ""swing_search"": 100, ""swing_strength"": 2, ""thr_mode"": 1, ""trail_dist_pts"": 50, ""trail_start_pts"": 500, ""trail_step_pts"": 10, ""trend"": 200, ""use_sl_pct"": false, ""use_vol_filter"": true, ""use_volume"": true, ""vol_filter_min"": 1.0}",ATR(22)/SMA100(ATR) >= 1.0,2021-09-01..2026-09-26,B,147,36.7,0.945,-0.1894,0.0062,-27.84,0.91,134.43,-0.12,63.78,-82.23,-9.39,0.82,negative,harmful,net -27.84 vs base 60.07; OOS -9.39 vs 10.58
V09-usdjpy-181,2026-09-28,usdjpy,4h,FINAL_H4,"{""atr_period"": 22, ""be_enable"": true, ""be_offset_pts"": 10, ""be_trigger_pts"": 200, ""entry_buffer_pts"": 0, ""fast"": 18, ""gate"": null, ""ma_exit"": true, ""prot_start_mode"": 0, ""prot_start_pts"": 0, ""protection"": 4, ""swing_search"": 100, ""swing_strength"": 2, ""thr_mode"": 1, ""trail_dist_pts"": 50, ""trail_start_pts"": 500, ""trail_step_pts"": 10, ""trend"": 200, ""use_sl_pct"": false, ""use_vol_filter"": true, ""use_volume"": true, ""vol_filter_max"": 1.5, ""vol_filter_min"": 0.0}",ATR(22)/SMA100(ATR) <= 1.5,2021-09-01..2026-09-26,B,283,40.3,1.119,0.3085,0.0657,87.31,18.59,126.4,0.3,181.01,-99.24,5.54,1.058,unstable,mixed,net 87.31 vs base 60.07; OOS 5.54 vs 10.58
V10-usdjpy-182,2026-09-28,usdjpy,4h,FINAL_H4,"{""atr_period"": 22, ""be_enable"": true, ""be_offset_pts"": 10, ""be_trigger_pts"": 200, ""entry_buffer_pts"": 0, ""fast"": 18, ""gate"": null, ""ma_exit"": true, ""prot_start_mode"": 0, ""prot_start_pts"": 0, ""protection"": 4, ""slope_filter_bars"": 3, ""swing_search"": 100, ""swing_strength"": 2, ""thr_mode"": 1, ""trail_dist_pts"": 50, ""trail_start_pts"": 500, ""trail_step_pts"": 10, ""trend"": 200, ""use_sl_pct"": false, ""use_volume"": true}",MA18 slope filter over 3 bars,2021-09-01..2026-09-26,B,255,41.6,0.972,-0.087,0.0226,-22.2,5.77,160.17,-0.08,67.69,-105.74,15.85,1.204,negative,harmful,net -22.2 vs base 60.07; OOS 15.85 vs 10.58
V11-usdjpy-183,2026-09-28,usdjpy,4h,FINAL_H4,"{""atr_period"": 22, ""be_enable"": true, ""be_offset_pts"": 10, ""be_trigger_pts"": 200, ""entry_buffer_pts"": 0, ""fast"": 18, ""gate"": null, ""ma_exit"": true, ""max_dist_atr"": 2.0, ""prot_start_mode"": 0, ""prot_start_pts"": 0, ""protection"": 4, ""swing_search"": 100, ""swing_strength"": 2, ""thr_mode"": 1, ""trail_dist_pts"": 50, ""trail_start_pts"": 500, ""trail_step_pts"": 10, ""trend"": 200, ""use_sl_pct"": false, ""use_volume"": true}",no entry when |close - MA18| > 2 ATR,2021-09-01..2026-09-26,B,264,38.3,1.135,0.3623,0.0565,95.65,14.9,120.57,0.32,183.18,-98.47,10.94,1.166,unstable,helpful,net 95.65 vs base 60.07; OOS 10.94 vs 10.58
V12-usdjpy-184,2026-09-28,usdjpy,4h,FINAL_H4,"{""atr_period"": 22, ""be_enable"": true, ""be_offset_pts"": 10, ""be_trigger_pts"": 200, ""entry_buffer_pts"": 0, ""fast"": 18, ""gate"": [""regime"", ""no_sideways""], ""ma_exit"": true, ""prot_start_mode"": 0, ""prot_start_pts"": 0, ""protection"": 4, ""swing_search"": 100, ""swing_strength"": 2, ""thr_mode"": 1, ""trail_dist_pts"": 50, ""trail_start_pts"": 500, ""trail_step_pts"": 10, ""trend"": 200, ""use_sl_pct"": false, ""use_volume"": true}",trend-regime gate: no sideways days,2021-09-01..2026-09-26,B,256,41.8,1.05,0.145,0.0601,37.11,15.39,145.28,0.13,122.29,-106.51,21.33,1.351,unstable,mixed,net 37.11 vs base 60.07; OOS 21.33 vs 10.58
V13-usdjpy-185,2026-09-28,usdjpy,4h,FINAL_H4,"{""atr_period"": 22, ""be_enable"": true, ""be_offset_pts"": 10, ""be_trigger_pts"": 200, ""entry_buffer_pts"": 0, ""fast"": 18, ""gate"": [""regime"", ""aligned""], ""ma_exit"": true, ""prot_start_mode"": 0, ""prot_start_pts"": 0, ""protection"": 4, ""swing_search"": 100, ""swing_strength"": 2, ""thr_mode"": 1, ""trail_dist_pts"": 50, ""trail_start_pts"": 500, ""trail_step_pts"": 10, ""trend"": 200, ""use_sl_pct"": false, ""use_volume"": true}",regime-aligned direction,2021-09-01..2026-09-26,B,218,41.7,1.023,0.0672,0.0555,14.66,12.1,166.78,0.05,131.13,-126.58,10.11,1.166,unstable,mixed,net 14.66 vs base 60.07; OOS 10.11 vs 10.58
V14-usdjpy-186,2026-09-28,usdjpy,4h,FINAL_H4,"{""atr_period"": 22, ""be_enable"": true, ""be_offset_pts"": 10, ""be_trigger_pts"": 200, ""entry_buffer_pts"": 0, ""fast"": 18, ""gate"": [""dir"", 1], ""ma_exit"": true, ""prot_start_mode"": 0, ""prot_start_pts"": 0, ""protection"": 4, ""swing_search"": 100, ""swing_strength"": 2, ""thr_mode"": 1, ""trail_dist_pts"": 50, ""trail_start_pts"": 500, ""trail_step_pts"": 10, ""trend"": 200, ""use_sl_pct"": false, ""use_volume"": true}",long only,2021-09-01..2026-09-26,B,201,46.3,1.345,0.7421,0.0741,149.17,14.9,100.57,0.59,220.69,-67.71,-3.81,0.951,unstable,harmful,net 149.17 vs base 60.07; OOS -3.81 vs 10.58
V15-usdjpy-187,2026-09-28,usdjpy,4h,FINAL_H4,"{""atr_period"": 22, ""be_enable"": true, ""be_offset_pts"": 10, ""be_trigger_pts"": 200, ""entry_buffer_pts"": 0, ""fast"": 18, ""gate"": [""dir"", -1], ""ma_exit"": true, ""prot_start_mode"": 0, ""prot_start_pts"": 0, ""protection"": 4, ""swing_search"": 100, ""swing_strength"": 2, ""thr_mode"": 1, ""trail_dist_pts"": 50, ""trail_start_pts"": 500, ""trail_step_pts"": 10, ""trend"": 200, ""use_sl_pct"": false, ""use_volume"": true}",short only,2021-09-01..2026-09-26,B,94,29.8,0.779,-0.9478,0.0298,-89.09,2.8,124.71,-0.56,-54.02,-49.47,14.39,1.664,negative,mixed,net -89.09 vs base 60.07; OOS 14.39 vs 10.58
V16-usdjpy-188,2026-09-28,usdjpy,4h,FINAL_H4,"{""atr_period"": 22, ""be_enable"": true, ""be_offset_pts"": 10, ""be_trigger_pts"": 200, ""entry_buffer_pts"": 0, ""fast"": 18, ""gate"": null, ""ma_exit"": true, ""pending_max_bars"": 3, ""prot_start_mode"": 0, ""prot_start_pts"": 0, ""protection"": 4, ""swing_search"": 100, ""swing_strength"": 2, ""thr_mode"": 1, ""trail_dist_pts"": 50, ""trail_start_pts"": 500, ""trail_step_pts"": 10, ""trend"": 200, ""use_sl_pct"": false, ""use_volume"": true}",pending order expires after 3 bars,2021-09-01..2026-09-26,B,300,40.3,1.047,0.1347,0.0551,40.41,16.52,165.11,0.13,156.16,-126.34,10.58,1.107,unstable,harmful,net 40.41 vs base 60.07; OOS 10.58 vs 10.58
V17-usdjpy-189,2026-09-28,usdjpy,4h,FINAL_H4,"{""atr_period"": 22, ""be_enable"": true, ""be_offset_pts"": 10, ""be_trigger_pts"": 200, ""confirm_bars"": 1, ""entry_buffer_pts"": 0, ""fast"": 18, ""gate"": null, ""ma_exit"": true, ""prot_start_mode"": 0, ""prot_start_pts"": 0, ""protection"": 4, ""swing_search"": 100, ""swing_strength"": 2, ""thr_mode"": 1, ""trail_dist_pts"": 50, ""trail_start_pts"": 500, ""trail_step_pts"": 10, ""trend"": 200, ""use_sl_pct"": false, ""use_volume"": true}",confirmation window 1 bar,2021-09-01..2026-09-26,B,378,35.2,1.124,0.3202,0.0889,121.05,33.6,131.62,0.36,205.37,-75.8,-8.52,0.933,unstable,harmful,net 121.05 vs base 60.07; OOS -8.52 vs 10.58
V18-usdjpy-190,2026-09-28,usdjpy,4h,FINAL_H4,"{""atr_period"": 22, ""be_enable"": true, ""be_offset_pts"": 10, ""be_trigger_pts"": 200, ""confirm_bars"": 3, ""entry_buffer_pts"": 0, ""fast"": 18, ""gate"": null, ""ma_exit"": true, ""prot_start_mode"": 0, ""prot_start_pts"": 0, ""protection"": 4, ""swing_search"": 100, ""swing_strength"": 2, ""thr_mode"": 1, ""trail_dist_pts"": 50, ""trail_start_pts"": 500, ""trail_step_pts"": 10, ""trend"": 200, ""use_sl_pct"": false, ""use_volume"": true}",confirmation window 3 bars,2021-09-01..2026-09-26,B,239,42.3,1.106,0.3003,0.0979,71.77,23.41,102.85,0.27,140.3,-82.47,13.94,1.179,unstable,mixed,net 71.77 vs base 60.07; OOS 13.94 vs 10.58
V19-usdjpy-191,2026-09-28,usdjpy,4h,FINAL_H4,"{""atr_period"": 22, ""be_enable"": true, ""be_offset_pts"": 10, ""be_trigger_pts"": 200, ""entry_buffer_pts"": 0, ""fast"": 18, ""gate"": [""regime"", ""vol_low_normal""], ""ma_exit"": true, ""prot_start_mode"": 0, ""prot_start_pts"": 0, ""protection"": 4, ""swing_search"": 100, ""swing_strength"": 2, ""thr_mode"": 1, ""trail_dist_pts"": 50, ""trail_start_pts"": 500, ""trail_step_pts"": 10, ""trend"": 200, ""use_sl_pct"": false, ""use_volume"": true}",no high/extreme volatility days,2021-09-01..2026-09-26,B,185,42.2,1.189,0.4594,0.0872,85.0,16.12,93.12,0.32,166.66,-87.76,6.09,1.084,unstable,harmful,net 85.0 vs base 60.07; OOS 6.09 vs 10.58
V20-usdjpy-192,2026-09-28,usdjpy,4h,FINAL_H4,"{""atr_period"": 22, ""be_enable"": true, ""be_offset_pts"": 10, ""be_trigger_pts"": 200, ""entry_buffer_pts"": 0, ""fast"": 18, ""gate"": [""spread""], ""ma_exit"": true, ""prot_start_mode"": 0, ""prot_start_pts"": 0, ""protection"": 4, ""swing_search"": 100, ""swing_strength"": 2, ""thr_mode"": 1, ""trail_dist_pts"": 50, ""trail_start_pts"": 500, ""trail_step_pts"": 10, ""trend"": 200, ""use_sl_pct"": false, ""use_volume"": true}",max spread filter: no setup when spread > 2x model median,2021-09-01..2026-09-26,B,295,41.0,1.071,0.2022,0.0597,59.66,17.62,155.95,0.2,166.67,-117.18,10.17,1.102,unstable,mixed,net 59.66 vs base 60.07; OOS 10.17 vs 10.58
M06m-usdjpy-193,2026-09-28,usdjpy,1h,FINAL_H4,"{""atr_period"": 22, ""be_enable"": true, ""be_offset_pts"": 10, ""be_trigger_pts"": 200, ""entry_buffer_pts"": 0, ""fast"": 18, ""htf"": ""4h"", ""ma_exit"": true, ""mode"": ""ma"", ""prot_start_mode"": 0, ""prot_start_pts"": 0, ""protection"": 4, ""swing_search"": 100, ""swing_strength"": 2, ""thr_mode"": 1, ""trail_dist_pts"": 50, ""trail_start_pts"": 500, ""trail_step_pts"": 10, ""trend"": 200, ""use_sl_pct"": false, ""use_volume"": true}",HTF 4h gate (ma),2021-09-01..2026-09-26,B,818,38.1,1.029,0.0353,0.0203,28.89,16.6,115.2,0.14,92.03,-8.88,-54.26,0.658,unstable,harmful,net 28.89 vs base 76.39
M06c-usdjpy-194,2026-09-28,usdjpy,1h,FINAL_H4,"{""atr_period"": 22, ""be_enable"": true, ""be_offset_pts"": 10, ""be_trigger_pts"": 200, ""entry_buffer_pts"": 0, ""fast"": 18, ""htf"": ""4h"", ""ma_exit"": true, ""mode"": ""close"", ""prot_start_mode"": 0, ""prot_start_pts"": 0, ""protection"": 4, ""swing_search"": 100, ""swing_strength"": 2, ""thr_mode"": 1, ""trail_dist_pts"": 50, ""trail_start_pts"": 500, ""trail_step_pts"": 10, ""trend"": 200, ""use_sl_pct"": false, ""use_volume"": true}",HTF 4h gate (close),2021-09-01..2026-09-26,B,722,40.9,1.135,0.1606,0.0465,115.99,33.58,93.65,0.52,160.51,9.06,-53.58,0.646,unstable,harmful,net 115.99 vs base 76.39
M07m-usdjpy-195,2026-09-28,usdjpy,1h,FINAL_H4,"{""atr_period"": 22, ""be_enable"": true, ""be_offset_pts"": 10, ""be_trigger_pts"": 200, ""entry_buffer_pts"": 0, ""fast"": 18, ""htf"": ""D1"", ""ma_exit"": true, ""mode"": ""ma"", ""prot_start_mode"": 0, ""prot_start_pts"": 0, ""protection"": 4, ""swing_search"": 100, ""swing_strength"": 2, ""thr_mode"": 1, ""trail_dist_pts"": 50, ""trail_start_pts"": 500, ""trail_step_pts"": 10, ""trend"": 200, ""use_sl_pct"": false, ""use_volume"": true}",HTF D1 gate (ma),2021-09-01..2026-09-26,B,571,35.9,0.815,-0.2279,-0.0309,-130.12,-17.66,186.12,-0.9,-19.34,-31.36,-79.42,0.511,negative,harmful,net -130.12 vs base 76.39
M07c-usdjpy-196,2026-09-28,usdjpy,1h,FINAL_H4,"{""atr_period"": 22, ""be_enable"": true, ""be_offset_pts"": 10, ""be_trigger_pts"": 200, ""entry_buffer_pts"": 0, ""fast"": 18, ""htf"": ""D1"", ""ma_exit"": true, ""mode"": ""close"", ""prot_start_mode"": 0, ""prot_start_pts"": 0, ""protection"": 4, ""swing_search"": 100, ""swing_strength"": 2, ""thr_mode"": 1, ""trail_dist_pts"": 50, ""trail_start_pts"": 500, ""trail_step_pts"": 10, ""trend"": 200, ""use_sl_pct"": false, ""use_volume"": true}",HTF D1 gate (close),2021-09-01..2026-09-26,B,507,37.1,0.901,-0.1149,0.0065,-58.27,3.27,113.62,-0.42,11.78,11.72,-81.76,0.434,negative,harmful,net -58.27 vs base 76.39
M09m-usdjpy-197,2026-09-28,usdjpy,4h,FINAL_H4,"{""atr_period"": 22, ""be_enable"": true, ""be_offset_pts"": 10, ""be_trigger_pts"": 200, ""entry_buffer_pts"": 0, ""fast"": 18, ""htf"": ""D1"", ""ma_exit"": true, ""mode"": ""ma"", ""prot_start_mode"": 0, ""prot_start_pts"": 0, ""protection"": 4, ""swing_search"": 100, ""swing_strength"": 2, ""thr_mode"": 1, ""trail_dist_pts"": 50, ""trail_start_pts"": 500, ""trail_step_pts"": 10, ""trend"": 200, ""use_sl_pct"": false, ""use_volume"": true}",HTF D1 gate (ma),2021-09-01..2026-09-26,B,174,39.1,0.852,-0.4387,0.016,-76.33,2.79,152.09,-0.4,53.52,-123.53,-6.32,0.91,negative,harmful,net -76.33 vs base 60.07
M09c-usdjpy-198,2026-09-28,usdjpy,4h,FINAL_H4,"{""atr_period"": 22, ""be_enable"": true, ""be_offset_pts"": 10, ""be_trigger_pts"": 200, ""entry_buffer_pts"": 0, ""fast"": 18, ""htf"": ""D1"", ""ma_exit"": true, ""mode"": ""close"", ""prot_start_mode"": 0, ""prot_start_pts"": 0, ""protection"": 4, ""swing_search"": 100, ""swing_strength"": 2, ""thr_mode"": 1, ""trail_dist_pts"": 50, ""trail_start_pts"": 500, ""trail_step_pts"": 10, ""trend"": 200, ""use_sl_pct"": false, ""use_volume"": true}",HTF D1 gate (close),2021-09-01..2026-09-26,B,161,41.6,0.897,-0.2969,0.0324,-47.8,5.22,113.4,-0.27,46.65,-95.03,0.57,1.01,negative,harmful,net -47.8 vs base 60.07
SWEEP-xagusd-001,2026-09-28,xagusd,4h,ASIS,"{""fast"": [8, 10, 12, 14, 16, 18, 20, 22, 25, 30], ""trend"": [50, 100, 150, 200, 250, 300]}",none,2021-09-01..2026-09-26,B,104,,,,,,,,,,,,,,robustness map,"0/60 MA cells TRAIN-positive, 0 also VAL+OOS; WF chosen>base 1/6"
SWEEP-btcusd-002,2026-09-28,btcusd,4h,ASIS,"{""fast"": [8, 10, 12, 14, 16, 18, 20, 22, 25, 30], ""trend"": [50, 100, 150, 200, 250, 300]}",none,2021-09-01..2026-09-26,B,429,,,,,,,,,,,,,,robustness map,"56/60 MA cells TRAIN-positive, 1 also VAL+OOS; WF chosen>base 2/6"
SWEEP-btcusd-003,2026-09-28,btcusd,D1,ASIS,"{""fast"": [8, 10, 12, 14, 16, 18, 20, 22, 25, 30], ""trend"": [50, 100, 150, 200, 250, 300]}",none,2021-09-01..2026-09-26,B,62,,,,,,,,,,,,,,robustness map,"60/60 MA cells TRAIN-positive, 0 also VAL+OOS; WF chosen>base 2/6"
SWEEP-btcusd-004,2026-09-28,btcusd,D1,FINAL_H4,"{""fast"": [8, 10, 12, 14, 16, 18, 20, 22, 25, 30], ""trend"": [50, 100, 150, 200, 250, 300]}",none,2021-09-01..2026-09-26,B,29,,,,,,,,,,,,,,robustness map,"24/60 MA cells TRAIN-positive, 3 also VAL+OOS; WF chosen>base 3/5"
SWEEP-lightcmdusd-005,2026-09-28,lightcmdusd,4h,ASIS,"{""fast"": [8, 10, 12, 14, 16, 18, 20, 22, 25, 30], ""trend"": [50, 100, 150, 200, 250, 300]}",none,2021-09-01..2026-09-26,B,78,,,,,,,,,,,,,,robustness map,"5/60 MA cells TRAIN-positive, 0 also VAL+OOS; WF chosen>base 1/6"
SWEEP-lightcmdusd-006,2026-09-28,lightcmdusd,4h,FINAL_H4,"{""fast"": [8, 10, 12, 14, 16, 18, 20, 22, 25, 30], ""trend"": [50, 100, 150, 200, 250, 300]}",none,2021-09-01..2026-09-26,B,90,,,,,,,,,,,,,,robustness map,"19/60 MA cells TRAIN-positive, 0 also VAL+OOS; WF chosen>base 3/6"
V01-xagusd-001,2026-09-28,xagusd,4h,ASIS,"{""adx_min"": 25.0, ""be_enable"": true, ""be_offset_pts"": 10, ""be_trigger_pts"": 500, ""entry_buffer_pts"": 10, ""fast"": 18, ""gate"": null, ""ma_exit"": true, ""prot_start_mode"": 1, ""prot_start_pts"": 500, ""protection"": 1, ""swing_buffer_pts"": 50, ""swing_search"": 100, ""swing_strength"": 2, ""thr_mode"": 0, ""trend"": 200, ""use_adx"": true, ""use_sl_pct"": false, ""use_volume"": true}",ADX(14) >= 25 (EA filter),2021-09-01..2026-09-26,B,171,45.0,1.071,1.2094,-0.0431,206.8,-7.37,734.28,0.08,-522.38,-91.17,820.36,1.551,unstable,harmful,net 206.8 vs base 849.03; OOS 820.36 vs 1558.0
V02-xagusd-002,2026-09-28,xagusd,4h,ASIS,"{""adx_min"": 20.0, ""be_enable"": true, ""be_offset_pts"": 10, ""be_trigger_pts"": 500, ""entry_buffer_pts"": 10, ""fast"": 18, ""gate"": null, ""ma_exit"": true, ""prot_start_mode"": 1, ""prot_start_pts"": 500, ""protection"": 1, ""swing_buffer_pts"": 50, ""swing_search"": 100, ""swing_strength"": 2, ""thr_mode"": 0, ""trend"": 200, ""use_adx"": true, ""use_sl_pct"": false, ""use_volume"": true}",ADX(14) >= 20,2021-09-01..2026-09-26,B,202,43.1,1.017,0.2803,-0.0661,56.63,-13.35,1069.0,0.02,-764.83,-197.53,1018.99,1.667,unstable,harmful,net 56.63 vs base 849.03; OOS 1018.99 vs 1558.0
V03-xagusd-003,2026-09-28,xagusd,4h,ASIS,"{""be_enable"": true, ""be_offset_pts"": 10, ""be_trigger_pts"": 500, ""entry_buffer_pts"": 10, ""fast"": 18, ""gate"": null, ""ma_exit"": true, ""prot_start_mode"": 1, ""prot_start_pts"": 500, ""protection"": 1, ""swing_buffer_pts"": 50, ""swing_search"": 100, ""swing_strength"": 2, ""thr_mode"": 0, ""trend"": 200, ""use_sl_pct"": false, ""use_volume"": false}",no volume filter,2021-09-01..2026-09-26,B,287,42.9,1.116,1.805,-0.0459,518.03,-13.18,864.28,0.19,-559.01,-86.81,1163.85,1.49,unstable,harmful,net 518.03 vs base 849.03; OOS 1163.85 vs 1558.0
V04-xagusd-004,2026-09-28,xagusd,4h,ASIS,"{""be_enable"": true, ""be_offset_pts"": 10, ""be_trigger_pts"": 500, ""entry_buffer_pts"": 10, ""fast"": 18, ""gate"": null, ""ma_exit"": true, ""prot_start_mode"": 1, ""prot_start_pts"": 500, ""protection"": 1, ""session_hours"": [8, 9, 10, 11, 12, 13, 14, 15, 16, 17, 18, 19, 20, 21], ""swing_buffer_pts"": 50, ""swing_search"": 100, ""swing_strength"": 2, ""thr_mode"": 0, ""trend"": 200, ""use_session"": true, ""use_sl_pct"": false, ""use_volume"": true}",entries 08:00-21:59 server (London + New York),2021-09-01..2026-09-26,B,222,44.1,1.175,2.6637,-0.042,591.34,-9.33,917.18,0.2,-726.98,-4.73,1323.06,1.881,unstable,harmful,net 591.34 vs base 849.03; OOS 1323.06 vs 1558.0
V05-xagusd-005,2026-09-28,xagusd,4h,ASIS,"{""be_enable"": true, ""be_offset_pts"": 10, ""be_trigger_pts"": 500, ""entry_buffer_pts"": 10, ""fast"": 18, ""gate"": null, ""ma_exit"": true, ""prot_start_mode"": 1, ""prot_start_pts"": 500, ""protection"": 1, ""session_hours"": [13, 14, 15, 16], ""swing_buffer_pts"": 50, ""swing_search"": 100, ""swing_strength"": 2, ""thr_mode"": 0, ""trend"": 200, ""use_session"": true, ""use_sl_pct"": false, ""use_volume"": true}",entries 13:00-16:59 server (London/NY overlap),2021-09-01..2026-09-26,B,143,41.3,0.982,-0.2039,-0.1374,-29.15,-19.65,773.46,-0.03,-506.77,-72.32,549.94,2.517,negative,harmful,net -29.15 vs base 849.03; OOS 549.94 vs 1558.0
V06-xagusd-006,2026-09-28,xagusd,4h,ASIS,"{""be_enable"": true, ""be_offset_pts"": 10, ""be_trigger_pts"": 500, ""entry_buffer_pts"": 10, ""fast"": 18, ""gate"": null, ""ma_exit"": true, ""prot_start_mode"": 1, ""prot_start_pts"": 500, ""protection"": 1, ""session_hours"": [7, 8, 9, 10, 11, 12, 13, 14, 15, 16, 17, 18, 19, 20, 21, 22, 23], ""swing_buffer_pts"": 50, ""swing_search"": 100, ""swing_strength"": 2, ""thr_mode"": 0, ""trend"": 200, ""use_session"": true, ""use_sl_pct"": false, ""use_volume"": true}",no entries 00:00-06:59 server (Asia),2021-09-01..2026-09-26,B,222,44.1,1.175,2.6637,-0.042,591.34,-9.33,917.18,0.2,-726.98,-4.73,1323.06,1.881,unstable,harmful,net 591.34 vs base 849.03; OOS 1323.06 vs 1558.0
V01-xagusd-001,2026-09-28,xagusd,4h,ASIS,"{""adx_min"": 25.0, ""be_enable"": true, ""be_offset_pts"": 10, ""be_trigger_pts"": 500, ""entry_buffer_pts"": 10, ""fast"": 18, ""gate"": null, ""ma_exit"": true, ""prot_start_mode"": 1, ""prot_start_pts"": 500, ""protection"": 1, ""swing_buffer_pts"": 50, ""swing_search"": 100, ""swing_strength"": 2, ""thr_mode"": 0, ""trend"": 200, ""use_adx"": true, ""use_sl_pct"": false, ""use_volume"": true}",ADX(14) >= 25 (EA filter),2021-09-01..2026-09-26,B,171,45.0,1.071,1.2094,-0.0431,206.8,-7.37,734.28,0.08,-522.38,-91.17,820.36,1.551,unstable,harmful,net 206.8 vs base 849.03; OOS 820.36 vs 1558.0
V02-xagusd-002,2026-09-28,xagusd,4h,ASIS,"{""adx_min"": 20.0, ""be_enable"": true, ""be_offset_pts"": 10, ""be_trigger_pts"": 500, ""entry_buffer_pts"": 10, ""fast"": 18, ""gate"": null, ""ma_exit"": true, ""prot_start_mode"": 1, ""prot_start_pts"": 500, ""protection"": 1, ""swing_buffer_pts"": 50, ""swing_search"": 100, ""swing_strength"": 2, ""thr_mode"": 0, ""trend"": 200, ""use_adx"": true, ""use_sl_pct"": false, ""use_volume"": true}",ADX(14) >= 20,2021-09-01..2026-09-26,B,202,43.1,1.017,0.2803,-0.0661,56.63,-13.35,1069.0,0.02,-764.83,-197.53,1018.99,1.667,unstable,harmful,net 56.63 vs base 849.03; OOS 1018.99 vs 1558.0
V03-xagusd-003,2026-09-28,xagusd,4h,ASIS,"{""be_enable"": true, ""be_offset_pts"": 10, ""be_trigger_pts"": 500, ""entry_buffer_pts"": 10, ""fast"": 18, ""gate"": null, ""ma_exit"": true, ""prot_start_mode"": 1, ""prot_start_pts"": 500, ""protection"": 1, ""swing_buffer_pts"": 50, ""swing_search"": 100, ""swing_strength"": 2, ""thr_mode"": 0, ""trend"": 200, ""use_sl_pct"": false, ""use_volume"": false}",no volume filter,2021-09-01..2026-09-26,B,287,42.9,1.116,1.805,-0.0459,518.03,-13.18,864.28,0.19,-559.01,-86.81,1163.85,1.49,unstable,harmful,net 518.03 vs base 849.03; OOS 1163.85 vs 1558.0
V04-xagusd-004,2026-09-28,xagusd,4h,ASIS,"{""be_enable"": true, ""be_offset_pts"": 10, ""be_trigger_pts"": 500, ""entry_buffer_pts"": 10, ""fast"": 18, ""gate"": null, ""ma_exit"": true, ""prot_start_mode"": 1, ""prot_start_pts"": 500, ""protection"": 1, ""session_hours"": [8, 9, 10, 11, 12, 13, 14, 15, 16, 17, 18, 19, 20, 21], ""swing_buffer_pts"": 50, ""swing_search"": 100, ""swing_strength"": 2, ""thr_mode"": 0, ""trend"": 200, ""use_session"": true, ""use_sl_pct"": false, ""use_volume"": true}",entries 08:00-21:59 server (London + New York),2021-09-01..2026-09-26,B,222,44.1,1.175,2.6637,-0.042,591.34,-9.33,917.18,0.2,-726.98,-4.73,1323.06,1.881,unstable,harmful,net 591.34 vs base 849.03; OOS 1323.06 vs 1558.0
V05-xagusd-005,2026-09-28,xagusd,4h,ASIS,"{""be_enable"": true, ""be_offset_pts"": 10, ""be_trigger_pts"": 500, ""entry_buffer_pts"": 10, ""fast"": 18, ""gate"": null, ""ma_exit"": true, ""prot_start_mode"": 1, ""prot_start_pts"": 500, ""protection"": 1, ""session_hours"": [13, 14, 15, 16], ""swing_buffer_pts"": 50, ""swing_search"": 100, ""swing_strength"": 2, ""thr_mode"": 0, ""trend"": 200, ""use_session"": true, ""use_sl_pct"": false, ""use_volume"": true}",entries 13:00-16:59 server (London/NY overlap),2021-09-01..2026-09-26,B,143,41.3,0.982,-0.2039,-0.1374,-29.15,-19.65,773.46,-0.03,-506.77,-72.32,549.94,2.517,negative,harmful,net -29.15 vs base 849.03; OOS 549.94 vs 1558.0
V06-xagusd-006,2026-09-28,xagusd,4h,ASIS,"{""be_enable"": true, ""be_offset_pts"": 10, ""be_trigger_pts"": 500, ""entry_buffer_pts"": 10, ""fast"": 18, ""gate"": null, ""ma_exit"": true, ""prot_start_mode"": 1, ""prot_start_pts"": 500, ""protection"": 1, ""session_hours"": [7, 8, 9, 10, 11, 12, 13, 14, 15, 16, 17, 18, 19, 20, 21, 22, 23], ""swing_buffer_pts"": 50, ""swing_search"": 100, ""swing_strength"": 2, ""thr_mode"": 0, ""trend"": 200, ""use_session"": true, ""use_sl_pct"": false, ""use_volume"": true}",no entries 00:00-06:59 server (Asia),2021-09-01..2026-09-26,B,222,44.1,1.175,2.6637,-0.042,591.34,-9.33,917.18,0.2,-726.98,-4.73,1323.06,1.881,unstable,harmful,net 591.34 vs base 849.03; OOS 1323.06 vs 1558.0
V07-xagusd-007,2026-09-28,xagusd,4h,ASIS,"{""be_enable"": true, ""be_offset_pts"": 10, ""be_trigger_pts"": 500, ""entry_buffer_pts"": 10, ""fast"": 18, ""gate"": [""mon_open""], ""ma_exit"": true, ""prot_start_mode"": 1, ""prot_start_pts"": 500, ""protection"": 1, ""swing_buffer_pts"": 50, ""swing_search"": 100, ""swing_strength"": 2, ""thr_mode"": 0, ""trend"": 200, ""use_sl_pct"": false, ""use_volume"": true}",no entries on Monday before 08:00 (weekend gap),2021-09-01..2026-09-26,B,220,43.2,1.261,3.9677,-0.0092,872.9,-2.03,922.03,0.26,-694.77,-41.79,1609.47,2.11,unstable,mixed,net 872.9 vs base 849.03; OOS 1609.47 vs 1558.0
V08-xagusd-008,2026-09-28,xagusd,4h,ASIS,"{""be_enable"": true, ""be_offset_pts"": 10, ""be_trigger_pts"": 500, ""entry_buffer_pts"": 10, ""fast"": 18, ""gate"": null, ""ma_exit"": true, ""prot_start_mode"": 1, ""prot_start_pts"": 500, ""protection"": 1, ""swing_buffer_pts"": 50, ""swing_search"": 100, ""swing_strength"": 2, ""thr_mode"": 0, ""trend"": 200, ""use_sl_pct"": false, ""use_vol_filter"": true, ""use_volume"": true, ""vol_filter_min"": 1.0}",ATR(22)/SMA100(ATR) >= 1.0,2021-09-01..2026-09-26,B,127,39.4,1.154,2.5511,-0.0471,323.99,-5.98,663.18,0.2,-296.73,-310.61,931.33,2.037,unstable,mixed,net 323.99 vs base 849.03; OOS 931.33 vs 1558.0
V09-xagusd-009,2026-09-28,xagusd,4h,ASIS,"{""be_enable"": true, ""be_offset_pts"": 10, ""be_trigger_pts"": 500, ""entry_buffer_pts"": 10, ""fast"": 18, ""gate"": null, ""ma_exit"": true, ""prot_start_mode"": 1, ""prot_start_pts"": 500, ""protection"": 1, ""swing_buffer_pts"": 50, ""swing_search"": 100, ""swing_strength"": 2, ""thr_mode"": 0, ""trend"": 200, ""use_sl_pct"": false, ""use_vol_filter"": true, ""use_volume"": true, ""vol_filter_max"": 1.5, ""vol_filter_min"": 0.0}",ATR(22)/SMA100(ATR) <= 1.5,2021-09-01..2026-09-26,B,216,43.1,1.269,4.1517,-0.0276,896.77,-5.95,849.25,0.27,-656.74,-7.05,1560.55,2.041,unstable,mixed,net 896.77 vs base 849.03; OOS 1560.55 vs 1558.0
V10-xagusd-010,2026-09-28,xagusd,4h,ASIS,"{""be_enable"": true, ""be_offset_pts"": 10, ""be_trigger_pts"": 500, ""entry_buffer_pts"": 10, ""fast"": 18, ""gate"": null, ""ma_exit"": true, ""prot_start_mode"": 1, ""prot_start_pts"": 500, ""protection"": 1, ""slope_filter_bars"": 3, ""swing_buffer_pts"": 50, ""swing_search"": 100, ""swing_strength"": 2, ""thr_mode"": 0, ""trend"": 200, ""use_sl_pct"": false, ""use_volume"": true}",MA18 slope filter over 3 bars,2021-09-01..2026-09-26,B,199,45.2,1.348,4.6992,-0.0365,935.14,-7.26,899.31,0.36,-675.05,-39.37,1649.57,2.744,unstable,harmful,net 935.14 vs base 849.03; OOS 1649.57 vs 1558.0
V11-xagusd-011,2026-09-28,xagusd,4h,ASIS,"{""be_enable"": true, ""be_offset_pts"": 10, ""be_trigger_pts"": 500, ""entry_buffer_pts"": 10, ""fast"": 18, ""gate"": null, ""ma_exit"": true, ""max_dist_atr"": 2.0, ""prot_start_mode"": 1, ""prot_start_pts"": 500, ""protection"": 1, ""swing_buffer_pts"": 50, ""swing_search"": 100, ""swing_strength"": 2, ""thr_mode"": 0, ""trend"": 200, ""use_sl_pct"": false, ""use_volume"": true}",no entry when |close - MA18| > 2 ATR,2021-09-01..2026-09-26,B,199,41.7,1.377,5.7494,-0.0118,1144.14,-2.36,733.72,0.35,-507.4,1.76,1649.78,2.115,unstable,helpful,net 1144.14 vs base 849.03; OOS 1649.78 vs 1558.0
V12-xagusd-012,2026-09-28,xagusd,4h,ASIS,"{""be_enable"": true, ""be_offset_pts"": 10, ""be_trigger_pts"": 500, ""entry_buffer_pts"": 10, ""fast"": 18, ""gate"": [""regime"", ""no_sideways""], ""ma_exit"": true, ""prot_start_mode"": 1, ""prot_start_pts"": 500, ""protection"": 1, ""swing_buffer_pts"": 50, ""swing_search"": 100, ""swing_strength"": 2, ""thr_mode"": 0, ""trend"": 200, ""use_sl_pct"": false, ""use_volume"": true}",trend-regime gate: no sideways days,2021-09-01..2026-09-26,B,187,46.5,1.514,6.6842,0.0097,1249.95,1.82,646.77,0.41,-511.4,50.1,1711.25,2.808,unstable,helpful,net 1249.95 vs base 849.03; OOS 1711.25 vs 1558.0
V13-xagusd-013,2026-09-28,xagusd,4h,ASIS,"{""be_enable"": true, ""be_offset_pts"": 10, ""be_trigger_pts"": 500, ""entry_buffer_pts"": 10, ""fast"": 18, ""gate"": [""regime"", ""aligned""], ""ma_exit"": true, ""prot_start_mode"": 1, ""prot_start_pts"": 500, ""protection"": 1, ""swing_buffer_pts"": 50, ""swing_search"": 100, ""swing_strength"": 2, ""thr_mode"": 0, ""trend"": 200, ""use_sl_pct"": false, ""use_volume"": true}",regime-aligned direction,2021-09-01..2026-09-26,B,131,42.7,1.626,8.3558,0.0185,1094.61,2.42,557.47,0.37,-444.79,73.25,1466.15,3.182,unstable,mixed,net 1094.61 vs base 849.03; OOS 1466.15 vs 1558.0
V14-xagusd-014,2026-09-28,xagusd,4h,ASIS,"{""be_enable"": true, ""be_offset_pts"": 10, ""be_trigger_pts"": 500, ""entry_buffer_pts"": 10, ""fast"": 18, ""gate"": [""dir"", 1], ""ma_exit"": true, ""prot_start_mode"": 1, ""prot_start_pts"": 500, ""protection"": 1, ""swing_buffer_pts"": 50, ""swing_search"": 100, ""swing_strength"": 2, ""thr_mode"": 0, ""trend"": 200, ""use_sl_pct"": false, ""use_volume"": true}",long only,2021-09-01..2026-09-26,B,126,36.5,1.905,12.3833,-0.002,1560.29,-0.25,603.88,0.52,-497.77,59.95,1998.11,5.472,unstable,mixed,net 1560.29 vs base 849.03; OOS 1998.11 vs 1558.0
V15-xagusd-015,2026-09-28,xagusd,4h,ASIS,"{""be_enable"": true, ""be_offset_pts"": 10, ""be_trigger_pts"": 500, ""entry_buffer_pts"": 10, ""fast"": 18, ""gate"": [""dir"", -1], ""ma_exit"": true, ""prot_start_mode"": 1, ""prot_start_pts"": 500, ""protection"": 1, ""swing_buffer_pts"": 50, ""swing_search"": 100, ""swing_strength"": 2, ""thr_mode"": 0, ""trend"": 200, ""use_sl_pct"": false, ""use_volume"": true}",short only,2021-09-01..2026-09-26,B,95,52.6,0.572,-7.4869,-0.0693,-711.26,-6.59,1077.1,-0.46,-204.62,-66.53,-440.11,0.583,negative,harmful,net -711.26 vs base 849.03; OOS -440.11 vs 1558.0
V16-xagusd-016,2026-09-28,xagusd,4h,ASIS,"{""be_enable"": true, ""be_offset_pts"": 10, ""be_trigger_pts"": 500, ""entry_buffer_pts"": 10, ""fast"": 18, ""gate"": null, ""ma_exit"": true, ""pending_max_bars"": 3, ""prot_start_mode"": 1, ""prot_start_pts"": 500, ""protection"": 1, ""swing_buffer_pts"": 50, ""swing_search"": 100, ""swing_strength"": 2, ""thr_mode"": 0, ""trend"": 200, ""use_sl_pct"": false, ""use_volume"": true}",pending order expires after 3 bars,2021-09-01..2026-09-26,B,217,41.0,1.211,3.479,-0.0357,754.94,-7.75,865.06,0.23,-669.96,-28.78,1453.68,1.843,unstable,harmful,net 754.94 vs base 849.03; OOS 1453.68 vs 1558.0
V17-xagusd-017,2026-09-28,xagusd,4h,ASIS,"{""be_enable"": true, ""be_offset_pts"": 10, ""be_trigger_pts"": 500, ""confirm_bars"": 1, ""entry_buffer_pts"": 10, ""fast"": 18, ""gate"": null, ""ma_exit"": true, ""prot_start_mode"": 1, ""prot_start_pts"": 500, ""protection"": 1, ""swing_buffer_pts"": 50, ""swing_search"": 100, ""swing_strength"": 2, ""thr_mode"": 0, ""trend"": 200, ""use_sl_pct"": false, ""use_volume"": true}",confirmation window 1 bar,2021-09-01..2026-09-26,B,286,37.8,1.041,0.6026,-0.0949,172.34,-27.14,1182.89,0.05,-951.19,-56.74,1180.26,1.647,unstable,harmful,net 172.34 vs base 849.03; OOS 1180.26 vs 1558.0
V18-xagusd-018,2026-09-28,xagusd,4h,ASIS,"{""be_enable"": true, ""be_offset_pts"": 10, ""be_trigger_pts"": 500, ""confirm_bars"": 3, ""entry_buffer_pts"": 10, ""fast"": 18, ""gate"": null, ""ma_exit"": true, ""prot_start_mode"": 1, ""prot_start_pts"": 500, ""protection"": 1, ""swing_buffer_pts"": 50, ""swing_search"": 100, ""swing_strength"": 2, ""thr_mode"": 0, ""trend"": 200, ""use_sl_pct"": false, ""use_volume"": true}",confirmation window 3 bars,2021-09-01..2026-09-26,B,182,42.3,1.311,4.7623,-0.0143,866.74,-2.6,707.77,0.42,-498.63,-52.48,1417.86,2.129,unstable,mixed,net 866.74 vs base 849.03; OOS 1417.86 vs 1558.0
V19-xagusd-019,2026-09-28,xagusd,4h,ASIS,"{""be_enable"": true, ""be_offset_pts"": 10, ""be_trigger_pts"": 500, ""entry_buffer_pts"": 10, ""fast"": 18, ""gate"": [""regime"", ""vol_low_normal""], ""ma_exit"": true, ""prot_start_mode"": 1, ""prot_start_pts"": 500, ""protection"": 1, ""swing_buffer_pts"": 50, ""swing_search"": 100, ""swing_strength"": 2, ""thr_mode"": 0, ""trend"": 200, ""use_sl_pct"": false, ""use_volume"": true}",no high/extreme volatility days,2021-09-01..2026-09-26,B,110,32.7,0.798,-2.2527,-0.0981,-247.8,-10.79,526.85,-0.34,-424.23,93.59,82.84,3.212,negative,mixed,net -247.8 vs base 849.03; OOS 82.84 vs 1558.0
V20-xagusd-020,2026-09-28,xagusd,4h,ASIS,"{""be_enable"": true, ""be_offset_pts"": 10, ""be_trigger_pts"": 500, ""entry_buffer_pts"": 10, ""fast"": 18, ""gate"": [""spread""], ""ma_exit"": true, ""prot_start_mode"": 1, ""prot_start_pts"": 500, ""protection"": 1, ""swing_buffer_pts"": 50, ""swing_search"": 100, ""swing_strength"": 2, ""thr_mode"": 0, ""trend"": 200, ""use_sl_pct"": false, ""use_volume"": true}",max spread filter: no setup when spread > 2x model median,2021-09-01..2026-09-26,B,221,43.4,1.251,3.8418,-0.031,849.03,-6.84,894.43,0.25,-702.38,-6.58,1558.0,2.037,unstable,mixed,net 849.03 vs base 849.03; OOS 1558.0 vs 1558.0
M09m-xagusd-021,2026-09-28,xagusd,4h,ASIS,"{""be_enable"": true, ""be_offset_pts"": 10, ""be_trigger_pts"": 500, ""entry_buffer_pts"": 10, ""fast"": 18, ""htf"": ""D1"", ""ma_exit"": true, ""mode"": ""ma"", ""prot_start_mode"": 1, ""prot_start_pts"": 500, ""protection"": 1, ""swing_buffer_pts"": 50, ""swing_search"": 100, ""swing_strength"": 2, ""thr_mode"": 0, ""trend"": 200, ""use_sl_pct"": false, ""use_volume"": true}",HTF D1 gate (ma),2021-09-01..2026-09-26,B,103,42.7,2.61,18.7051,0.1085,1926.62,11.17,327.77,0.65,-229.02,67.32,2088.32,7.751,unstable,helpful,net 1926.62 vs base 849.03
M09c-xagusd-022,2026-09-28,xagusd,4h,ASIS,"{""be_enable"": true, ""be_offset_pts"": 10, ""be_trigger_pts"": 500, ""entry_buffer_pts"": 10, ""fast"": 18, ""htf"": ""D1"", ""ma_exit"": true, ""mode"": ""close"", ""prot_start_mode"": 1, ""prot_start_pts"": 500, ""protection"": 1, ""swing_buffer_pts"": 50, ""swing_search"": 100, ""swing_strength"": 2, ""thr_mode"": 0, ""trend"": 200, ""use_sl_pct"": false, ""use_volume"": true}",HTF D1 gate (close),2021-09-01..2026-09-26,B,95,45.3,2.863,19.4866,-0.0021,1851.23,-0.2,222.76,0.64,-136.02,71.27,1915.97,7.557,unstable,helpful,net 1851.23 vs base 849.03
V01-btcusd-023,2026-09-28,btcusd,4h,ASIS,"{""adx_min"": 25.0, ""be_enable"": true, ""be_offset_pts"": 10, ""be_trigger_pts"": 500, ""entry_buffer_pts"": 10, ""fast"": 18, ""gate"": null, ""ma_exit"": true, ""prot_start_mode"": 1, ""prot_start_pts"": 500, ""protection"": 1, ""swing_buffer_pts"": 50, ""swing_search"": 100, ""swing_strength"": 2, ""thr_mode"": 0, ""trend"": 200, ""use_adx"": true, ""use_sl_pct"": false, ""use_volume"": true}",ADX(14) >= 25 (EA filter),2021-09-01..2026-09-26,B,609,3.0,1.253,0.156,0.0138,94.98,8.38,108.99,0.27,94.51,54.25,-53.78,0.379,unstable,harmful,net 94.98 vs base 136.51; OOS -53.78 vs -37.63
V02-btcusd-024,2026-09-28,btcusd,4h,ASIS,"{""adx_min"": 20.0, ""be_enable"": true, ""be_offset_pts"": 10, ""be_trigger_pts"": 500, ""entry_buffer_pts"": 10, ""fast"": 18, ""gate"": null, ""ma_exit"": true, ""prot_start_mode"": 1, ""prot_start_pts"": 500, ""protection"": 1, ""swing_buffer_pts"": 50, ""swing_search"": 100, ""swing_strength"": 2, ""thr_mode"": 0, ""trend"": 200, ""use_adx"": true, ""use_sl_pct"": false, ""use_volume"": true}",ADX(14) >= 20,2021-09-01..2026-09-26,B,731,2.9,1.169,0.1137,0.0061,83.14,4.48,109.72,0.23,124.72,12.66,-54.24,0.533,unstable,harmful,net 83.14 vs base 136.51; OOS -54.24 vs -37.63
V03-btcusd-025,2026-09-28,btcusd,4h,ASIS,"{""be_enable"": true, ""be_offset_pts"": 10, ""be_trigger_pts"": 500, ""entry_buffer_pts"": 10, ""fast"": 18, ""gate"": null, ""ma_exit"": true, ""prot_start_mode"": 1, ""prot_start_pts"": 500, ""protection"": 1, ""swing_buffer_pts"": 50, ""swing_search"": 100, ""swing_strength"": 2, ""thr_mode"": 0, ""trend"": 200, ""use_sl_pct"": false, ""use_volume"": false}",no volume filter,2021-09-01..2026-09-26,B,1164,2.6,1.049,0.0353,0.0092,41.11,10.73,222.51,0.09,82.73,58.33,-99.94,0.527,unstable,harmful,net 41.11 vs base 136.51; OOS -99.94 vs -37.63
V04-btcusd-026,2026-09-28,btcusd,4h,ASIS,"{""be_enable"": true, ""be_offset_pts"": 10, ""be_trigger_pts"": 500, ""entry_buffer_pts"": 10, ""fast"": 18, ""gate"": null, ""ma_exit"": true, ""prot_start_mode"": 1, ""prot_start_pts"": 500, ""protection"": 1, ""session_hours"": [8, 9, 10, 11, 12, 13, 14, 15, 16, 17, 18, 19, 20, 21], ""swing_buffer_pts"": 50, ""swing_search"": 100, ""swing_strength"": 2, ""thr_mode"": 0, ""trend"": 200, ""use_session"": true, ""use_sl_pct"": false, ""use_volume"": true}",entries 08:00-21:59 server (London + New York),2021-09-01..2026-09-26,B,657,2.1,1.024,0.0147,0.0238,9.66,15.64,149.31,0.03,21.75,39.04,-51.13,0.66,unstable,harmful,net 9.66 vs base 136.51; OOS -51.13 vs -37.63
V05-btcusd-027,2026-09-28,btcusd,4h,ASIS,"{""be_enable"": true, ""be_offset_pts"": 10, ""be_trigger_pts"": 500, ""entry_buffer_pts"": 10, ""fast"": 18, ""gate"": null, ""ma_exit"": true, ""prot_start_mode"": 1, ""prot_start_pts"": 500, ""protection"": 1, ""session_hours"": [13, 14, 15, 16], ""swing_buffer_pts"": 50, ""swing_search"": 100, ""swing_strength"": 2, ""thr_mode"": 0, ""trend"": 200, ""use_session"": true, ""use_sl_pct"": false, ""use_volume"": true}",entries 13:00-16:59 server (London/NY overlap),2021-09-01..2026-09-26,B,249,1.6,0.559,-0.2447,-0.0196,-60.94,-4.87,72.38,-0.56,-11.26,-30.28,-19.4,0.515,negative,harmful,net -60.94 vs base 136.51; OOS -19.4 vs -37.63
V06-btcusd-028,2026-09-28,btcusd,4h,ASIS,"{""be_enable"": true, ""be_offset_pts"": 10, ""be_trigger_pts"": 500, ""entry_buffer_pts"": 10, ""fast"": 18, ""gate"": null, ""ma_exit"": true, ""prot_start_mode"": 1, ""prot_start_pts"": 500, ""protection"": 1, ""session_hours"": [7, 8, 9, 10, 11, 12, 13, 14, 15, 16, 17, 18, 19, 20, 21, 22, 23], ""swing_buffer_pts"": 50, ""swing_search"": 100, ""swing_strength"": 2, ""thr_mode"": 0, ""trend"": 200, ""use_session"": true, ""use_sl_pct"": false, ""use_volume"": true}",no entries 00:00-06:59 server (Asia),2021-09-01..2026-09-26,B,657,2.1,1.024,0.0147,0.0238,9.66,15.64,149.31,0.03,21.75,39.04,-51.13,0.66,unstable,harmful,net 9.66 vs base 136.51; OOS -51.13 vs -37.63
V07-btcusd-029,2026-09-28,btcusd,4h,ASIS,"{""be_enable"": true, ""be_offset_pts"": 10, ""be_trigger_pts"": 500, ""entry_buffer_pts"": 10, ""fast"": 18, ""gate"": [""mon_open""], ""ma_exit"": true, ""prot_start_mode"": 1, ""prot_start_pts"": 500, ""protection"": 1, ""swing_buffer_pts"": 50, ""swing_search"": 100, ""swing_strength"": 2, ""thr_mode"": 0, ""trend"": 200, ""use_sl_pct"": false, ""use_volume"": true}",no entries on Monday before 08:00 (weekend gap),2021-09-01..2026-09-26,B,753,2.9,1.493,0.3,0.0312,225.93,23.51,99.08,0.55,154.07,73.28,-1.42,0.987,unstable,helpful,net 225.93 vs base 136.51; OOS -1.42 vs -37.63
V08-btcusd-030,2026-09-28,btcusd,4h,ASIS,"{""be_enable"": true, ""be_offset_pts"": 10, ""be_trigger_pts"": 500, ""entry_buffer_pts"": 10, ""fast"": 18, ""gate"": null, ""ma_exit"": true, ""prot_start_mode"": 1, ""prot_start_pts"": 500, ""protection"": 1, ""swing_buffer_pts"": 50, ""swing_search"": 100, ""swing_strength"": 2, ""thr_mode"": 0, ""trend"": 200, ""use_sl_pct"": false, ""use_vol_filter"": true, ""use_volume"": true, ""vol_filter_min"": 1.0}",ATR(22)/SMA100(ATR) >= 1.0,2021-09-01..2026-09-26,B,380,2.6,1.405,0.2532,0.0344,96.23,13.06,116.71,0.31,-68.6,84.38,80.45,3.21,unstable,mixed,net 96.23 vs base 136.51; OOS 80.45 vs -37.63
V09-btcusd-031,2026-09-28,btcusd,4h,ASIS,"{""be_enable"": true, ""be_offset_pts"": 10, ""be_trigger_pts"": 500, ""entry_buffer_pts"": 10, ""fast"": 18, ""gate"": null, ""ma_exit"": true, ""prot_start_mode"": 1, ""prot_start_pts"": 500, ""protection"": 1, ""swing_buffer_pts"": 50, ""swing_search"": 100, ""swing_strength"": 2, ""thr_mode"": 0, ""trend"": 200, ""use_sl_pct"": false, ""use_vol_filter"": true, ""use_volume"": true, ""vol_filter_max"": 1.5, ""vol_filter_min"": 0.0}",ATR(22)/SMA100(ATR) <= 1.5,2021-09-01..2026-09-26,B,759,2.9,1.308,0.2088,0.0212,158.51,16.06,134.75,0.37,169.03,26.51,-37.03,0.75,unstable,mixed,net 158.51 vs base 136.51; OOS -37.03 vs -37.63
V10-btcusd-032,2026-09-28,btcusd,4h,ASIS,"{""be_enable"": true, ""be_offset_pts"": 10, ""be_trigger_pts"": 500, ""entry_buffer_pts"": 10, ""fast"": 18, ""gate"": null, ""ma_exit"": true, ""prot_start_mode"": 1, ""prot_start_pts"": 500, ""protection"": 1, ""slope_filter_bars"": 3, ""swing_buffer_pts"": 50, ""swing_search"": 100, ""swing_strength"": 2, ""thr_mode"": 0, ""trend"": 200, ""use_sl_pct"": false, ""use_volume"": true}",MA18 slope filter over 3 bars,2021-09-01..2026-09-26,B,720,3.1,1.387,0.2387,0.0225,171.86,16.2,109.14,0.45,161.49,51.99,-41.62,0.441,unstable,mixed,net 171.86 vs base 136.51; OOS -41.62 vs -37.63
V11-btcusd-033,2026-09-28,btcusd,4h,ASIS,"{""be_enable"": true, ""be_offset_pts"": 10, ""be_trigger_pts"": 500, ""entry_buffer_pts"": 10, ""fast"": 18, ""gate"": null, ""ma_exit"": true, ""max_dist_atr"": 2.0, ""prot_start_mode"": 1, ""prot_start_pts"": 500, ""protection"": 1, ""swing_buffer_pts"": 50, ""swing_search"": 100, ""swing_strength"": 2, ""thr_mode"": 0, ""trend"": 200, ""use_sl_pct"": false, ""use_volume"": true}",no entry when |close - MA18| > 2 ATR,2021-09-01..2026-09-26,B,542,2.2,1.086,0.0617,0.0304,33.45,16.5,205.54,0.11,89.57,-40.79,-15.33,0.866,unstable,harmful,net 33.45 vs base 136.51; OOS -15.33 vs -37.63
V12-btcusd-034,2026-09-28,btcusd,4h,ASIS,"{""be_enable"": true, ""be_offset_pts"": 10, ""be_trigger_pts"": 500, ""entry_buffer_pts"": 10, ""fast"": 18, ""gate"": [""regime"", ""no_sideways""], ""ma_exit"": true, ""prot_start_mode"": 1, ""prot_start_pts"": 500, ""protection"": 1, ""swing_buffer_pts"": 50, ""swing_search"": 100, ""swing_strength"": 2, ""thr_mode"": 0, ""trend"": 200, ""use_sl_pct"": false, ""use_volume"": true}",trend-regime gate: no sideways days,2021-09-01..2026-09-26,B,664,2.7,1.289,0.171,0.0244,113.51,16.18,85.69,0.33,70.22,31.38,11.92,1.12,robust,mixed,net 113.51 vs base 136.51; OOS 11.92 vs -37.63
V13-btcusd-035,2026-09-28,btcusd,4h,ASIS,"{""be_enable"": true, ""be_offset_pts"": 10, ""be_trigger_pts"": 500, ""entry_buffer_pts"": 10, ""fast"": 18, ""gate"": [""regime"", ""aligned""], ""ma_exit"": true, ""prot_start_mode"": 1, ""prot_start_pts"": 500, ""protection"": 1, ""swing_buffer_pts"": 50, ""swing_search"": 100, ""swing_strength"": 2, ""thr_mode"": 0, ""trend"": 200, ""use_sl_pct"": false, ""use_volume"": true}",regime-aligned direction,2021-09-01..2026-09-26,B,457,2.6,1.43,0.2647,0.0143,120.96,6.53,70.06,0.39,49.33,33.03,38.6,1.639,robust,mixed,net 120.96 vs base 136.51; OOS 38.6 vs -37.63
V14-btcusd-036,2026-09-28,btcusd,4h,ASIS,"{""be_enable"": true, ""be_offset_pts"": 10, ""be_trigger_pts"": 500, ""entry_buffer_pts"": 10, ""fast"": 18, ""gate"": [""dir"", 1], ""ma_exit"": true, ""prot_start_mode"": 1, ""prot_start_pts"": 500, ""protection"": 1, ""swing_buffer_pts"": 50, ""swing_search"": 100, ""swing_strength"": 2, ""thr_mode"": 0, ""trend"": 200, ""use_sl_pct"": false, ""use_volume"": true}",long only,2021-09-01..2026-09-26,B,390,3.8,1.919,0.6684,0.0725,260.69,28.28,60.95,0.77,207.63,11.69,41.37,1.838,robust,mixed,net 260.69 vs base 136.51; OOS 41.37 vs -37.63
V15-btcusd-037,2026-09-28,btcusd,4h,ASIS,"{""be_enable"": true, ""be_offset_pts"": 10, ""be_trigger_pts"": 500, ""entry_buffer_pts"": 10, ""fast"": 18, ""gate"": [""dir"", -1], ""ma_exit"": true, ""prot_start_mode"": 1, ""prot_start_pts"": 500, ""protection"": 1, ""swing_buffer_pts"": 50, ""swing_search"": 100, ""swing_strength"": 2, ""thr_mode"": 0, ""trend"": 200, ""use_sl_pct"": false, ""use_volume"": true}",short only,2021-09-01..2026-09-26,B,417,1.9,0.547,-0.2978,-0.0258,-124.18,-10.77,152.63,-0.54,-59.68,14.5,-79.0,0.207,negative,harmful,net -124.18 vs base 136.51; OOS -79.0 vs -37.63
V16-btcusd-038,2026-09-28,btcusd,4h,ASIS,"{""be_enable"": true, ""be_offset_pts"": 10, ""be_trigger_pts"": 500, ""entry_buffer_pts"": 10, ""fast"": 18, ""gate"": null, ""ma_exit"": true, ""pending_max_bars"": 3, ""prot_start_mode"": 1, ""prot_start_pts"": 500, ""protection"": 1, ""swing_buffer_pts"": 50, ""swing_search"": 100, ""swing_strength"": 2, ""thr_mode"": 0, ""trend"": 200, ""use_sl_pct"": false, ""use_volume"": true}",pending order expires after 3 bars,2021-09-01..2026-09-26,B,771,2.9,1.153,0.1119,0.0174,86.31,13.4,136.44,0.22,98.16,26.83,-38.68,0.742,unstable,harmful,net 86.31 vs base 136.51; OOS -38.68 vs -37.63
V17-btcusd-039,2026-09-28,btcusd,4h,ASIS,"{""be_enable"": true, ""be_offset_pts"": 10, ""be_trigger_pts"": 500, ""confirm_bars"": 1, ""entry_buffer_pts"": 10, ""fast"": 18, ""gate"": null, ""ma_exit"": true, ""prot_start_mode"": 1, ""prot_start_pts"": 500, ""protection"": 1, ""swing_buffer_pts"": 50, ""swing_search"": 100, ""swing_strength"": 2, ""thr_mode"": 0, ""trend"": 200, ""use_sl_pct"": false, ""use_volume"": true}",confirmation window 1 bar,2021-09-01..2026-09-26,B,982,2.9,1.215,0.1444,0.0188,141.78,18.43,151.87,0.31,163.7,43.54,-65.46,0.63,unstable,harmful,net 141.78 vs base 136.51; OOS -65.46 vs -37.63
V18-btcusd-040,2026-09-28,btcusd,4h,ASIS,"{""be_enable"": true, ""be_offset_pts"": 10, ""be_trigger_pts"": 500, ""confirm_bars"": 3, ""entry_buffer_pts"": 10, ""fast"": 18, ""gate"": null, ""ma_exit"": true, ""prot_start_mode"": 1, ""prot_start_pts"": 500, ""protection"": 1, ""swing_buffer_pts"": 50, ""swing_search"": 100, ""swing_strength"": 2, ""thr_mode"": 0, ""trend"": 200, ""use_sl_pct"": false, ""use_volume"": true}",confirmation window 3 bars,2021-09-01..2026-09-26,B,704,2.8,1.266,0.1772,0.0216,124.78,15.18,124.63,0.32,143.27,70.3,-88.78,0.27,unstable,mixed,net 124.78 vs base 136.51; OOS -88.78 vs -37.63
V19-btcusd-041,2026-09-28,btcusd,4h,ASIS,"{""be_enable"": true, ""be_offset_pts"": 10, ""be_trigger_pts"": 500, ""entry_buffer_pts"": 10, ""fast"": 18, ""gate"": [""regime"", ""vol_low_normal""], ""ma_exit"": true, ""prot_start_mode"": 1, ""prot_start_pts"": 500, ""protection"": 1, ""swing_buffer_pts"": 50, ""swing_search"": 100, ""swing_strength"": 2, ""thr_mode"": 0, ""trend"": 200, ""use_sl_pct"": false, ""use_volume"": true}",no high/extreme volatility days,2021-09-01..2026-09-26,B,693,2.6,1.047,0.0373,0.0199,25.88,13.78,140.42,0.06,36.65,26.45,-37.23,0.749,unstable,harmful,net 25.88 vs base 136.51; OOS -37.23 vs -37.63
V20-btcusd-042,2026-09-28,btcusd,4h,ASIS,"{""be_enable"": true, ""be_offset_pts"": 10, ""be_trigger_pts"": 500, ""entry_buffer_pts"": 10, ""fast"": 18, ""gate"": [""spread""], ""ma_exit"": true, ""prot_start_mode"": 1, ""prot_start_pts"": 500, ""protection"": 1, ""swing_buffer_pts"": 50, ""swing_search"": 100, ""swing_strength"": 2, ""thr_mode"": 0, ""trend"": 200, ""use_sl_pct"": false, ""use_volume"": true}",max spread filter: no setup when spread > 2x model median,2021-09-01..2026-09-26,B,772,2.6,1.08,0.0576,0.0199,44.48,15.35,141.23,0.11,55.93,26.19,-37.63,0.747,unstable,mixed,net 44.48 vs base 136.51; OOS -37.63 vs -37.63
V01-btcusd-043,2026-09-28,btcusd,D1,ASIS,"{""adx_min"": 25.0, ""be_enable"": true, ""be_offset_pts"": 10, ""be_trigger_pts"": 500, ""entry_buffer_pts"": 10, ""fast"": 18, ""gate"": null, ""ma_exit"": true, ""prot_start_mode"": 1, ""prot_start_pts"": 500, ""protection"": 1, ""swing_buffer_pts"": 50, ""swing_search"": 100, ""swing_strength"": 2, ""thr_mode"": 0, ""trend"": 200, ""use_adx"": true, ""use_sl_pct"": false, ""use_volume"": true}",ADX(14) >= 25 (EA filter),2021-09-01..2026-09-26,B,110,3.6,2.47,1.2156,0.0461,133.72,5.07,59.78,0.39,159.13,-23.0,-2.42,0.0,unstable,mixed,net 133.72 vs base 125.93; OOS -2.42 vs -2.62
V02-btcusd-044,2026-09-28,btcusd,D1,ASIS,"{""adx_min"": 20.0, ""be_enable"": true, ""be_offset_pts"": 10, ""be_trigger_pts"": 500, ""entry_buffer_pts"": 10, ""fast"": 18, ""gate"": null, ""ma_exit"": true, ""prot_start_mode"": 1, ""prot_start_pts"": 500, ""protection"": 1, ""swing_buffer_pts"": 50, ""swing_search"": 100, ""swing_strength"": 2, ""thr_mode"": 0, ""trend"": 200, ""use_adx"": true, ""use_sl_pct"": false, ""use_volume"": true}",ADX(14) >= 20,2021-09-01..2026-09-26,B,137,2.2,2.089,0.7473,0.0332,102.38,4.55,60.48,0.31,146.08,-41.17,-2.53,0.0,unstable,harmful,net 102.38 vs base 125.93; OOS -2.53 vs -2.62
V03-btcusd-045,2026-09-28,btcusd,D1,ASIS,"{""be_enable"": true, ""be_offset_pts"": 10, ""be_trigger_pts"": 500, ""entry_buffer_pts"": 10, ""fast"": 18, ""gate"": null, ""ma_exit"": true, ""prot_start_mode"": 1, ""prot_start_pts"": 500, ""protection"": 1, ""swing_buffer_pts"": 50, ""swing_search"": 100, ""swing_strength"": 2, ""thr_mode"": 0, ""trend"": 200, ""use_sl_pct"": false, ""use_volume"": false}",no volume filter,2021-09-01..2026-09-26,B,202,2.0,2.156,0.5806,0.0246,117.28,4.97,62.02,0.35,163.51,-42.22,-4.02,0.0,unstable,harmful,net 117.28 vs base 125.93; OOS -4.02 vs -2.62
V04-btcusd-046,2026-09-28,btcusd,D1,ASIS,"{""be_enable"": true, ""be_offset_pts"": 10, ""be_trigger_pts"": 500, ""entry_buffer_pts"": 10, ""fast"": 18, ""gate"": null, ""ma_exit"": true, ""prot_start_mode"": 1, ""prot_start_pts"": 500, ""protection"": 1, ""session_hours"": [8, 9, 10, 11, 12, 13, 14, 15, 16, 17, 18, 19, 20, 21], ""swing_buffer_pts"": 50, ""swing_search"": 100, ""swing_strength"": 2, ""thr_mode"": 0, ""trend"": 200, ""use_session"": true, ""use_sl_pct"": false, ""use_volume"": true}",entries 08:00-21:59 server (London + New York),2021-09-01..2026-09-26,B,0,nan,nan,nan,nan,0.0,0.0,0.0,nan,0.0,0.0,0.0,nan,negative,mixed,net 0.0 vs base 125.93; OOS 0.0 vs -2.62
V05-btcusd-047,2026-09-28,btcusd,D1,ASIS,"{""be_enable"": true, ""be_offset_pts"": 10, ""be_trigger_pts"": 500, ""entry_buffer_pts"": 10, ""fast"": 18, ""gate"": null, ""ma_exit"": true, ""prot_start_mode"": 1, ""prot_start_pts"": 500, ""protection"": 1, ""session_hours"": [13, 14, 15, 16], ""swing_buffer_pts"": 50, ""swing_search"": 100, ""swing_strength"": 2, ""thr_mode"": 0, ""trend"": 200, ""use_session"": true, ""use_sl_pct"": false, ""use_volume"": true}",entries 13:00-16:59 server (London/NY overlap),2021-09-01..2026-09-26,B,0,nan,nan,nan,nan,0.0,0.0,0.0,nan,0.0,0.0,0.0,nan,negative,mixed,net 0.0 vs base 125.93; OOS 0.0 vs -2.62
V06-btcusd-048,2026-09-28,btcusd,D1,ASIS,"{""be_enable"": true, ""be_offset_pts"": 10, ""be_trigger_pts"": 500, ""entry_buffer_pts"": 10, ""fast"": 18, ""gate"": null, ""ma_exit"": true, ""prot_start_mode"": 1, ""prot_start_pts"": 500, ""protection"": 1, ""session_hours"": [7, 8, 9, 10, 11, 12, 13, 14, 15, 16, 17, 18, 19, 20, 21, 22, 23], ""swing_buffer_pts"": 50, ""swing_search"": 100, ""swing_strength"": 2, ""thr_mode"": 0, ""trend"": 200, ""use_session"": true, ""use_sl_pct"": false, ""use_volume"": true}",no entries 00:00-06:59 server (Asia),2021-09-01..2026-09-26,B,0,nan,nan,nan,nan,0.0,0.0,0.0,nan,0.0,0.0,0.0,nan,negative,mixed,net 0.0 vs base 125.93; OOS 0.0 vs -2.62
V07-btcusd-049,2026-09-28,btcusd,D1,ASIS,"{""be_enable"": true, ""be_offset_pts"": 10, ""be_trigger_pts"": 500, ""entry_buffer_pts"": 10, ""fast"": 18, ""gate"": [""mon_open""], ""ma_exit"": true, ""prot_start_mode"": 1, ""prot_start_pts"": 500, ""protection"": 1, ""swing_buffer_pts"": 50, ""swing_search"": 100, ""swing_strength"": 2, ""thr_mode"": 0, ""trend"": 200, ""use_sl_pct"": false, ""use_volume"": true}",no entries on Monday before 08:00 (weekend gap),2021-09-01..2026-09-26,B,136,2.2,1.117,0.0809,0.0217,11.0,2.96,60.56,0.05,54.65,-41.14,-2.5,0.0,unstable,harmful,net 11.0 vs base 125.93; OOS -2.5 vs -2.62
V08-btcusd-050,2026-09-28,btcusd,D1,ASIS,"{""be_enable"": true, ""be_offset_pts"": 10, ""be_trigger_pts"": 500, ""entry_buffer_pts"": 10, ""fast"": 18, ""gate"": null, ""ma_exit"": true, ""prot_start_mode"": 1, ""prot_start_pts"": 500, ""protection"": 1, ""swing_buffer_pts"": 50, ""swing_search"": 100, ""swing_strength"": 2, ""thr_mode"": 0, ""trend"": 200, ""use_sl_pct"": false, ""use_vol_filter"": true, ""use_volume"": true, ""vol_filter_min"": 1.0}",ATR(22)/SMA100(ATR) >= 1.0,2021-09-01..2026-09-26,B,62,4.8,2.306,1.8421,0.0966,114.21,5.99,61.08,0.34,174.85,-0.81,-59.82,0.0,unstable,mixed,net 114.21 vs base 125.93; OOS -59.82 vs -2.62
V09-btcusd-051,2026-09-28,btcusd,D1,ASIS,"{""be_enable"": true, ""be_offset_pts"": 10, ""be_trigger_pts"": 500, ""entry_buffer_pts"": 10, ""fast"": 18, ""gate"": null, ""ma_exit"": true, ""prot_start_mode"": 1, ""prot_start_pts"": 500, ""protection"": 1, ""swing_buffer_pts"": 50, ""swing_search"": 100, ""swing_strength"": 2, ""thr_mode"": 0, ""trend"": 200, ""use_sl_pct"": false, ""use_vol_filter"": true, ""use_volume"": true, ""vol_filter_max"": 1.5, ""vol_filter_min"": 0.0}",ATR(22)/SMA100(ATR) <= 1.5,2021-09-01..2026-09-26,B,131,3.1,2.429,0.9882,0.0431,129.46,5.65,60.13,0.39,172.9,-40.82,-2.62,0.0,unstable,mixed,net 129.46 vs base 125.93; OOS -2.62 vs -2.62
V10-btcusd-052,2026-09-28,btcusd,D1,ASIS,"{""be_enable"": true, ""be_offset_pts"": 10, ""be_trigger_pts"": 500, ""entry_buffer_pts"": 10, ""fast"": 18, ""gate"": null, ""ma_exit"": true, ""prot_start_mode"": 1, ""prot_start_pts"": 500, ""protection"": 1, ""slope_filter_bars"": 3, ""swing_buffer_pts"": 50, ""swing_search"": 100, ""swing_strength"": 2, ""thr_mode"": 0, ""trend"": 200, ""use_sl_pct"": false, ""use_volume"": true}",MA18 slope filter over 3 bars,2021-09-01..2026-09-26,B,127,3.9,2.267,0.9338,0.0293,118.59,3.72,60.42,0.37,162.09,-41.14,-2.36,0.0,unstable,harmful,net 118.59 vs base 125.93; OOS -2.36 vs -2.62
V11-btcusd-053,2026-09-28,btcusd,D1,ASIS,"{""be_enable"": true, ""be_offset_pts"": 10, ""be_trigger_pts"": 500, ""entry_buffer_pts"": 10, ""fast"": 18, ""gate"": null, ""ma_exit"": true, ""max_dist_atr"": 2.0, ""prot_start_mode"": 1, ""prot_start_pts"": 500, ""protection"": 1, ""swing_buffer_pts"": 50, ""swing_search"": 100, ""swing_strength"": 2, ""thr_mode"": 0, ""trend"": 200, ""use_sl_pct"": false, ""use_volume"": true}",no entry when |close - MA18| > 2 ATR,2021-09-01..2026-09-26,B,85,3.5,11.769,1.0404,0.0512,88.43,4.35,3.0,0.58,90.5,-1.37,-0.7,0.0,unstable,mixed,net 88.43 vs base 125.93; OOS -0.7 vs -2.62
V12-btcusd-054,2026-09-28,btcusd,D1,ASIS,"{""be_enable"": true, ""be_offset_pts"": 10, ""be_trigger_pts"": 500, ""entry_buffer_pts"": 10, ""fast"": 18, ""gate"": [""regime"", ""no_sideways""], ""ma_exit"": true, ""prot_start_mode"": 1, ""prot_start_pts"": 500, ""protection"": 1, ""swing_buffer_pts"": 50, ""swing_search"": 100, ""swing_strength"": 2, ""thr_mode"": 0, ""trend"": 200, ""use_sl_pct"": false, ""use_volume"": true}",trend-regime gate: no sideways days,2021-09-01..2026-09-26,B,115,3.5,7.07,1.643,0.0571,188.95,6.56,27.96,0.62,173.13,16.69,-0.87,0.0,unstable,helpful,net 188.95 vs base 125.93; OOS -0.87 vs -2.62
V13-btcusd-055,2026-09-28,btcusd,D1,ASIS,"{""be_enable"": true, ""be_offset_pts"": 10, ""be_trigger_pts"": 500, ""entry_buffer_pts"": 10, ""fast"": 18, ""gate"": [""regime"", ""aligned""], ""ma_exit"": true, ""prot_start_mode"": 1, ""prot_start_pts"": 500, ""protection"": 1, ""swing_buffer_pts"": 50, ""swing_search"": 100, ""swing_strength"": 2, ""thr_mode"": 0, ""trend"": 200, ""use_sl_pct"": false, ""use_volume"": true}",regime-aligned direction,2021-09-01..2026-09-26,B,101,4.0,7.388,1.884,0.0653,190.29,6.59,26.85,0.62,174.27,16.69,-0.67,0.0,unstable,helpful,net 190.29 vs base 125.93; OOS -0.67 vs -2.62
V14-btcusd-056,2026-09-28,btcusd,D1,ASIS,"{""be_enable"": true, ""be_offset_pts"": 10, ""be_trigger_pts"": 500, ""entry_buffer_pts"": 10, ""fast"": 18, ""gate"": [""dir"", 1], ""ma_exit"": true, ""prot_start_mode"": 1, ""prot_start_pts"": 500, ""protection"": 1, ""swing_buffer_pts"": 50, ""swing_search"": 100, ""swing_strength"": 2, ""thr_mode"": 0, ""trend"": 200, ""use_sl_pct"": false, ""use_volume"": true}",long only,2021-09-01..2026-09-26,B,78,5.1,7.183,2.4287,0.0845,189.44,6.59,26.21,0.62,174.35,16.77,-1.69,0.0,unstable,mixed,net 189.44 vs base 125.93; OOS -1.69 vs -2.62
V15-btcusd-057,2026-09-28,btcusd,D1,ASIS,"{""be_enable"": true, ""be_offset_pts"": 10, ""be_trigger_pts"": 500, ""entry_buffer_pts"": 10, ""fast"": 18, ""gate"": [""dir"", -1], ""ma_exit"": true, ""prot_start_mode"": 1, ""prot_start_pts"": 500, ""protection"": 1, ""swing_buffer_pts"": 50, ""swing_search"": 100, ""swing_strength"": 2, ""thr_mode"": 0, ""trend"": 200, ""use_sl_pct"": false, ""use_volume"": true}",short only,2021-09-01..2026-09-26,B,66,0.0,0.0,-0.9622,-0.0154,-63.51,-1.01,63.51,-0.49,-4.55,-58.03,-0.93,0.0,negative,harmful,net -63.51 vs base 125.93; OOS -0.93 vs -2.62
V16-btcusd-058,2026-09-28,btcusd,D1,ASIS,"{""be_enable"": true, ""be_offset_pts"": 10, ""be_trigger_pts"": 500, ""entry_buffer_pts"": 10, ""fast"": 18, ""gate"": null, ""ma_exit"": true, ""pending_max_bars"": 3, ""prot_start_mode"": 1, ""prot_start_pts"": 500, ""protection"": 1, ""swing_buffer_pts"": 50, ""swing_search"": 100, ""swing_strength"": 2, ""thr_mode"": 0, ""trend"": 200, ""use_sl_pct"": false, ""use_volume"": true}",pending order expires after 3 bars,2021-09-01..2026-09-26,B,145,2.8,1.72,0.6339,0.028,91.92,4.05,86.52,0.26,177.48,-23.32,-62.24,0.0,unstable,mixed,net 91.92 vs base 125.93; OOS -62.24 vs -2.62
V17-btcusd-059,2026-09-28,btcusd,D1,ASIS,"{""be_enable"": true, ""be_offset_pts"": 10, ""be_trigger_pts"": 500, ""confirm_bars"": 1, ""entry_buffer_pts"": 10, ""fast"": 18, ""gate"": null, ""ma_exit"": true, ""prot_start_mode"": 1, ""prot_start_pts"": 500, ""protection"": 1, ""swing_buffer_pts"": 50, ""swing_search"": 100, ""swing_strength"": 2, ""thr_mode"": 0, ""trend"": 200, ""use_sl_pct"": false, ""use_volume"": true}",confirmation window 1 bar,2021-09-01..2026-09-26,B,180,2.2,2.298,0.6906,0.0305,124.3,5.48,60.85,0.37,168.59,-41.46,-2.82,0.0,unstable,mixed,net 124.3 vs base 125.93; OOS -2.82 vs -2.62
V18-btcusd-060,2026-09-28,btcusd,D1,ASIS,"{""be_enable"": true, ""be_offset_pts"": 10, ""be_trigger_pts"": 500, ""confirm_bars"": 3, ""entry_buffer_pts"": 10, ""fast"": 18, ""gate"": null, ""ma_exit"": true, ""prot_start_mode"": 1, ""prot_start_pts"": 500, ""protection"": 1, ""swing_buffer_pts"": 50, ""swing_search"": 100, ""swing_strength"": 2, ""thr_mode"": 0, ""trend"": 200, ""use_sl_pct"": false, ""use_volume"": true}",confirmation window 3 bars,2021-09-01..2026-09-26,B,122,4.1,3.261,1.3084,0.0521,159.62,6.36,60.33,0.48,203.18,-41.11,-2.44,0.0,unstable,harmful,net 159.62 vs base 125.93; OOS -2.44 vs -2.62
V19-btcusd-061,2026-09-28,btcusd,D1,ASIS,"{""be_enable"": true, ""be_offset_pts"": 10, ""be_trigger_pts"": 500, ""entry_buffer_pts"": 10, ""fast"": 18, ""gate"": [""regime"", ""vol_low_normal""], ""ma_exit"": true, ""prot_start_mode"": 1, ""prot_start_pts"": 500, ""protection"": 1, ""swing_buffer_pts"": 50, ""swing_search"": 100, ""swing_strength"": 2, ""thr_mode"": 0, ""trend"": 200, ""use_sl_pct"": false, ""use_volume"": true}",no high/extreme volatility days,2021-09-01..2026-09-26,B,135,3.0,2.35,0.9365,0.0414,126.43,5.59,60.56,0.38,170.3,-41.26,-2.62,0.0,unstable,mixed,net 126.43 vs base 125.93; OOS -2.62 vs -2.62
V20-btcusd-062,2026-09-28,btcusd,D1,ASIS,"{""be_enable"": true, ""be_offset_pts"": 10, ""be_trigger_pts"": 500, ""entry_buffer_pts"": 10, ""fast"": 18, ""gate"": [""spread""], ""ma_exit"": true, ""prot_start_mode"": 1, ""prot_start_pts"": 500, ""protection"": 1, ""swing_buffer_pts"": 50, ""swing_search"": 100, ""swing_strength"": 2, ""thr_mode"": 0, ""trend"": 200, ""use_sl_pct"": false, ""use_volume"": true}",max spread filter: no setup when spread > 2x model median,2021-09-01..2026-09-26,B,144,2.8,2.338,0.8745,0.0387,125.93,5.58,60.56,0.38,169.81,-41.26,-2.62,0.0,unstable,mixed,net 125.93 vs base 125.93; OOS -2.62 vs -2.62
M09m-btcusd-063,2026-09-28,btcusd,4h,ASIS,"{""be_enable"": true, ""be_offset_pts"": 10, ""be_trigger_pts"": 500, ""entry_buffer_pts"": 10, ""fast"": 18, ""htf"": ""D1"", ""ma_exit"": true, ""mode"": ""ma"", ""prot_start_mode"": 1, ""prot_start_pts"": 500, ""protection"": 1, ""swing_buffer_pts"": 50, ""swing_search"": 100, ""swing_strength"": 2, ""thr_mode"": 0, ""trend"": 200, ""use_sl_pct"": false, ""use_volume"": true}",HTF D1 gate (ma),2021-09-01..2026-09-26,B,407,3.2,1.112,0.1044,0.0145,42.5,5.9,119.51,0.13,36.66,-11.25,17.09,1.278,unstable,harmful,net 42.5 vs base 136.51
M09c-btcusd-064,2026-09-28,btcusd,4h,ASIS,"{""be_enable"": true, ""be_offset_pts"": 10, ""be_trigger_pts"": 500, ""entry_buffer_pts"": 10, ""fast"": 18, ""htf"": ""D1"", ""ma_exit"": true, ""mode"": ""close"", ""prot_start_mode"": 1, ""prot_start_pts"": 500, ""protection"": 1, ""swing_buffer_pts"": 50, ""swing_search"": 100, ""swing_strength"": 2, ""thr_mode"": 0, ""trend"": 200, ""use_sl_pct"": false, ""use_volume"": true}",HTF D1 gate (close),2021-09-01..2026-09-26,B,386,3.1,0.96,-0.0381,-0.0005,-14.69,-0.18,98.61,-0.05,49.52,-12.05,-52.16,0.0,negative,harmful,net -14.69 vs base 136.51
V01-btcusd-065,2026-09-28,btcusd,D1,FINAL_H4,"{""adx_min"": 25.0, ""atr_period"": 22, ""be_enable"": true, ""be_offset_pts"": 10, ""be_trigger_pts"": 200, ""entry_buffer_pts"": 0, ""fast"": 18, ""gate"": null, ""ma_exit"": true, ""prot_start_mode"": 0, ""prot_start_pts"": 0, ""protection"": 4, ""swing_search"": 100, ""swing_strength"": 2, ""thr_mode"": 1, ""trail_dist_pts"": 50, ""trail_start_pts"": 500, ""trail_step_pts"": 10, ""trend"": 200, ""use_adx"": true, ""use_sl_pct"": false, ""use_volume"": true}",ADX(14) >= 25 (EA filter),2021-09-01..2026-09-26,B,48,33.3,1.283,5.2926,0.1033,254.04,4.96,316.46,0.29,138.72,-149.08,264.41,2.109,unstable,harmful,net 254.04 vs base 487.37; OOS 264.41 vs 311.8
V02-btcusd-066,2026-09-28,btcusd,D1,FINAL_H4,"{""adx_min"": 20.0, ""atr_period"": 22, ""be_enable"": true, ""be_offset_pts"": 10, ""be_trigger_pts"": 200, ""entry_buffer_pts"": 0, ""fast"": 18, ""gate"": null, ""ma_exit"": true, ""prot_start_mode"": 0, ""prot_start_pts"": 0, ""protection"": 4, ""swing_search"": 100, ""swing_strength"": 2, ""thr_mode"": 1, ""trail_dist_pts"": 50, ""trail_start_pts"": 500, ""trail_step_pts"": 10, ""trend"": 200, ""use_adx"": true, ""use_sl_pct"": false, ""use_volume"": true}",ADX(14) >= 20,2021-09-01..2026-09-26,B,51,35.3,1.466,7.9981,0.1288,407.9,6.57,244.61,0.47,116.53,-3.24,294.61,2.435,unstable,harmful,net 407.9 vs base 487.37; OOS 294.61 vs 311.8
V03-btcusd-067,2026-09-28,btcusd,D1,FINAL_H4,"{""atr_period"": 22, ""be_enable"": true, ""be_offset_pts"": 10, ""be_trigger_pts"": 200, ""entry_buffer_pts"": 0, ""fast"": 18, ""gate"": null, ""ma_exit"": true, ""prot_start_mode"": 0, ""prot_start_pts"": 0, ""protection"": 4, ""swing_search"": 100, ""swing_strength"": 2, ""thr_mode"": 1, ""trail_dist_pts"": 50, ""trail_start_pts"": 500, ""trail_step_pts"": 10, ""trend"": 200, ""use_sl_pct"": false, ""use_volume"": false}",no volume filter,2021-09-01..2026-09-26,B,76,27.6,1.276,3.7271,-0.0022,283.26,-0.17,312.34,0.33,-109.64,100.34,292.56,2.206,unstable,harmful,net 283.26 vs base 487.37; OOS 292.56 vs 311.8
V04-btcusd-068,2026-09-28,btcusd,D1,FINAL_H4,"{""atr_period"": 22, ""be_enable"": true, ""be_offset_pts"": 10, ""be_trigger_pts"": 200, ""entry_buffer_pts"": 0, ""fast"": 18, ""gate"": null, ""ma_exit"": true, ""prot_start_mode"": 0, ""prot_start_pts"": 0, ""protection"": 4, ""session_hours"": [8, 9, 10, 11, 12, 13, 14, 15, 16, 17, 18, 19, 20, 21], ""swing_search"": 100, ""swing_strength"": 2, ""thr_mode"": 1, ""trail_dist_pts"": 50, ""trail_start_pts"": 500, ""trail_step_pts"": 10, ""trend"": 200, ""use_session"": true, ""use_sl_pct"": false, ""use_volume"": true}",entries 08:00-21:59 server (London + New York),2021-09-01..2026-09-26,B,0,nan,nan,nan,nan,0.0,0.0,0.0,nan,0.0,0.0,0.0,nan,negative,mixed,net 0.0 vs base 487.37; OOS 0.0 vs 311.8
V05-btcusd-069,2026-09-28,btcusd,D1,FINAL_H4,"{""atr_period"": 22, ""be_enable"": true, ""be_offset_pts"": 10, ""be_trigger_pts"": 200, ""entry_buffer_pts"": 0, ""fast"": 18, ""gate"": null, ""ma_exit"": true, ""prot_start_mode"": 0, ""prot_start_pts"": 0, ""protection"": 4, ""session_hours"": [13, 14, 15, 16], ""swing_search"": 100, ""swing_strength"": 2, ""thr_mode"": 1, ""trail_dist_pts"": 50, ""trail_start_pts"": 500, ""trail_step_pts"": 10, ""trend"": 200, ""use_session"": true, ""use_sl_pct"": false, ""use_volume"": true}",entries 13:00-16:59 server (London/NY overlap),2021-09-01..2026-09-26,B,0,nan,nan,nan,nan,0.0,0.0,0.0,nan,0.0,0.0,0.0,nan,negative,mixed,net 0.0 vs base 487.37; OOS 0.0 vs 311.8
V06-btcusd-070,2026-09-28,btcusd,D1,FINAL_H4,"{""atr_period"": 22, ""be_enable"": true, ""be_offset_pts"": 10, ""be_trigger_pts"": 200, ""entry_buffer_pts"": 0, ""fast"": 18, ""gate"": null, ""ma_exit"": true, ""prot_start_mode"": 0, ""prot_start_pts"": 0, ""protection"": 4, ""session_hours"": [7, 8, 9, 10, 11, 12, 13, 14, 15, 16, 17, 18, 19, 20, 21, 22, 23], ""swing_search"": 100, ""swing_strength"": 2, ""thr_mode"": 1, ""trail_dist_pts"": 50, ""trail_start_pts"": 500, ""trail_step_pts"": 10, ""trend"": 200, ""use_session"": true, ""use_sl_pct"": false, ""use_volume"": true}",no entries 00:00-06:59 server (Asia),2021-09-01..2026-09-26,B,0,nan,nan,nan,nan,0.0,0.0,0.0,nan,0.0,0.0,0.0,nan,negative,mixed,net 0.0 vs base 487.37; OOS 0.0 vs 311.8
V07-btcusd-071,2026-09-28,btcusd,D1,FINAL_H4,"{""atr_period"": 22, ""be_enable"": true, ""be_offset_pts"": 10, ""be_trigger_pts"": 200, ""entry_buffer_pts"": 0, ""fast"": 18, ""gate"": [""mon_open""], ""ma_exit"": true, ""prot_start_mode"": 0, ""prot_start_pts"": 0, ""protection"": 4, ""swing_search"": 100, ""swing_strength"": 2, ""thr_mode"": 1, ""trail_dist_pts"": 50, ""trail_start_pts"": 500, ""trail_step_pts"": 10, ""trend"": 200, ""use_sl_pct"": false, ""use_volume"": true}",no entries on Monday before 08:00 (weekend gap),2021-09-01..2026-09-26,B,53,34.0,1.932,11.8395,0.1565,627.49,8.3,149.87,0.81,98.77,239.39,289.33,2.325,unstable,harmful,net 627.49 vs base 487.37; OOS 289.33 vs 311.8
V08-btcusd-072,2026-09-28,btcusd,D1,FINAL_H4,"{""atr_period"": 22, ""be_enable"": true, ""be_offset_pts"": 10, ""be_trigger_pts"": 200, ""entry_buffer_pts"": 0, ""fast"": 18, ""gate"": null, ""ma_exit"": true, ""prot_start_mode"": 0, ""prot_start_pts"": 0, ""protection"": 4, ""swing_search"": 100, ""swing_strength"": 2, ""thr_mode"": 1, ""trail_dist_pts"": 50, ""trail_start_pts"": 500, ""trail_step_pts"": 10, ""trend"": 200, ""use_sl_pct"": false, ""use_vol_filter"": true, ""use_volume"": true, ""vol_filter_min"": 1.0}",ATR(22)/SMA100(ATR) >= 1.0,2021-09-01..2026-09-26,B,32,21.9,0.52,-11.0522,-0.0223,-353.67,-0.71,393.71,-0.56,-70.78,-157.12,-125.78,0.367,negative,harmful,net -353.67 vs base 487.37; OOS -125.78 vs 311.8
V09-btcusd-073,2026-09-28,btcusd,D1,FINAL_H4,"{""atr_period"": 22, ""be_enable"": true, ""be_offset_pts"": 10, ""be_trigger_pts"": 200, ""entry_buffer_pts"": 0, ""fast"": 18, ""gate"": null, ""ma_exit"": true, ""prot_start_mode"": 0, ""prot_start_pts"": 0, ""protection"": 4, ""swing_search"": 100, ""swing_strength"": 2, ""thr_mode"": 1, ""trail_dist_pts"": 50, ""trail_start_pts"": 500, ""trail_step_pts"": 10, ""trend"": 200, ""use_sl_pct"": false, ""use_vol_filter"": true, ""use_volume"": true, ""vol_filter_max"": 1.5, ""vol_filter_min"": 0.0}",ATR(22)/SMA100(ATR) <= 1.5,2021-09-01..2026-09-26,B,50,34.0,1.968,12.4669,0.1516,623.35,7.58,125.18,0.77,153.21,158.33,311.8,2.657,unstable,mixed,net 623.35 vs base 487.37; OOS 311.8 vs 311.8
V10-btcusd-074,2026-09-28,btcusd,D1,FINAL_H4,"{""atr_period"": 22, ""be_enable"": true, ""be_offset_pts"": 10, ""be_trigger_pts"": 200, ""entry_buffer_pts"": 0, ""fast"": 18, ""gate"": null, ""ma_exit"": true, ""prot_start_mode"": 0, ""prot_start_pts"": 0, ""protection"": 4, ""slope_filter_bars"": 3, ""swing_search"": 100, ""swing_strength"": 2, ""thr_mode"": 1, ""trail_dist_pts"": 50, ""trail_start_pts"": 500, ""trail_step_pts"": 10, ""trend"": 200, ""use_sl_pct"": false, ""use_volume"": true}",MA18 slope filter over 3 bars,2021-09-01..2026-09-26,B,50,30.0,1.446,6.3762,0.169,318.81,8.45,139.04,0.44,46.47,166.48,105.85,1.505,unstable,harmful,net 318.81 vs base 487.37; OOS 105.85 vs 311.8
V11-btcusd-075,2026-09-28,btcusd,D1,FINAL_H4,"{""atr_period"": 22, ""be_enable"": true, ""be_offset_pts"": 10, ""be_trigger_pts"": 200, ""entry_buffer_pts"": 0, ""fast"": 18, ""gate"": null, ""ma_exit"": true, ""max_dist_atr"": 2.0, ""prot_start_mode"": 0, ""prot_start_pts"": 0, ""protection"": 4, ""swing_search"": 100, ""swing_strength"": 2, ""thr_mode"": 1, ""trail_dist_pts"": 50, ""trail_start_pts"": 500, ""trail_step_pts"": 10, ""trend"": 200, ""use_sl_pct"": false, ""use_volume"": true}",no entry when |close - MA18| > 2 ATR,2021-09-01..2026-09-26,B,46,30.4,1.203,3.3133,0.1137,152.41,5.23,316.65,0.2,93.77,-115.89,174.54,1.943,unstable,harmful,net 152.41 vs base 487.37; OOS 174.54 vs 311.8
V12-btcusd-076,2026-09-28,btcusd,D1,FINAL_H4,"{""atr_period"": 22, ""be_enable"": true, ""be_offset_pts"": 10, ""be_trigger_pts"": 200, ""entry_buffer_pts"": 0, ""fast"": 18, ""gate"": [""regime"", ""no_sideways""], ""ma_exit"": true, ""prot_start_mode"": 0, ""prot_start_pts"": 0, ""protection"": 4, ""swing_search"": 100, ""swing_strength"": 2, ""thr_mode"": 1, ""trail_dist_pts"": 50, ""trail_start_pts"": 500, ""trail_step_pts"": 10, ""trend"": 200, ""use_sl_pct"": false, ""use_volume"": true}",trend-regime gate: no sideways days,2021-09-01..2026-09-26,B,49,30.6,1.106,2.1122,0.0597,103.5,2.92,212.31,0.14,161.99,7.08,-65.57,0.814,unstable,harmful,net 103.5 vs base 487.37; OOS -65.57 vs 311.8
V13-btcusd-077,2026-09-28,btcusd,D1,FINAL_H4,"{""atr_period"": 22, ""be_enable"": true, ""be_offset_pts"": 10, ""be_trigger_pts"": 200, ""entry_buffer_pts"": 0, ""fast"": 18, ""gate"": [""regime"", ""aligned""], ""ma_exit"": true, ""prot_start_mode"": 0, ""prot_start_pts"": 0, ""protection"": 4, ""swing_search"": 100, ""swing_strength"": 2, ""thr_mode"": 1, ""trail_dist_pts"": 50, ""trail_start_pts"": 500, ""trail_step_pts"": 10, ""trend"": 200, ""use_sl_pct"": false, ""use_volume"": true}",regime-aligned direction,2021-09-01..2026-09-26,B,45,28.9,0.96,-0.9104,0.0211,-40.97,0.95,297.21,-0.06,153.08,7.08,-201.13,0.502,negative,harmful,net -40.97 vs base 487.37; OOS -201.13 vs 311.8
V14-btcusd-078,2026-09-28,btcusd,D1,FINAL_H4,"{""atr_period"": 22, ""be_enable"": true, ""be_offset_pts"": 10, ""be_trigger_pts"": 200, ""entry_buffer_pts"": 0, ""fast"": 18, ""gate"": [""dir"", 1], ""ma_exit"": true, ""prot_start_mode"": 0, ""prot_start_pts"": 0, ""protection"": 4, ""swing_search"": 100, ""swing_strength"": 2, ""thr_mode"": 1, ""trail_dist_pts"": 50, ""trail_start_pts"": 500, ""trail_step_pts"": 10, ""trend"": 200, ""use_sl_pct"": false, ""use_volume"": true}",long only,2021-09-01..2026-09-26,B,32,34.4,1.388,6.4258,0.1927,205.63,6.17,187.16,0.32,54.84,87.22,63.56,2.691,unstable,harmful,net 205.63 vs base 487.37; OOS 63.56 vs 311.8
V15-btcusd-079,2026-09-28,btcusd,D1,FINAL_H4,"{""atr_period"": 22, ""be_enable"": true, ""be_offset_pts"": 10, ""be_trigger_pts"": 200, ""entry_buffer_pts"": 0, ""fast"": 18, ""gate"": [""dir"", -1], ""ma_exit"": true, ""prot_start_mode"": 0, ""prot_start_pts"": 0, ""protection"": 4, ""swing_search"": 100, ""swing_strength"": 2, ""thr_mode"": 1, ""trail_dist_pts"": 50, ""trail_start_pts"": 500, ""trail_step_pts"": 10, ""trend"": 200, ""use_sl_pct"": false, ""use_volume"": true}",short only,2021-09-01..2026-09-26,B,22,31.8,2.056,12.8067,0.0012,281.75,0.03,105.12,0.53,67.26,-33.75,248.24,2.648,unstable,mixed,net 281.75 vs base 487.37; OOS 248.24 vs 311.8
V16-btcusd-080,2026-09-28,btcusd,D1,FINAL_H4,"{""atr_period"": 22, ""be_enable"": true, ""be_offset_pts"": 10, ""be_trigger_pts"": 200, ""entry_buffer_pts"": 0, ""fast"": 18, ""gate"": null, ""ma_exit"": true, ""pending_max_bars"": 3, ""prot_start_mode"": 0, ""prot_start_pts"": 0, ""protection"": 4, ""swing_search"": 100, ""swing_strength"": 2, ""thr_mode"": 1, ""trail_dist_pts"": 50, ""trail_start_pts"": 500, ""trail_step_pts"": 10, ""trend"": 200, ""use_sl_pct"": false, ""use_volume"": true}",pending order expires after 3 bars,2021-09-01..2026-09-26,B,53,32.1,1.63,9.1182,0.201,483.26,10.65,187.89,0.54,76.0,53.47,353.79,2.885,unstable,mixed,net 483.26 vs base 487.37; OOS 353.79 vs 311.8
V17-btcusd-081,2026-09-28,btcusd,D1,FINAL_H4,"{""atr_period"": 22, ""be_enable"": true, ""be_offset_pts"": 10, ""be_trigger_pts"": 200, ""confirm_bars"": 1, ""entry_buffer_pts"": 0, ""fast"": 18, ""gate"": null, ""ma_exit"": true, ""prot_start_mode"": 0, ""prot_start_pts"": 0, ""protection"": 4, ""swing_search"": 100, ""swing_strength"": 2, ""thr_mode"": 1, ""trail_dist_pts"": 50, ""trail_start_pts"": 500, ""trail_step_pts"": 10, ""trend"": 200, ""use_sl_pct"": false, ""use_volume"": true}",confirmation window 1 bar,2021-09-01..2026-09-26,B,65,33.8,1.778,10.7899,0.1326,701.34,8.62,185.73,0.82,216.56,223.5,261.28,1.882,unstable,mixed,net 701.34 vs base 487.37; OOS 261.28 vs 311.8
V18-btcusd-082,2026-09-28,btcusd,D1,FINAL_H4,"{""atr_period"": 22, ""be_enable"": true, ""be_offset_pts"": 10, ""be_trigger_pts"": 200, ""confirm_bars"": 3, ""entry_buffer_pts"": 0, ""fast"": 18, ""gate"": null, ""ma_exit"": true, ""prot_start_mode"": 0, ""prot_start_pts"": 0, ""protection"": 4, ""swing_search"": 100, ""swing_strength"": 2, ""thr_mode"": 1, ""trail_dist_pts"": 50, ""trail_start_pts"": 500, ""trail_step_pts"": 10, ""trend"": 200, ""use_sl_pct"": false, ""use_volume"": true}",confirmation window 3 bars,2021-09-01..2026-09-26,B,49,32.7,1.305,4.9934,0.1125,244.68,5.51,186.81,0.32,93.6,24.29,126.79,1.657,unstable,harmful,net 244.68 vs base 487.37; OOS 126.79 vs 311.8
V19-btcusd-083,2026-09-28,btcusd,D1,FINAL_H4,"{""atr_period"": 22, ""be_enable"": true, ""be_offset_pts"": 10, ""be_trigger_pts"": 200, ""entry_buffer_pts"": 0, ""fast"": 18, ""gate"": [""regime"", ""vol_low_normal""], ""ma_exit"": true, ""prot_start_mode"": 0, ""prot_start_pts"": 0, ""protection"": 4, ""swing_search"": 100, ""swing_strength"": 2, ""thr_mode"": 1, ""trail_dist_pts"": 50, ""trail_start_pts"": 500, ""trail_step_pts"": 10, ""trend"": 200, ""use_sl_pct"": false, ""use_volume"": true}",no high/extreme volatility days,2021-09-01..2026-09-26,B,52,32.7,1.639,9.5788,0.1418,498.1,7.37,187.89,0.61,132.83,53.47,311.8,2.657,unstable,mixed,net 498.1 vs base 487.37; OOS 311.8 vs 311.8
V20-btcusd-084,2026-09-28,btcusd,D1,FINAL_H4,"{""atr_period"": 22, ""be_enable"": true, ""be_offset_pts"": 10, ""be_trigger_pts"": 200, ""entry_buffer_pts"": 0, ""fast"": 18, ""gate"": [""spread""], ""ma_exit"": true, ""prot_start_mode"": 0, ""prot_start_pts"": 0, ""protection"": 4, ""swing_search"": 100, ""swing_strength"": 2, ""thr_mode"": 1, ""trail_dist_pts"": 50, ""trail_start_pts"": 500, ""trail_step_pts"": 10, ""trend"": 200, ""use_sl_pct"": false, ""use_volume"": true}",max spread filter: no setup when spread > 2x model median,2021-09-01..2026-09-26,B,54,33.3,1.612,9.0254,0.1146,487.37,6.19,187.89,0.6,122.1,53.47,311.8,2.657,unstable,mixed,net 487.37 vs base 487.37; OOS 311.8 vs 311.8
V01-lightcmdusd-085,2026-09-28,lightcmdusd,4h,ASIS,"{""adx_min"": 25.0, ""be_enable"": true, ""be_offset_pts"": 10, ""be_trigger_pts"": 500, ""entry_buffer_pts"": 10, ""fast"": 18, ""gate"": null, ""ma_exit"": true, ""prot_start_mode"": 1, ""prot_start_pts"": 500, ""protection"": 1, ""swing_buffer_pts"": 50, ""swing_search"": 100, ""swing_strength"": 2, ""thr_mode"": 0, ""trend"": 200, ""use_adx"": true, ""use_sl_pct"": false, ""use_volume"": true}",ADX(14) >= 25 (EA filter),2021-09-01..2026-09-26,B,131,34.4,0.807,-0.195,-0.0246,-25.55,-3.22,35.25,-0.43,-14.04,-7.73,-3.78,0.925,negative,harmful,net -25.55 vs base 0.98; OOS -3.78 vs 8.41
V02-lightcmdusd-086,2026-09-28,lightcmdusd,4h,ASIS,"{""adx_min"": 20.0, ""be_enable"": true, ""be_offset_pts"": 10, ""be_trigger_pts"": 500, ""entry_buffer_pts"": 10, ""fast"": 18, ""gate"": null, ""ma_exit"": true, ""prot_start_mode"": 1, ""prot_start_pts"": 500, ""protection"": 1, ""swing_buffer_pts"": 50, ""swing_search"": 100, ""swing_strength"": 2, ""thr_mode"": 0, ""trend"": 200, ""use_adx"": true, ""use_sl_pct"": false, ""use_volume"": true}",ADX(14) >= 20,2021-09-01..2026-09-26,B,155,36.1,0.896,-0.099,0.0015,-15.34,0.23,30.63,-0.26,-8.14,-5.78,-1.42,0.974,negative,harmful,net -15.34 vs base 0.98; OOS -1.42 vs 8.41
V03-lightcmdusd-087,2026-09-28,lightcmdusd,4h,ASIS,"{""be_enable"": true, ""be_offset_pts"": 10, ""be_trigger_pts"": 500, ""entry_buffer_pts"": 10, ""fast"": 18, ""gate"": null, ""ma_exit"": true, ""prot_start_mode"": 1, ""prot_start_pts"": 500, ""protection"": 1, ""swing_buffer_pts"": 50, ""swing_search"": 100, ""swing_strength"": 2, ""thr_mode"": 0, ""trend"": 200, ""use_sl_pct"": false, ""use_volume"": false}",no volume filter,2021-09-01..2026-09-26,B,209,35.9,1.053,0.0418,0.0382,8.74,7.97,24.03,0.12,-6.59,-3.25,18.58,1.384,unstable,mixed,net 8.74 vs base 0.98; OOS 18.58 vs 8.41
V04-lightcmdusd-088,2026-09-28,lightcmdusd,4h,ASIS,"{""be_enable"": true, ""be_offset_pts"": 10, ""be_trigger_pts"": 500, ""entry_buffer_pts"": 10, ""fast"": 18, ""gate"": null, ""ma_exit"": true, ""prot_start_mode"": 1, ""prot_start_pts"": 500, ""protection"": 1, ""session_hours"": [8, 9, 10, 11, 12, 13, 14, 15, 16, 17, 18, 19, 20, 21], ""swing_buffer_pts"": 50, ""swing_search"": 100, ""swing_strength"": 2, ""thr_mode"": 0, ""trend"": 200, ""use_session"": true, ""use_sl_pct"": false, ""use_volume"": true}",entries 08:00-21:59 server (London + New York),2021-09-01..2026-09-26,B,166,36.1,0.995,-0.0039,0.0243,-0.65,4.03,26.11,-0.01,4.23,-9.71,4.83,1.096,negative,harmful,net -0.65 vs base 0.98; OOS 4.83 vs 8.41
V05-lightcmdusd-089,2026-09-28,lightcmdusd,4h,ASIS,"{""be_enable"": true, ""be_offset_pts"": 10, ""be_trigger_pts"": 500, ""entry_buffer_pts"": 10, ""fast"": 18, ""gate"": null, ""ma_exit"": true, ""prot_start_mode"": 1, ""prot_start_pts"": 500, ""protection"": 1, ""session_hours"": [13, 14, 15, 16], ""swing_buffer_pts"": 50, ""swing_search"": 100, ""swing_strength"": 2, ""thr_mode"": 0, ""trend"": 200, ""use_session"": true, ""use_sl_pct"": false, ""use_volume"": true}",entries 13:00-16:59 server (London/NY overlap),2021-09-01..2026-09-26,B,141,36.9,0.967,-0.0268,-0.0147,-3.78,-2.07,24.91,-0.06,-1.85,-5.59,3.66,1.093,negative,harmful,net -3.78 vs base 0.98; OOS 3.66 vs 8.41
V06-lightcmdusd-090,2026-09-28,lightcmdusd,4h,ASIS,"{""be_enable"": true, ""be_offset_pts"": 10, ""be_trigger_pts"": 500, ""entry_buffer_pts"": 10, ""fast"": 18, ""gate"": null, ""ma_exit"": true, ""prot_start_mode"": 1, ""prot_start_pts"": 500, ""protection"": 1, ""session_hours"": [7, 8, 9, 10, 11, 12, 13, 14, 15, 16, 17, 18, 19, 20, 21, 22, 23], ""swing_buffer_pts"": 50, ""swing_search"": 100, ""swing_strength"": 2, ""thr_mode"": 0, ""trend"": 200, ""use_session"": true, ""use_sl_pct"": false, ""use_volume"": true}",no entries 00:00-06:59 server (Asia),2021-09-01..2026-09-26,B,166,36.1,0.995,-0.0039,0.0243,-0.65,4.03,26.11,-0.01,4.23,-9.71,4.83,1.096,negative,harmful,net -0.65 vs base 0.98; OOS 4.83 vs 8.41
V07-lightcmdusd-091,2026-09-28,lightcmdusd,4h,ASIS,"{""be_enable"": true, ""be_offset_pts"": 10, ""be_trigger_pts"": 500, ""entry_buffer_pts"": 10, ""fast"": 18, ""gate"": [""mon_open""], ""ma_exit"": true, ""prot_start_mode"": 1, ""prot_start_pts"": 500, ""protection"": 1, ""swing_buffer_pts"": 50, ""swing_search"": 100, ""swing_strength"": 2, ""thr_mode"": 0, ""trend"": 200, ""use_sl_pct"": false, ""use_volume"": true}",no entries on Monday before 08:00 (weekend gap),2021-09-01..2026-09-26,B,166,38.0,1.007,0.0059,0.032,0.98,5.3,22.03,0.02,0.04,-7.47,8.41,1.181,unstable,mixed,net 0.98 vs base 0.98; OOS 8.41 vs 8.41
V08-lightcmdusd-092,2026-09-28,lightcmdusd,4h,ASIS,"{""be_enable"": true, ""be_offset_pts"": 10, ""be_trigger_pts"": 500, ""entry_buffer_pts"": 10, ""fast"": 18, ""gate"": null, ""ma_exit"": true, ""prot_start_mode"": 1, ""prot_start_pts"": 500, ""protection"": 1, ""swing_buffer_pts"": 50, ""swing_search"": 100, ""swing_strength"": 2, ""thr_mode"": 0, ""trend"": 200, ""use_sl_pct"": false, ""use_vol_filter"": true, ""use_volume"": true, ""vol_filter_min"": 1.0}",ATR(22)/SMA100(ATR) >= 1.0,2021-09-01..2026-09-26,B,78,39.7,1.12,0.1081,0.0996,8.43,7.77,14.13,0.2,7.18,-1.97,3.22,1.117,unstable,mixed,net 8.43 vs base 0.98; OOS 3.22 vs 8.41
V09-lightcmdusd-093,2026-09-28,lightcmdusd,4h,ASIS,"{""be_enable"": true, ""be_offset_pts"": 10, ""be_trigger_pts"": 500, ""entry_buffer_pts"": 10, ""fast"": 18, ""gate"": null, ""ma_exit"": true, ""prot_start_mode"": 1, ""prot_start_pts"": 500, ""protection"": 1, ""swing_buffer_pts"": 50, ""swing_search"": 100, ""swing_strength"": 2, ""thr_mode"": 0, ""trend"": 200, ""use_sl_pct"": false, ""use_vol_filter"": true, ""use_volume"": true, ""vol_filter_max"": 1.5, ""vol_filter_min"": 0.0}",ATR(22)/SMA100(ATR) <= 1.5,2021-09-01..2026-09-26,B,163,38.0,1.042,0.0344,0.0362,5.61,5.9,20.92,0.08,0.04,-6.36,11.93,1.277,unstable,mixed,net 5.61 vs base 0.98; OOS 11.93 vs 8.41
V10-lightcmdusd-094,2026-09-28,lightcmdusd,4h,ASIS,"{""be_enable"": true, ""be_offset_pts"": 10, ""be_trigger_pts"": 500, ""entry_buffer_pts"": 10, ""fast"": 18, ""gate"": null, ""ma_exit"": true, ""prot_start_mode"": 1, ""prot_start_pts"": 500, ""protection"": 1, ""slope_filter_bars"": 3, ""swing_buffer_pts"": 50, ""swing_search"": 100, ""swing_strength"": 2, ""thr_mode"": 0, ""trend"": 200, ""use_sl_pct"": false, ""use_volume"": true}",MA18 slope filter over 3 bars,2021-09-01..2026-09-26,B,147,36.1,1.123,0.0959,0.064,14.09,9.42,23.69,0.22,7.48,-8.7,15.31,1.42,unstable,mixed,net 14.09 vs base 0.98; OOS 15.31 vs 8.41
V11-lightcmdusd-095,2026-09-28,lightcmdusd,4h,ASIS,"{""be_enable"": true, ""be_offset_pts"": 10, ""be_trigger_pts"": 500, ""entry_buffer_pts"": 10, ""fast"": 18, ""gate"": null, ""ma_exit"": true, ""max_dist_atr"": 2.0, ""prot_start_mode"": 1, ""prot_start_pts"": 500, ""protection"": 1, ""swing_buffer_pts"": 50, ""swing_search"": 100, ""swing_strength"": 2, ""thr_mode"": 0, ""trend"": 200, ""use_sl_pct"": false, ""use_volume"": true}",no entry when |close - MA18| > 2 ATR,2021-09-01..2026-09-26,B,152,36.2,1.079,0.0616,0.0203,9.36,3.08,22.6,0.15,2.31,-9.14,16.19,1.425,unstable,mixed,net 9.36 vs base 0.98; OOS 16.19 vs 8.41
V12-lightcmdusd-096,2026-09-28,lightcmdusd,4h,ASIS,"{""be_enable"": true, ""be_offset_pts"": 10, ""be_trigger_pts"": 500, ""entry_buffer_pts"": 10, ""fast"": 18, ""gate"": [""regime"", ""no_sideways""], ""ma_exit"": true, ""prot_start_mode"": 1, ""prot_start_pts"": 500, ""protection"": 1, ""swing_buffer_pts"": 50, ""swing_search"": 100, ""swing_strength"": 2, ""thr_mode"": 0, ""trend"": 200, ""use_sl_pct"": false, ""use_volume"": true}",trend-regime gate: no sideways days,2021-09-01..2026-09-26,B,130,35.4,0.916,-0.0788,0.0042,-10.24,0.55,27.76,-0.17,-9.14,-5.89,4.79,1.102,negative,harmful,net -10.24 vs base 0.98; OOS 4.79 vs 8.41
V13-lightcmdusd-097,2026-09-28,lightcmdusd,4h,ASIS,"{""be_enable"": true, ""be_offset_pts"": 10, ""be_trigger_pts"": 500, ""entry_buffer_pts"": 10, ""fast"": 18, ""gate"": [""regime"", ""aligned""], ""ma_exit"": true, ""prot_start_mode"": 1, ""prot_start_pts"": 500, ""protection"": 1, ""swing_buffer_pts"": 50, ""swing_search"": 100, ""swing_strength"": 2, ""thr_mode"": 0, ""trend"": 200, ""use_sl_pct"": false, ""use_volume"": true}",regime-aligned direction,2021-09-01..2026-09-26,B,87,36.8,0.948,-0.0453,-0.0358,-3.94,-3.11,24.54,-0.08,-7.42,-2.46,5.94,1.19,negative,harmful,net -3.94 vs base 0.98; OOS 5.94 vs 8.41
V14-lightcmdusd-098,2026-09-28,lightcmdusd,4h,ASIS,"{""be_enable"": true, ""be_offset_pts"": 10, ""be_trigger_pts"": 500, ""entry_buffer_pts"": 10, ""fast"": 18, ""gate"": [""dir"", 1], ""ma_exit"": true, ""prot_start_mode"": 1, ""prot_start_pts"": 500, ""protection"": 1, ""swing_buffer_pts"": 50, ""swing_search"": 100, ""swing_strength"": 2, ""thr_mode"": 0, ""trend"": 200, ""use_sl_pct"": false, ""use_volume"": true}",long only,2021-09-01..2026-09-26,B,76,36.8,1.179,0.1629,0.1172,12.38,8.91,18.13,0.25,-5.34,-2.55,20.27,1.876,unstable,mixed,net 12.38 vs base 0.98; OOS 20.27 vs 8.41
V15-lightcmdusd-099,2026-09-28,lightcmdusd,4h,ASIS,"{""be_enable"": true, ""be_offset_pts"": 10, ""be_trigger_pts"": 500, ""entry_buffer_pts"": 10, ""fast"": 18, ""gate"": [""dir"", -1], ""ma_exit"": true, ""prot_start_mode"": 1, ""prot_start_pts"": 500, ""protection"": 1, ""swing_buffer_pts"": 50, ""swing_search"": 100, ""swing_strength"": 2, ""thr_mode"": 0, ""trend"": 200, ""use_sl_pct"": false, ""use_volume"": true}",short only,2021-09-01..2026-09-26,B,90,38.9,0.836,-0.1267,-0.04,-11.4,-3.6,25.83,-0.3,5.38,-4.92,-11.86,0.493,negative,harmful,net -11.4 vs base 0.98; OOS -11.86 vs 8.41
V16-lightcmdusd-100,2026-09-28,lightcmdusd,4h,ASIS,"{""be_enable"": true, ""be_offset_pts"": 10, ""be_trigger_pts"": 500, ""entry_buffer_pts"": 10, ""fast"": 18, ""gate"": null, ""ma_exit"": true, ""pending_max_bars"": 3, ""prot_start_mode"": 1, ""prot_start_pts"": 500, ""protection"": 1, ""swing_buffer_pts"": 50, ""swing_search"": 100, ""swing_strength"": 2, ""thr_mode"": 0, ""trend"": 200, ""use_sl_pct"": false, ""use_volume"": true}",pending order expires after 3 bars,2021-09-01..2026-09-26,B,166,36.7,0.918,-0.0694,0.0125,-11.52,2.08,33.81,-0.19,0.97,-10.0,-2.49,0.949,negative,harmful,net -11.52 vs base 0.98; OOS -2.49 vs 8.41
V17-lightcmdusd-101,2026-09-28,lightcmdusd,4h,ASIS,"{""be_enable"": true, ""be_offset_pts"": 10, ""be_trigger_pts"": 500, ""confirm_bars"": 1, ""entry_buffer_pts"": 10, ""fast"": 18, ""gate"": null, ""ma_exit"": true, ""prot_start_mode"": 1, ""prot_start_pts"": 500, ""protection"": 1, ""swing_buffer_pts"": 50, ""swing_search"": 100, ""swing_strength"": 2, ""thr_mode"": 0, ""trend"": 200, ""use_sl_pct"": false, ""use_volume"": true}",confirmation window 1 bar,2021-09-01..2026-09-26,B,227,32.2,0.978,-0.0181,-0.0155,-4.12,-3.51,31.82,-0.06,-9.03,-13.48,18.39,1.313,negative,harmful,net -4.12 vs base 0.98; OOS 18.39 vs 8.41
V18-lightcmdusd-102,2026-09-28,lightcmdusd,4h,ASIS,"{""be_enable"": true, ""be_offset_pts"": 10, ""be_trigger_pts"": 500, ""confirm_bars"": 3, ""entry_buffer_pts"": 10, ""fast"": 18, ""gate"": null, ""ma_exit"": true, ""prot_start_mode"": 1, ""prot_start_pts"": 500, ""protection"": 1, ""swing_buffer_pts"": 50, ""swing_search"": 100, ""swing_strength"": 2, ""thr_mode"": 0, ""trend"": 200, ""use_sl_pct"": false, ""use_volume"": true}",confirmation window 3 bars,2021-09-01..2026-09-26,B,142,35.9,1.021,0.0197,0.0598,2.8,8.49,28.3,0.04,7.54,-5.95,1.21,1.024,unstable,harmful,net 2.8 vs base 0.98; OOS 1.21 vs 8.41
V19-lightcmdusd-103,2026-09-28,lightcmdusd,4h,ASIS,"{""be_enable"": true, ""be_offset_pts"": 10, ""be_trigger_pts"": 500, ""entry_buffer_pts"": 10, ""fast"": 18, ""gate"": [""regime"", ""vol_low_normal""], ""ma_exit"": true, ""prot_start_mode"": 1, ""prot_start_pts"": 500, ""protection"": 1, ""swing_buffer_pts"": 50, ""swing_search"": 100, ""swing_strength"": 2, ""thr_mode"": 0, ""trend"": 200, ""use_sl_pct"": false, ""use_volume"": true}",no high/extreme volatility days,2021-09-01..2026-09-26,B,131,35.9,1.052,0.0377,0.022,4.94,2.89,20.7,0.09,-0.94,-6.14,12.02,2.059,unstable,mixed,net 4.94 vs base 0.98; OOS 12.02 vs 8.41
V20-lightcmdusd-104,2026-09-28,lightcmdusd,4h,ASIS,"{""be_enable"": true, ""be_offset_pts"": 10, ""be_trigger_pts"": 500, ""entry_buffer_pts"": 10, ""fast"": 18, ""gate"": [""spread""], ""ma_exit"": true, ""prot_start_mode"": 1, ""prot_start_pts"": 500, ""protection"": 1, ""swing_buffer_pts"": 50, ""swing_search"": 100, ""swing_strength"": 2, ""thr_mode"": 0, ""trend"": 200, ""use_sl_pct"": false, ""use_volume"": true}",max spread filter: no setup when spread > 2x model median,2021-09-01..2026-09-26,B,166,38.0,1.007,0.0059,0.032,0.98,5.3,22.03,0.02,0.04,-7.47,8.41,1.181,unstable,mixed,net 0.98 vs base 0.98; OOS 8.41 vs 8.41
M09m-lightcmdusd-105,2026-09-28,lightcmdusd,4h,ASIS,"{""be_enable"": true, ""be_offset_pts"": 10, ""be_trigger_pts"": 500, ""entry_buffer_pts"": 10, ""fast"": 18, ""htf"": ""D1"", ""ma_exit"": true, ""mode"": ""ma"", ""prot_start_mode"": 1, ""prot_start_pts"": 500, ""protection"": 1, ""swing_buffer_pts"": 50, ""swing_search"": 100, ""swing_strength"": 2, ""thr_mode"": 0, ""trend"": 200, ""use_sl_pct"": false, ""use_volume"": true}",HTF D1 gate (ma),2021-09-01..2026-09-26,B,84,38.1,1.057,0.0488,0.0575,4.1,4.83,17.02,0.08,1.95,-3.4,5.55,1.166,unstable,helpful,net 4.1 vs base 0.98
M09c-lightcmdusd-106,2026-09-28,lightcmdusd,4h,ASIS,"{""be_enable"": true, ""be_offset_pts"": 10, ""be_trigger_pts"": 500, ""entry_buffer_pts"": 10, ""fast"": 18, ""htf"": ""D1"", ""ma_exit"": true, ""mode"": ""close"", ""prot_start_mode"": 1, ""prot_start_pts"": 500, ""protection"": 1, ""swing_buffer_pts"": 50, ""swing_search"": 100, ""swing_strength"": 2, ""thr_mode"": 0, ""trend"": 200, ""use_sl_pct"": false, ""use_volume"": true}",HTF D1 gate (close),2021-09-01..2026-09-26,B,77,35.1,0.927,-0.0653,-0.0007,-5.03,-0.05,19.49,-0.09,-7.37,-5.12,7.46,1.278,negative,harmful,net -5.03 vs base 0.98
V01-lightcmdusd-107,2026-09-28,lightcmdusd,4h,FINAL_H4,"{""adx_min"": 25.0, ""atr_period"": 22, ""be_enable"": true, ""be_offset_pts"": 10, ""be_trigger_pts"": 200, ""entry_buffer_pts"": 0, ""fast"": 18, ""gate"": null, ""ma_exit"": true, ""prot_start_mode"": 0, ""prot_start_pts"": 0, ""protection"": 4, ""swing_search"": 100, ""swing_strength"": 2, ""thr_mode"": 1, ""trail_dist_pts"": 50, ""trail_start_pts"": 500, ""trail_step_pts"": 10, ""trend"": 200, ""use_adx"": true, ""use_sl_pct"": false, ""use_volume"": true}",ADX(14) >= 25 (EA filter),2021-09-01..2026-09-26,B,155,43.2,0.931,-0.0745,0.0156,-11.54,2.42,40.36,-0.23,-12.46,-4.61,5.53,1.07,negative,harmful,net -11.54 vs base 20.31; OOS 5.53 vs 10.29
V02-lightcmdusd-108,2026-09-28,lightcmdusd,4h,FINAL_H4,"{""adx_min"": 20.0, ""atr_period"": 22, ""be_enable"": true, ""be_offset_pts"": 10, ""be_trigger_pts"": 200, ""entry_buffer_pts"": 0, ""fast"": 18, ""gate"": null, ""ma_exit"": true, ""prot_start_mode"": 0, ""prot_start_pts"": 0, ""protection"": 4, ""swing_search"": 100, ""swing_strength"": 2, ""thr_mode"": 1, ""trail_dist_pts"": 50, ""trail_start_pts"": 500, ""trail_step_pts"": 10, ""trend"": 200, ""use_adx"": true, ""use_sl_pct"": false, ""use_volume"": true}",ADX(14) >= 20,2021-09-01..2026-09-26,B,181,46.4,1.019,0.0193,0.048,3.5,8.68,46.82,0.06,0.35,-5.39,8.54,1.102,unstable,harmful,net 3.5 vs base 20.31; OOS 8.54 vs 10.29
V03-lightcmdusd-109,2026-09-28,lightcmdusd,4h,FINAL_H4,"{""atr_period"": 22, ""be_enable"": true, ""be_offset_pts"": 10, ""be_trigger_pts"": 200, ""entry_buffer_pts"": 0, ""fast"": 18, ""gate"": null, ""ma_exit"": true, ""prot_start_mode"": 0, ""prot_start_pts"": 0, ""protection"": 4, ""swing_search"": 100, ""swing_strength"": 2, ""thr_mode"": 1, ""trail_dist_pts"": 50, ""trail_start_pts"": 500, ""trail_step_pts"": 10, ""trend"": 200, ""use_sl_pct"": false, ""use_volume"": false}",no volume filter,2021-09-01..2026-09-26,B,258,42.2,1.072,0.0635,0.0307,16.38,7.91,39.5,0.21,5.15,-3.3,14.53,1.159,unstable,mixed,net 16.38 vs base 20.31; OOS 14.53 vs 10.29
V04-lightcmdusd-110,2026-09-28,lightcmdusd,4h,FINAL_H4,"{""atr_period"": 22, ""be_enable"": true, ""be_offset_pts"": 10, ""be_trigger_pts"": 200, ""entry_buffer_pts"": 0, ""fast"": 18, ""gate"": null, ""ma_exit"": true, ""prot_start_mode"": 0, ""prot_start_pts"": 0, ""protection"": 4, ""session_hours"": [8, 9, 10, 11, 12, 13, 14, 15, 16, 17, 18, 19, 20, 21], ""swing_search"": 100, ""swing_strength"": 2, ""thr_mode"": 1, ""trail_dist_pts"": 50, ""trail_start_pts"": 500, ""trail_step_pts"": 10, ""trend"": 200, ""use_session"": true, ""use_sl_pct"": false, ""use_volume"": true}",entries 08:00-21:59 server (London + New York),2021-09-01..2026-09-26,B,194,47.4,1.276,0.2166,0.0743,42.03,14.42,24.64,0.48,18.13,-10.46,34.36,1.604,unstable,mixed,net 42.03 vs base 20.31; OOS 34.36 vs 10.29
V05-lightcmdusd-111,2026-09-28,lightcmdusd,4h,FINAL_H4,"{""atr_period"": 22, ""be_enable"": true, ""be_offset_pts"": 10, ""be_trigger_pts"": 200, ""entry_buffer_pts"": 0, ""fast"": 18, ""gate"": null, ""ma_exit"": true, ""prot_start_mode"": 0, ""prot_start_pts"": 0, ""protection"": 4, ""session_hours"": [13, 14, 15, 16], ""swing_search"": 100, ""swing_strength"": 2, ""thr_mode"": 1, ""trail_dist_pts"": 50, ""trail_start_pts"": 500, ""trail_step_pts"": 10, ""trend"": 200, ""use_session"": true, ""use_sl_pct"": false, ""use_volume"": true}",entries 13:00-16:59 server (London/NY overlap),2021-09-01..2026-09-26,B,165,45.5,0.961,-0.0341,0.0475,-5.62,7.84,42.16,-0.1,9.42,-2.15,-12.89,0.811,negative,harmful,net -5.62 vs base 20.31; OOS -12.89 vs 10.29
V06-lightcmdusd-112,2026-09-28,lightcmdusd,4h,FINAL_H4,"{""atr_period"": 22, ""be_enable"": true, ""be_offset_pts"": 10, ""be_trigger_pts"": 200, ""entry_buffer_pts"": 0, ""fast"": 18, ""gate"": null, ""ma_exit"": true, ""prot_start_mode"": 0, ""prot_start_pts"": 0, ""protection"": 4, ""session_hours"": [7, 8, 9, 10, 11, 12, 13, 14, 15, 16, 17, 18, 19, 20, 21, 22, 23], ""swing_search"": 100, ""swing_strength"": 2, ""thr_mode"": 1, ""trail_dist_pts"": 50, ""trail_start_pts"": 500, ""trail_step_pts"": 10, ""trend"": 200, ""use_session"": true, ""use_sl_pct"": false, ""use_volume"": true}",no entries 00:00-06:59 server (Asia),2021-09-01..2026-09-26,B,194,47.4,1.276,0.2166,0.0743,42.03,14.42,24.64,0.48,18.13,-10.46,34.36,1.604,unstable,mixed,net 42.03 vs base 20.31; OOS 34.36 vs 10.29
V07-lightcmdusd-113,2026-09-28,lightcmdusd,4h,FINAL_H4,"{""atr_period"": 22, ""be_enable"": true, ""be_offset_pts"": 10, ""be_trigger_pts"": 200, ""entry_buffer_pts"": 0, ""fast"": 18, ""gate"": [""mon_open""], ""ma_exit"": true, ""prot_start_mode"": 0, ""prot_start_pts"": 0, ""protection"": 4, ""swing_search"": 100, ""swing_strength"": 2, ""thr_mode"": 1, ""trail_dist_pts"": 50, ""trail_start_pts"": 500, ""trail_step_pts"": 10, ""trend"": 200, ""use_sl_pct"": false, ""use_volume"": true}",no entries on Monday before 08:00 (weekend gap),2021-09-01..2026-09-26,B,194,49.5,1.342,0.2647,0.0872,51.36,16.91,20.22,0.56,17.29,-7.27,41.34,1.773,unstable,mixed,net 51.36 vs base 20.31; OOS 41.34 vs 10.29
V08-lightcmdusd-114,2026-09-28,lightcmdusd,4h,FINAL_H4,"{""atr_period"": 22, ""be_enable"": true, ""be_offset_pts"": 10, ""be_trigger_pts"": 200, ""entry_buffer_pts"": 0, ""fast"": 18, ""gate"": null, ""ma_exit"": true, ""prot_start_mode"": 0, ""prot_start_pts"": 0, ""protection"": 4, ""swing_search"": 100, ""swing_strength"": 2, ""thr_mode"": 1, ""trail_dist_pts"": 50, ""trail_start_pts"": 500, ""trail_step_pts"": 10, ""trend"": 200, ""use_sl_pct"": false, ""use_vol_filter"": true, ""use_volume"": true, ""vol_filter_min"": 1.0}",ATR(22)/SMA100(ATR) >= 1.0,2021-09-01..2026-09-26,B,94,48.9,1.109,0.1244,0.1248,11.69,11.73,41.36,0.27,13.05,4.65,-6.01,0.904,unstable,mixed,net 11.69 vs base 20.31; OOS -6.01 vs 10.29
V09-lightcmdusd-115,2026-09-28,lightcmdusd,4h,FINAL_H4,"{""atr_period"": 22, ""be_enable"": true, ""be_offset_pts"": 10, ""be_trigger_pts"": 200, ""entry_buffer_pts"": 0, ""fast"": 18, ""gate"": null, ""ma_exit"": true, ""prot_start_mode"": 0, ""prot_start_pts"": 0, ""protection"": 4, ""swing_search"": 100, ""swing_strength"": 2, ""thr_mode"": 1, ""trail_dist_pts"": 50, ""trail_start_pts"": 500, ""trail_step_pts"": 10, ""trend"": 200, ""use_sl_pct"": false, ""use_vol_filter"": true, ""use_volume"": true, ""vol_filter_max"": 1.5, ""vol_filter_min"": 0.0}",ATR(22)/SMA100(ATR) <= 1.5,2021-09-01..2026-09-26,B,188,49.5,1.184,0.1405,0.081,26.41,15.22,23.05,0.43,20.03,-6.26,12.64,1.252,unstable,helpful,net 26.41 vs base 20.31; OOS 12.64 vs 10.29
V10-lightcmdusd-116,2026-09-28,lightcmdusd,4h,FINAL_H4,"{""atr_period"": 22, ""be_enable"": true, ""be_offset_pts"": 10, ""be_trigger_pts"": 200, ""entry_buffer_pts"": 0, ""fast"": 18, ""gate"": null, ""ma_exit"": true, ""prot_start_mode"": 0, ""prot_start_pts"": 0, ""protection"": 4, ""slope_filter_bars"": 3, ""swing_search"": 100, ""swing_strength"": 2, ""thr_mode"": 1, ""trail_dist_pts"": 50, ""trail_start_pts"": 500, ""trail_step_pts"": 10, ""trend"": 200, ""use_sl_pct"": false, ""use_volume"": true}",MA18 slope filter over 3 bars,2021-09-01..2026-09-26,B,175,49.1,1.045,0.0391,0.0621,6.85,10.87,53.18,0.08,21.43,-8.25,-6.33,0.913,unstable,harmful,net 6.85 vs base 20.31; OOS -6.33 vs 10.29
V11-lightcmdusd-117,2026-09-28,lightcmdusd,4h,FINAL_H4,"{""atr_period"": 22, ""be_enable"": true, ""be_offset_pts"": 10, ""be_trigger_pts"": 200, ""entry_buffer_pts"": 0, ""fast"": 18, ""gate"": null, ""ma_exit"": true, ""max_dist_atr"": 2.0, ""prot_start_mode"": 0, ""prot_start_pts"": 0, ""protection"": 4, ""swing_search"": 100, ""swing_strength"": 2, ""thr_mode"": 1, ""trail_dist_pts"": 50, ""trail_start_pts"": 500, ""trail_step_pts"": 10, ""trend"": 200, ""use_sl_pct"": false, ""use_volume"": true}",no entry when |close - MA18| > 2 ATR,2021-09-01..2026-09-26,B,179,46.4,1.186,0.1327,0.0539,23.75,9.66,18.9,0.4,7.62,-5.48,21.61,1.497,unstable,mixed,net 23.75 vs base 20.31; OOS 21.61 vs 10.29
V12-lightcmdusd-118,2026-09-28,lightcmdusd,4h,FINAL_H4,"{""atr_period"": 22, ""be_enable"": true, ""be_offset_pts"": 10, ""be_trigger_pts"": 200, ""entry_buffer_pts"": 0, ""fast"": 18, ""gate"": [""regime"", ""no_sideways""], ""ma_exit"": true, ""prot_start_mode"": 0, ""prot_start_pts"": 0, ""protection"": 4, ""swing_search"": 100, ""swing_strength"": 2, ""thr_mode"": 1, ""trail_dist_pts"": 50, ""trail_start_pts"": 500, ""trail_step_pts"": 10, ""trend"": 200, ""use_sl_pct"": false, ""use_volume"": true}",trend-regime gate: no sideways days,2021-09-01..2026-09-26,B,151,45.7,1.09,0.0932,0.0449,14.07,6.79,44.74,0.26,8.18,-1.24,7.13,1.086,unstable,harmful,net 14.07 vs base 20.31; OOS 7.13 vs 10.29
V13-lightcmdusd-119,2026-09-28,lightcmdusd,4h,FINAL_H4,"{""atr_period"": 22, ""be_enable"": true, ""be_offset_pts"": 10, ""be_trigger_pts"": 200, ""entry_buffer_pts"": 0, ""fast"": 18, ""gate"": [""regime"", ""aligned""], ""ma_exit"": true, ""prot_start_mode"": 0, ""prot_start_pts"": 0, ""protection"": 4, ""swing_search"": 100, ""swing_strength"": 2, ""thr_mode"": 1, ""trail_dist_pts"": 50, ""trail_start_pts"": 500, ""trail_step_pts"": 10, ""trend"": 200, ""use_sl_pct"": false, ""use_volume"": true}",regime-aligned direction,2021-09-01..2026-09-26,B,103,44.7,1.173,0.1807,0.0374,18.61,3.85,39.35,0.4,11.7,1.22,5.69,1.085,unstable,mixed,net 18.61 vs base 20.31; OOS 5.69 vs 10.29
V14-lightcmdusd-120,2026-09-28,lightcmdusd,4h,FINAL_H4,"{""atr_period"": 22, ""be_enable"": true, ""be_offset_pts"": 10, ""be_trigger_pts"": 200, ""entry_buffer_pts"": 0, ""fast"": 18, ""gate"": [""dir"", 1], ""ma_exit"": true, ""prot_start_mode"": 0, ""prot_start_pts"": 0, ""protection"": 4, ""swing_search"": 100, ""swing_strength"": 2, ""thr_mode"": 1, ""trail_dist_pts"": 50, ""trail_start_pts"": 500, ""trail_step_pts"": 10, ""trend"": 200, ""use_sl_pct"": false, ""use_volume"": true}",long only,2021-09-01..2026-09-26,B,92,52.2,1.096,0.1086,0.1308,9.99,12.03,39.35,0.21,-4.58,-7.49,22.06,1.385,unstable,harmful,net 9.99 vs base 20.31; OOS 22.06 vs 10.29
V15-lightcmdusd-121,2026-09-28,lightcmdusd,4h,FINAL_H4,"{""atr_period"": 22, ""be_enable"": true, ""be_offset_pts"": 10, ""be_trigger_pts"": 200, ""entry_buffer_pts"": 0, ""fast"": 18, ""gate"": [""dir"", -1], ""ma_exit"": true, ""prot_start_mode"": 0, ""prot_start_pts"": 0, ""protection"": 4, ""swing_search"": 100, ""swing_strength"": 2, ""thr_mode"": 1, ""trail_dist_pts"": 50, ""trail_start_pts"": 500, ""trail_step_pts"": 10, ""trend"": 200, ""use_sl_pct"": false, ""use_volume"": true}",short only,2021-09-01..2026-09-26,B,102,46.1,1.136,0.1012,0.0405,10.32,4.13,19.9,0.21,21.87,0.22,-11.77,0.551,unstable,mixed,net 10.32 vs base 20.31; OOS -11.77 vs 10.29
V16-lightcmdusd-122,2026-09-28,lightcmdusd,4h,FINAL_H4,"{""atr_period"": 22, ""be_enable"": true, ""be_offset_pts"": 10, ""be_trigger_pts"": 200, ""entry_buffer_pts"": 0, ""fast"": 18, ""gate"": null, ""ma_exit"": true, ""pending_max_bars"": 3, ""prot_start_mode"": 0, ""prot_start_pts"": 0, ""protection"": 4, ""swing_search"": 100, ""swing_strength"": 2, ""thr_mode"": 1, ""trail_dist_pts"": 50, ""trail_start_pts"": 500, ""trail_step_pts"": 10, ""trend"": 200, ""use_sl_pct"": false, ""use_volume"": true}",pending order expires after 3 bars,2021-09-01..2026-09-26,B,198,47.5,1.067,0.0614,0.0602,12.16,11.92,48.57,0.21,20.1,-7.59,-0.35,0.996,unstable,mixed,net 12.16 vs base 20.31; OOS -0.35 vs 10.29
V17-lightcmdusd-123,2026-09-28,lightcmdusd,4h,FINAL_H4,"{""atr_period"": 22, ""be_enable"": true, ""be_offset_pts"": 10, ""be_trigger_pts"": 200, ""confirm_bars"": 1, ""entry_buffer_pts"": 0, ""fast"": 18, ""gate"": null, ""ma_exit"": true, ""prot_start_mode"": 0, ""prot_start_pts"": 0, ""protection"": 4, ""swing_search"": 100, ""swing_strength"": 2, ""thr_mode"": 1, ""trail_dist_pts"": 50, ""trail_start_pts"": 500, ""trail_step_pts"": 10, ""trend"": 200, ""use_sl_pct"": false, ""use_volume"": true}",confirmation window 1 bar,2021-09-01..2026-09-26,B,267,41.9,0.984,-0.0143,0.0064,-3.81,1.7,45.36,-0.05,-6.97,-6.88,10.04,1.104,negative,harmful,net -3.81 vs base 20.31; OOS 10.04 vs 10.29
V18-lightcmdusd-124,2026-09-28,lightcmdusd,4h,FINAL_H4,"{""atr_period"": 22, ""be_enable"": true, ""be_offset_pts"": 10, ""be_trigger_pts"": 200, ""confirm_bars"": 3, ""entry_buffer_pts"": 0, ""fast"": 18, ""gate"": null, ""ma_exit"": true, ""prot_start_mode"": 0, ""prot_start_pts"": 0, ""protection"": 4, ""swing_search"": 100, ""swing_strength"": 2, ""thr_mode"": 1, ""trail_dist_pts"": 50, ""trail_start_pts"": 500, ""trail_step_pts"": 10, ""trend"": 200, ""use_sl_pct"": false, ""use_volume"": true}",confirmation window 3 bars,2021-09-01..2026-09-26,B,167,46.1,1.011,0.0103,0.1026,1.72,17.14,46.82,0.02,19.98,-2.84,-15.42,0.814,unstable,mixed,net 1.72 vs base 20.31; OOS -15.42 vs 10.29
V19-lightcmdusd-125,2026-09-28,lightcmdusd,4h,FINAL_H4,"{""atr_period"": 22, ""be_enable"": true, ""be_offset_pts"": 10, ""be_trigger_pts"": 200, ""entry_buffer_pts"": 0, ""fast"": 18, ""gate"": [""regime"", ""vol_low_normal""], ""ma_exit"": true, ""prot_start_mode"": 0, ""prot_start_pts"": 0, ""protection"": 4, ""swing_search"": 100, ""swing_strength"": 2, ""thr_mode"": 1, ""trail_dist_pts"": 50, ""trail_start_pts"": 500, ""trail_step_pts"": 10, ""trend"": 200, ""use_sl_pct"": false, ""use_volume"": true}",no high/extreme volatility days,2021-09-01..2026-09-26,B,157,48.4,1.384,0.2645,0.0719,41.53,11.29,22.11,0.42,13.41,-9.16,37.28,3.209,unstable,harmful,net 41.53 vs base 20.31; OOS 37.28 vs 10.29
V20-lightcmdusd-126,2026-09-28,lightcmdusd,4h,FINAL_H4,"{""atr_period"": 22, ""be_enable"": true, ""be_offset_pts"": 10, ""be_trigger_pts"": 200, ""entry_buffer_pts"": 0, ""fast"": 18, ""gate"": [""spread""], ""ma_exit"": true, ""prot_start_mode"": 0, ""prot_start_pts"": 0, ""protection"": 4, ""swing_search"": 100, ""swing_strength"": 2, ""thr_mode"": 1, ""trail_dist_pts"": 50, ""trail_start_pts"": 500, ""trail_step_pts"": 10, ""trend"": 200, ""use_sl_pct"": false, ""use_volume"": true}",max spread filter: no setup when spread > 2x model median,2021-09-01..2026-09-26,B,194,49.0,1.113,0.1047,0.0833,20.31,16.17,44.74,0.33,17.29,-7.27,10.29,1.123,unstable,mixed,net 20.31 vs base 20.31; OOS 10.29 vs 10.29
M09m-lightcmdusd-127,2026-09-28,lightcmdusd,4h,FINAL_H4,"{""atr_period"": 22, ""be_enable"": true, ""be_offset_pts"": 10, ""be_trigger_pts"": 200, ""entry_buffer_pts"": 0, ""fast"": 18, ""htf"": ""D1"", ""ma_exit"": true, ""mode"": ""ma"", ""prot_start_mode"": 0, ""prot_start_pts"": 0, ""protection"": 4, ""swing_search"": 100, ""swing_strength"": 2, ""thr_mode"": 1, ""trail_dist_pts"": 50, ""trail_start_pts"": 500, ""trail_step_pts"": 10, ""trend"": 200, ""use_sl_pct"": false, ""use_volume"": true}",HTF D1 gate (ma),2021-09-01..2026-09-26,B,101,46.5,1.185,0.1975,0.1385,19.95,13.99,39.35,0.38,7.26,1.74,10.95,1.168,unstable,mixed,net 19.95 vs base 20.31
M09c-lightcmdusd-128,2026-09-28,lightcmdusd,4h,FINAL_H4,"{""atr_period"": 22, ""be_enable"": true, ""be_offset_pts"": 10, ""be_trigger_pts"": 200, ""entry_buffer_pts"": 0, ""fast"": 18, ""htf"": ""D1"", ""ma_exit"": true, ""mode"": ""close"", ""prot_start_mode"": 0, ""prot_start_pts"": 0, ""protection"": 4, ""swing_search"": 100, ""swing_strength"": 2, ""thr_mode"": 1, ""trail_dist_pts"": 50, ""trail_start_pts"": 500, ""trail_step_pts"": 10, ""trend"": 200, ""use_sl_pct"": false, ""use_volume"": true}",HTF D1 gate (close),2021-09-01..2026-09-26,B,90,46.7,1.132,0.1434,0.0888,12.91,8.0,39.35,0.26,0.09,0.5,12.32,1.209,unstable,mixed,net 12.91 vs base 20.31
