k_in,k_out,side,entry,exit,isl,sl_exit,lots,pnl,swap,mfe_px,mae_px,k_mfe,reason,j_in,j_pend,risk_usd,balance,spread_entry,atr_entry,adx_entry,sl_src,k_pend,be_hit,prot_active,min_equity,slip_usd,max_sl,k_mae,pend_px,pend_sl0,stage,time_in,time_out,time_mfe,time_pend,hold_min,bars_held,mfe_usd,mae_usd,gross_usd,r,mfe_r,mae_r,giveback_usd,giveback_pct,exit_reason,hour_in,weekday_in,session,fill_delay_bars
826341,829048,1,1849.9599999999998,1834.6000000000001,1813.18,1813.18,0.01,-18.833599999999674,-3.4736000000000002,15.080000000000155,22.439999999999827,827342,8,3613,3611,36.779999999999745,181.16640000000032,0.319,8.182272727272696,51.83793273693252,1,826050,0.0,1.0,177.56000000000017,0.2,1813.18,826388,1849.86,1813.18,0,2023-01-03 16:51:00,2023-01-05 16:00:00,2023-01-04 10:33:00,2023-01-03 12:00:00,2829.0,13,15.080000000000155,22.439999999999827,-15.359999999999673,-0.5120609026644862,0.4100054377379081,0.6101141924959212,33.91359999999983,224.89124668434673,MA18_exit,16,1,London/NY,1
830696,834804,1,1864.98,1873.6000000000001,1825.0,1825.0,0.01,6.014800000000118,-2.6052,21.569999999999936,1.2999999999999545,834295,8,3632,3631,39.98000000000002,187.18120000000044,0.319,11.523636363636331,28.674710743232385,1,830667,0.0,1.0,179.86640000000037,0.2,1825.0,830697,1864.88,1825.0,0,2023-01-06 20:29:00,2023-01-11 20:00:00,2023-01-11 11:31:00,2023-01-06 20:00:00,7171.0,19,21.569999999999936,1.2999999999999545,8.620000000000118,0.15044522261130855,0.5395197598799382,0.03251625812906338,15.555199999999818,72.11497450162199,MA18_exit,20,4,NewYork,0
835944,839600,1,1901.58,1906.3700000000001,1867.02,1901.68,0.01,2.184800000000191,-2.6052,27.300000000000182,21.799999999999955,838041,8,3655,3654,34.559999999999945,189.36600000000064,0.319,8.81636363636366,37.38312016248877,2,835943,1.0,1.0,165.3812000000005,0.2,1901.68,835998,1901.48,1867.02,0,2023-01-12 16:01:00,2023-01-17 12:00:00,2023-01-16 05:00:00,2023-01-12 16:00:00,6959.0,17,27.300000000000182,21.799999999999955,4.790000000000191,0.06321759259259822,0.789930555555562,0.6307870370370368,25.11519999999999,91.99706959706894,MA18_exit,16,3,London/NY,0
841223,841458,1,1924.25,1905.14,1896.5,1896.5,0.01,-19.1099999999999,0.0,1.5499999999999545,22.809999999999945,841250,8,3678,3677,27.75,170.25600000000074,0.319,9.614545454545464,23.44725647868286,1,841218,0.0,1.0,166.5560000000007,0.2,1896.5,841434,1924.15,1896.5,0,2023-01-18 16:05:00,2023-01-18 20:00:00,2023-01-18 16:32:00,2023-01-18 16:00:00,235.0,2,1.5499999999999545,22.809999999999945,-19.1099999999999,-0.6886486486486451,0.05585585585585422,0.82198198198198,20.659999999999854,1332.9032258064813,MA18_exit,16,2,London/NY,0
842858,847632,1,1923.34,1927.42,1900.86,1900.86,0.01,0.6064000000001544,-3.4736000000000002,19.00999999999999,12.089999999999918,846375,8,3685,3684,22.480000000000018,170.8624000000009,0.319,9.705454545454565,27.658854747843797,1,842837,0.0,1.0,158.16600000000082,0.2,1900.86,845424,1923.24,1900.86,0,2023-01-19 20:21:00,2023-01-25 08:00:00,2023-01-24 10:02:00,2023-01-19 20:00:00,7899.0,22,19.00999999999999,12.089999999999918,4.080000000000155,0.026975088967978376,0.8456405693950168,0.5378113879003518,18.403599999999837,96.8100999473953,MA18_exit,20,3,NewYork,0
849490,849634,1,1939.55,1919.6000000000001,1919.7,1919.7,0.01,-19.949999999999818,0.0,2.769999999999982,20.919999999999845,849506,1,3714,3713,19.84999999999991,150.91240000000107,0.319,9.650454545454553,15.528685673333898,1,849490,0.0,1.0,149.94240000000104,0.2,1919.7,849634,1939.45,1919.7,0,2023-01-26 16:00:00,2023-01-26 18:24:00,2023-01-26 16:16:00,2023-01-26 16:00:00,144.0,1,2.769999999999982,20.919999999999845,-19.949999999999818,-1.0050377833753104,0.1395465994962214,1.053904282115866,22.7199999999998,820.2166064981931,SL_initial,16,3,London/NY,0
855032,856433,1,1933.2199999999998,1933.22,1900.66,1933.32,0.01,-2.6051999999997726,-2.6052,26.40000000000009,12.779999999999745,855982,2,3738,3737,32.55999999999972,148.3072000000013,0.319,8.754545454545429,20.032980729219528,2,855006,1.0,1.0,138.13240000000133,0.2,1933.32,855199,1933.12,1900.66,0,2023-02-01 16:26:00,2023-02-02 16:48:00,2023-02-02 09:17:00,2023-02-01 16:00:00,1462.0,7,26.40000000000009,12.779999999999745,2.2737367544323206e-13,-0.08001228501227872,0.8108108108108206,0.3925061425061381,29.005199999999864,109.86818181818093,SL_breakeven,16,2,London/NY,0
864801,867176,-1,1857.3700000000001,1862.9189999999999,1890.1,1890.1,0.01,-5.15319999999975,0.3958,6.731000000000222,9.367999999999938,866288,8,3780,3778,32.72999999999979,143.15400000000156,0.319,10.307727272727261,16.860492063128856,1,864418,0.0,1.0,138.93920000000136,0.2,1890.1,865600,1857.47,1890.1,0,2023-02-10 18:23:00,2023-02-14 12:00:00,2023-02-13 20:11:00,2023-02-10 12:00:00,5377.0,12,6.731000000000222,9.367999999999938,-5.548999999999751,-0.15744576840818159,0.20565230675222318,0.2862205927283837,11.884199999999971,176.55920368443884,MA18_exit,18,4,NewYork,1
868764,871792,-1,1831.64,1841.1789999999999,1870.47,1870.47,0.01,-8.74739999999976,0.7916,12.521000000000186,13.838999999999942,871230,8,3797,3796,38.82999999999993,134.4066000000018,0.319,9.91363636363638,20.43011061918581,1,868554,0.0,1.0,129.31500000000162,0.2,1870.47,870476,1831.74,1870.47,0,2023-02-15 15:30:00,2023-02-17 20:00:00,2023-02-17 10:38:00,2023-02-15 12:00:00,3150.0,15,12.521000000000186,13.838999999999942,-9.53899999999976,-0.2252742724697341,0.3224568632500698,0.35639969096059665,21.268399999999943,169.861832122032,MA18_exit,15,2,London/NY,0
875825,881251,-1,1830.0,1830.0,1843.74,1829.9,0.01,1.1874,1.1874,25.091000000000122,4.018000000000029,880708,2,3829,3821,13.740000000000009,135.59400000000178,0.319,7.16000000000003,15.70204317391803,2,874160,1.0,1.0,130.38860000000176,0.2,1829.9,876473,1830.1,1847.4,0,2023-02-22 20:46:00,2023-02-28 19:20:00,2023-02-28 10:17:00,2023-02-21 16:00:00,8554.0,24,25.091000000000122,4.018000000000029,0.0,0.08641921397379906,1.8261280931586685,0.29243085880640657,23.90360000000012,95.26762584193537,SL_breakeven,20,2,NewYork,7
887945,890699,-1,1833.22,1825.4789999999998,1858.17,1833.12,0.01,8.532600000000214,0.7916,23.632000000000062,2.5389999999999873,888718,8,3882,3881,24.950000000000045,144.126600000002,0.319,6.422727272727301,23.797051283060817,2,887943,1.0,1.0,133.0550000000018,0.2,1833.12,887948,1833.32,1858.17,0,2023-03-07 16:02:00,2023-03-09 16:00:00,2023-03-08 05:56:00,2023-03-07 16:00:00,2878.0,13,23.632000000000062,2.5389999999999873,7.741000000000214,0.34198797595191177,0.9471743486973956,0.10176352705410752,15.099399999999848,63.89387271496195,MA18_exit,16,1,London/NY,0
895947,899041,1,1913.54,1981.23,1895.23,1981.33,0.01,64.21640000000005,-3.4736000000000002,74.12000000000012,6.079999999999927,899029,5,3917,3910,18.309999999999945,208.34300000000204,0.319,12.666818181818174,33.4991670404242,5,894537,1.0,1.0,138.04660000000206,0.2,1981.33,896645,1913.44,1871.33,0,2023-03-15 13:30:00,2023-03-17 21:04:00,2023-03-17 20:52:00,2023-03-14 12:00:00,3334.0,15,74.12000000000012,6.079999999999927,67.69000000000005,3.507176406335349,4.048061168760259,0.3320589841616573,9.903600000000068,13.361575822989817,SL_trailing,13,2,London/NY,6
904099,905937,1,1985.0,1973.52,1934.18,1934.18,0.01,-13.216800000000019,-1.7368000000000001,18.180000000000064,15.900000000000091,904297,8,3954,3953,50.819999999999936,195.12620000000203,0.319,13.900909090909098,27.05083157562528,1,904017,0.0,1.0,192.44300000000194,0.2,1934.18,905764,1984.9,1934.18,0,2023-03-23 17:22:00,2023-03-27 04:00:00,2023-03-23 20:40:00,2023-03-23 16:00:00,4958.0,10,18.180000000000064,15.900000000000091,-11.480000000000018,-0.26007083825265714,0.3577331759149958,0.3128689492325878,31.396800000000084,172.69966996699657,MA18_exit,17,3,NewYork,0
910972,912652,1,1975.37,1972.2,1955.2,1955.2,0.01,-4.906799999999846,-1.7368000000000001,12.110000000000127,8.61999999999989,912146,8,3984,3983,20.169999999999845,190.2194000000022,0.319,9.405909090909084,16.172295868598265,1,910794,0.0,1.0,186.50620000000214,0.2,1955.2,912472,1975.27,1955.2,0,2023-03-30 18:58:00,2023-04-03 01:00:00,2023-03-31 15:33:00,2023-03-30 16:00:00,4682.0,9,12.110000000000127,8.61999999999989,-3.169999999999846,-0.24327218641546275,0.6003966286564314,0.4273673772930073,17.016799999999975,140.51857968620806,MA18_exit,18,3,NewYork,0
914973,918168,1,1990.4599999999998,1993.24,1949.6,1990.56,0.01,-1.5619999999998004,-4.3420000000000005,41.51000000000022,0.6999999999998181,916323,8,4002,3996,40.8599999999999,188.65740000000238,0.319,9.887727272727291,16.891264536144746,2,913792,1.0,1.0,189.51940000000238,0.2,1990.56,914973,1990.36,1949.6,0,2023-04-04 16:42:00,2023-04-10 01:00:00,2023-04-05 16:13:00,2023-04-03 20:00:00,7698.0,15,41.51000000000022,0.6999999999998181,2.7800000000002,-0.03822809593734225,1.0159079784630525,0.017131669114043558,43.07200000000002,103.76294868706285,MA18_exit,16,1,London/NY,5
921791,924561,1,2020.74,2020.74,1995.5,2020.84,0.01,-3.4736000000000002,-3.4736000000000002,27.799999999999955,19.519999999999982,923257,2,4031,4030,25.24000000000001,185.18380000000238,0.319,9.243181818181824,27.679750354276003,2,921581,1.0,1.0,169.1374000000024,0.2,2020.84,921867,2020.64,1995.5,0,2023-04-12 15:30:00,2023-04-14 15:45:00,2023-04-13 17:00:00,2023-04-12 12:00:00,2895.0,13,27.799999999999955,19.519999999999982,0.0,-0.13762282091917588,1.1014263074484922,0.7733755942947692,31.273599999999956,112.494964028777,SL_breakeven,15,2,London/NY,0
934490,935845,1,1993.6599999999999,1986.38,1974.0,1974.0,0.01,-8.148399999999745,-0.8684000000000001,15.540000000000191,8.319999999999936,935633,8,4087,4086,19.659999999999854,177.03540000000262,0.319,10.544545454545466,21.51802908222006,1,934466,0.0,1.0,176.86380000000244,0.2,1974.0,935805,1993.56,1974.0,0,2023-04-25 20:24:00,2023-04-26 20:00:00,2023-04-26 16:28:00,2023-04-25 20:00:00,1416.0,7,15.540000000000191,8.319999999999936,-7.2799999999997445,-0.41446592065105825,0.7904374364191407,0.4231943031536113,23.688399999999938,152.43500643500417,MA18_exit,20,1,NewYork,0
936954,936968,1,2003.1799999999998,1983.1000000000001,1983.2,1983.2,0.01,-20.0799999999997,0.0,0.08000000000015461,21.499999999999773,936954,1,4097,4096,19.97999999999979,156.95540000000292,0.319,9.404545454545469,17.11775834236099,1,936744,0.0,1.0,155.53540000000285,0.2,1983.2,936968,2003.08,1983.2,0,2023-04-27 15:30:00,2023-04-27 15:44:00,2023-04-27 15:30:00,2023-04-27 12:00:00,14.0,1,0.08000000000015461,21.499999999999773,-20.0799999999997,-1.0050050050050006,0.004004004004011784,1.076076076076076,20.159999999999854,25199.999999951116,SL_initial,15,3,London/NY,0
941967,942980,1,2019.35,2074.19,1978.32,2074.29,0.01,52.23480000000015,-2.6052,60.43000000000029,11.939999999999827,942980,5,4119,4116,41.02999999999997,209.19020000000307,0.33799999999999997,10.977727272727282,19.553545457971055,5,941361,1.0,1.0,145.0154000000031,0.2,2074.29,942455,2019.25,1978.32,0,2023-05-03 07:07:00,2023-05-04 01:01:00,2023-05-04 01:01:00,2023-05-02 20:00:00,1074.0,6,60.43000000000029,11.939999999999827,54.840000000000146,1.2730879844016618,1.4728247623690063,0.29100658055081247,8.195200000000142,13.561476088035914,SL_trailing,7,2,Asia,2
957639,959184,-1,1971.97,1971.9699999999998,2022.11,1971.87,0.01,0.19790000000022737,0.1979,19.770999999999958,3.6989999999998417,957809,2,4187,4186,50.13999999999987,209.3881000000033,0.319,7.848181818181822,41.10342256516181,2,957429,1.0,1.0,205.49120000000323,0.2,1971.87,957639,1972.07,2022.11,0,2023-05-18 15:30:00,2023-05-19 18:16:00,2023-05-18 18:20:00,2023-05-18 12:00:00,1606.0,8,19.770999999999958,3.6989999999998417,2.2737367544323206e-13,0.0039469485440811304,0.3943159154367772,0.0737734343837226,19.57309999999973,98.99903899650889,SL_breakeven,15,3,London/NY,0
964530,968307,-1,1954.74,1945.2789999999998,1985.19,1954.64,0.01,10.05470000000024,0.5937,22.501999999999953,5.479000000000042,968120,8,4217,4216,30.450000000000045,219.44280000000356,0.319,8.982272727272703,22.695632086936666,2,964320,1.0,1.0,203.90910000000326,0.2,1954.64,964530,1954.84,1985.19,0,2023-05-25 15:30:00,2023-05-30 12:00:00,2023-05-30 08:53:00,2023-05-25 12:00:00,6990.0,19,22.501999999999953,5.479000000000042,9.46100000000024,0.33020361247948193,0.7389819376026247,0.17993431855500933,12.447299999999712,55.3164163185483,MA18_exit,15,3,London/NY,0
984359,985302,-1,1939.4,1960.3,1960.2,1960.2,0.01,-20.899999999999864,0.0,14.18100000000004,20.81899999999996,985061,1,4304,4303,20.799999999999955,198.5428000000037,0.344,8.837272727272731,18.458515467088986,1,984191,0.0,1.0,198.6238000000036,0.2,1960.2,985302,1939.5,1960.2,0,2023-06-15 03:48:00,2023-06-15 19:31:00,2023-06-15 15:30:00,2023-06-15 01:00:00,943.0,5,14.18100000000004,20.81899999999996,-20.899999999999864,-1.0048076923076878,0.6817788461538495,1.0009134615384618,35.080999999999904,247.38029758126933,SL_initial,3,3,Asia,0
989063,993208,-1,1946.64,1929.2789999999998,1958.68,1946.54,0.01,18.35050000000033,0.9894999999999999,36.24200000000019,1.6189999999999145,992606,8,4325,4324,12.039999999999964,216.89330000000402,0.319,7.913181818181855,20.884365988357978,2,988835,1.0,1.0,196.92380000000378,0.2,1946.54,989063,1946.74,1958.68,0,2023-06-20 15:48:00,2023-06-23 16:00:00,2023-06-23 05:58:00,2023-06-20 12:00:00,4332.0,20,36.24200000000019,1.6189999999999145,17.36100000000033,1.5241279069767764,3.0101328903654734,0.1344684385381993,17.89149999999986,49.36675680150037,MA18_exit,15,1,London/NY,0
997147,1000098,-1,1908.0400000000002,1911.359,1930.58,1930.58,0.01,-2.5273999999997327,0.7916,14.801000000000158,5.938999999999851,998750,8,4361,4360,22.539999999999736,214.36590000000427,0.319,7.487272727272739,17.817661625425902,1,997100,0.0,1.0,210.95430000000417,0.2,1930.58,1000081,1908.14,1930.58,0,2023-06-28 12:47:00,2023-06-30 16:00:00,2023-06-29 16:31:00,2023-06-28 12:00:00,3073.0,14,14.801000000000158,5.938999999999851,-3.3189999999997326,-0.11212954747115184,0.6566548358473971,0.26348713398402485,17.328399999999892,117.07587325180533,MA18_exit,12,2,London,0
1005184,1006495,-1,1916.18,1916.1799999999998,1934.9,1916.08,0.01,0.19790000000022737,0.1979,13.361000000000104,11.638999999999896,1005439,2,4396,4395,18.720000000000027,214.5638000000045,0.319,5.938181818181823,18.2723581762654,2,1004967,1.0,1.0,202.72690000000438,0.2,1916.08,1005396,1916.28,1934.9,0,2023-07-06 11:37:00,2023-07-07 10:31:00,2023-07-06 15:52:00,2023-07-06 08:00:00,1374.0,7,13.361000000000104,11.638999999999896,2.2737367544323206e-13,0.010571581196593327,0.7137286324786369,0.6217414529914466,13.163099999999876,98.5188234413575,SL_breakeven,11,3,London,0
1012878,1013774,1,1961.8799999999999,1952.14,1952.24,1952.24,0.01,-9.739999999999782,0.0,1.7000000000000455,9.8599999999999,1013056,1,4430,4428,9.639999999999873,204.82380000000472,0.348,7.38318181818179,59.54881049959265,1,1012575,0.0,1.0,204.7038000000046,0.2,1952.24,1013774,1961.78,1933.44,0,2023-07-14 02:05:00,2023-07-14 17:01:00,2023-07-14 05:03:00,2023-07-13 20:00:00,896.0,5,1.7000000000000455,9.8599999999999,-9.739999999999782,-1.0103734439833931,0.17634854771784936,1.0228215767634885,11.439999999999827,672.9411764705601,SL_initial,2,4,Asia,1
1016332,1019466,1,1964.12,1967.7800000000002,1945.64,1964.22,0.01,0.18640000000030899,-3.4736000000000002,23.26000000000022,3.5399999999999636,1018650,8,4445,4444,18.47999999999979,205.01020000000503,0.319,6.416818181818175,28.43391112191368,2,1016229,1.0,1.0,201.28380000000476,0.2,1964.22,1016451,1964.02,1945.64,0,2023-07-18 13:43:00,2023-07-20 20:00:00,2023-07-20 06:24:00,2023-07-18 12:00:00,3257.0,15,23.26000000000022,3.5399999999999636,3.6600000000003092,0.01008658008659692,1.2586580086580348,0.19155844155844176,23.07359999999991,99.19862424763411,MA18_exit,13,1,London/NY,0
1024500,1026119,1,1972.52,1960.0600000000002,1951.9,1951.9,0.01,-15.065199999999809,-2.6052,9.559999999999945,14.61999999999989,1025496,8,4481,4480,20.61999999999989,189.94500000000522,0.319,6.46409090909089,17.161884908480573,1,1024500,0.0,1.0,190.39020000000514,0.2,1951.9,1026115,1972.42,1951.9,0,2023-07-26 12:00:00,2023-07-27 16:00:00,2023-07-27 05:37:00,2023-07-26 12:00:00,1680.0,8,9.559999999999945,14.61999999999989,-12.459999999999809,-0.7306110572259887,0.4636275460717748,0.7090203685741983,24.625199999999754,257.5857740585763,MA18_exit,12,2,London,0
1036840,1039902,-1,1930.98,1926.5089999999998,1941.6,1930.88,0.01,5.262600000000231,0.7916,16.77299999999991,4.918999999999869,1038980,8,4534,4533,10.61999999999989,195.20760000000544,0.319,6.46045454545455,17.59799326265219,2,1036670,1.0,1.0,185.02600000000535,0.2,1930.88,1036910,1931.08,1941.6,0,2023-08-08 10:50:00,2023-08-10 16:00:00,2023-08-09 23:35:00,2023-08-08 08:00:00,3190.0,15,16.77299999999991,4.918999999999869,4.471000000000231,0.49553672316386865,1.5793785310734543,0.4631826741996158,11.51039999999968,68.62457521015764,MA18_exit,10,1,London,0
1041313,1049547,-1,1912.9,1897.5389999999998,1930.0,1912.8,0.01,16.944200000000333,1.5832,27.802000000000135,8.198999999999842,1048889,8,4554,4553,17.09999999999991,212.15180000000578,0.319,6.423636363636361,18.56901181493436,2,1041277,1.0,1.0,187.0086000000056,0.2,1912.8,1041337,1913.0,1930.0,0,2023-08-11 16:36:00,2023-08-21 16:00:00,2023-08-21 05:02:00,2023-08-11 16:00:00,14364.0,37,27.802000000000135,8.198999999999842,15.361000000000333,0.9908888888889136,1.6258479532163908,0.4794736842105196,10.857799999999802,39.05402489029476,MA18_exit,16,4,London/NY,0
1061861,1062001,1,1946.3799999999999,1934.74,1934.84,1934.84,0.01,-11.639999999999873,0.0,6.520000000000209,11.839999999999918,1061879,1,4643,4638,11.539999999999964,200.5118000000059,0.319,5.098181818181863,27.135264127924046,1,1060772,0.0,1.0,200.31180000000586,0.2,1934.84,1062001,1946.28,1934.84,0,2023-09-01 15:14:00,2023-09-01 17:34:00,2023-09-01 15:32:00,2023-08-31 20:00:00,140.0,2,6.520000000000209,11.839999999999918,-11.639999999999873,-1.0086655112651568,0.5649913344887547,1.0259965337954902,18.160000000000082,278.5276073619555,SL_initial,15,4,London/NY,4
1069181,1069365,-1,1917.1200000000001,1923.6,1923.5,1923.5,0.01,-6.479999999999791,0.0,0.19200000000023465,6.49799999999982,1069181,1,4676,4674,6.379999999999882,194.03180000000611,0.348,5.445454545454595,35.07974784705537,1,1068879,0.0,1.0,194.01380000000609,0.2,1923.5,1069365,1917.22,1923.5,0,2023-09-11 02:04:00,2023-09-11 05:08:00,2023-09-11 02:04:00,2023-09-08 20:00:00,184.0,2,0.19200000000023465,6.49799999999982,-6.479999999999791,-1.0156739811912086,0.03009404388718467,1.0184952978056332,6.6720000000000255,3474.9999999957663,SL_initial,2,0,Asia,1
1071387,1075030,-1,1908.2800000000002,1916.4379999999999,1924.4,1924.4,0.01,-7.168499999999675,0.9894999999999999,7.061000000000149,8.817999999999756,1074196,8,4686,4685,16.11999999999989,186.86330000000643,0.319,5.182272727272758,24.95805992069267,1,1071387,0.0,1.0,185.21380000000636,0.2,1924.4,1075017,1908.38,1924.4,0,2023-09-12 16:00:00,2023-09-15 08:00:00,2023-09-14 17:05:00,2023-09-12 16:00:00,3840.0,17,7.061000000000149,8.817999999999756,-8.157999999999674,-0.4446960297766578,0.43802729528537204,0.547022332506192,14.229499999999824,201.5224472454259,MA18_exit,16,1,London/NY,0
1079678,1080035,1,1936.36,1936.3600000000001,1929.68,1936.46,0.01,2.2737367544323206e-13,0.0,10.960000000000036,0.959999999999809,1079902,2,4722,4716,6.679999999999836,186.86330000000666,0.319,4.582727272727249,25.2111810719806,2,1078507,1.0,1.0,185.90330000000662,0.2,1936.46,1079679,1936.26,1929.68,0,2023-09-20 16:36:00,2023-09-20 22:33:00,2023-09-20 20:20:00,2023-09-19 20:00:00,357.0,2,10.960000000000036,0.959999999999809,2.2737367544323206e-13,3.403797536575414e-14,1.640718562874297,0.14371257485027433,10.959999999999809,99.99999999999793,SL_breakeven,16,2,London/NY,5
1086554,1088051,-1,1889.5400000000002,1860.4099999999999,1903.82,1860.31,0.01,29.723700000000335,0.5937,31.661000000000286,0.8989999999996598,1088048,5,4752,4751,14.279999999999745,216.58700000000698,0.319,4.863181818181798,57.26740395768715,5,1086529,1.0,1.0,185.96430000000697,0.2,1860.31,1086554,1889.64,1903.82,0,2023-09-27 16:25:00,2023-09-28 18:23:00,2023-09-28 18:20:00,2023-09-27 16:00:00,1558.0,7,31.661000000000286,0.8989999999996598,29.130000000000337,2.081491596638716,2.2171568627451577,0.06295518207280644,1.9372999999999507,6.11888443195077,SL_trailing,16,2,London/NY,0
1089410,1091242,-1,1857.46,1824.25,1879.48,1824.15,0.01,33.60580000000004,0.3958,36.71199999999999,1.0789999999999509,1091228,5,4764,4758,22.019999999999982,250.19280000000703,0.319,6.563181818181812,67.89695052890063,5,1088148,1.0,1.0,215.50800000000703,0.2,1824.15,1089412,1857.56,1903.82,0,2023-09-29 18:04:00,2023-10-03 02:39:00,2023-10-03 02:25:00,2023-09-28 20:00:00,4835.0,9,36.71199999999999,1.0789999999999509,33.210000000000036,1.5261489554950076,1.667211625794733,0.04900090826521125,3.1061999999999514,8.460993680540293,SL_trailing,18,4,NewYork,5
1093016,1094319,-1,1819.0400000000002,1827.9779999999998,1833.2,1833.2,0.01,-8.344299999999647,0.5937,2.241000000000213,11.738999999999805,1093761,8,4780,4776,14.159999999999854,241.8485000000074,0.319,8.589545454545457,71.81084232796057,1,1092283,0.0,1.0,238.45380000000722,0.2,1833.2,1093378,1819.14,1879.76,0,2023-10-04 09:15:00,2023-10-05 08:00:00,2023-10-04 21:40:00,2023-10-03 20:00:00,1365.0,7,2.241000000000213,11.738999999999805,-8.937999999999647,-0.5892867231638229,0.15826271186442342,0.8290254237288084,10.58529999999986,472.34716644350084,MA18_exit,9,2,London,3
1105870,1109031,1,1929.06,1972.8200000000002,1912.32,1972.92,0.01,40.28640000000022,-3.4736000000000002,48.51999999999998,10.019999999999982,1108965,5,4836,4835,16.74000000000001,282.13490000000763,0.319,9.23000000000004,23.903793569653878,5,1105823,1.0,1.0,231.82850000000744,0.2,1972.92,1106142,1928.96,1912.32,0,2023-10-17 16:47:00,2023-10-19 23:31:00,2023-10-19 22:25:00,2023-10-17 16:00:00,3284.0,14,48.51999999999998,10.019999999999982,43.76000000000022,2.406594982078865,2.898446833930702,0.5985663082437261,8.233599999999761,16.969497114591434,SL_trailing,16,1,London/NY,0
1109150,1112477,1,1977.6799999999998,1972.0500000000002,1945.12,1945.12,0.01,-7.366799999999655,-1.7368000000000001,19.460000000000264,13.399999999999864,1110105,8,4850,4849,32.559999999999945,274.76810000000796,0.348,9.885909090909133,53.76441852905568,1,1109059,0.0,1.0,268.73490000000777,0.2,1945.12,1110613,1977.58,1945.12,0,2023-10-20 02:31:00,2023-10-24 12:00:00,2023-10-20 18:26:00,2023-10-20 01:00:00,6329.0,16,19.460000000000264,13.399999999999864,-5.629999999999654,-0.22625307125306104,0.5976658476658567,0.41154791154790804,26.82679999999992,137.8561151079114,MA18_exit,2,4,Asia,0
1114915,1116850,1,1987.2199999999998,1980.1100000000001,1962.85,1962.85,0.01,-7.978399999999673,-0.8684000000000001,6.160000000000309,15.559999999999718,1115224,8,4875,4872,24.36999999999989,266.7897000000083,0.334,10.730000000000008,18.242403734306258,1,1114333,0.0,1.0,259.20810000000824,0.2,1962.85,1115557,1987.12,1953.4,0,2023-10-26 06:43:00,2023-10-27 16:00:00,2023-10-26 11:52:00,2023-10-25 20:00:00,1997.0,10,6.160000000000309,15.559999999999718,-7.109999999999673,-0.32738613048829335,0.2527697989331283,0.6384899466557156,14.138399999999983,229.51948051946871,MA18_exit,6,3,Asia,2
1123410,1124349,1,1990.28,1983.7,1978.78,1978.78,0.01,-7.4483999999999275,-0.8684000000000001,13.690000000000055,8.440000000000055,1123435,8,4913,4912,11.5,259.34130000000835,0.319,7.697272727272713,14.223089575031741,1,1123269,0.0,1.0,258.3497000000082,0.2,1978.78,1124212,1990.18,1978.78,0,2023-11-03 14:21:00,2023-11-06 08:00:00,2023-11-03 14:46:00,2023-11-03 12:00:00,3939.0,6,13.690000000000055,8.440000000000055,-6.579999999999927,-0.6476869565217328,1.1904347826087005,0.7339130434782656,21.138399999999983,154.40759678597442,MA18_exit,14,4,London/NY,0
1133110,1134527,1,1959.12,1959.1200000000001,1931.52,1959.22,0.01,-0.8683999999997727,-0.8684000000000001,16.0300000000002,1.599999999999909,1134446,2,4956,4955,27.59999999999991,258.47290000000856,0.319,7.586818181818196,37.63473326657115,2,1133098,1.0,1.0,257.74130000000844,0.2,1959.22,1133111,1959.02,1931.52,0,2023-11-14 16:12:00,2023-11-15 16:51:00,2023-11-15 15:30:00,2023-11-14 16:00:00,1479.0,7,16.0300000000002,1.599999999999909,2.2737367544323206e-13,-0.0314637681159339,0.5807971014492845,0.05797101449275052,16.898399999999974,105.4173424828432,SL_breakeven,16,1,London/NY,0
1135419,1138587,1,1966.6599999999999,1966.66,1955.32,1966.76,0.01,-1.7367999999997727,-1.7368000000000001,26.680000000000064,4.639999999999873,1137022,2,4966,4962,11.339999999999918,256.7361000000088,0.33799999999999997,7.531818181818184,25.60221238195611,2,1134716,1.0,1.0,253.8329000000087,0.2,1966.76,1135757,1966.56,1937.98,0,2023-11-16 08:44:00,2023-11-20 15:34:00,2023-11-17 12:28:00,2023-11-15 20:00:00,6170.0,14,26.680000000000064,4.639999999999873,2.2737367544323206e-13,-0.15315696649028088,2.352733686067042,0.4091710758377342,28.416799999999835,106.50974512743541,SL_breakeven,8,3,London,3
1139272,1141458,1,1990.3799999999999,1990.38,1965.36,1990.48,0.01,-0.8683999999997727,-0.8684000000000001,17.100000000000136,6.2199999999998,1140052,2,4983,4982,25.019999999999982,255.867700000009,0.33799999999999997,8.219090909090907,26.70347133900351,2,1139272,1.0,1.0,250.51610000000898,0.2,1990.48,1139724,1990.28,1965.36,0,2023-11-21 04:00:00,2023-11-22 17:27:00,2023-11-21 17:00:00,2023-11-21 04:00:00,2247.0,10,17.100000000000136,6.2199999999998,2.2737367544323206e-13,-0.03470823341326033,0.6834532374100779,0.24860111910470842,17.96839999999991,105.07836257309805,SL_breakeven,4,1,Asia,0
1144212,1146674,1,2003.62,2039.1200000000001,1989.72,2039.22,0.01,34.631600000000226,-0.8684000000000001,39.30000000000018,1.8999999999998636,1146618,5,5005,5004,13.899999999999864,290.4993000000092,0.348,6.320909090909078,28.234037778870658,5,1144143,1.0,1.0,253.96770000000913,0.2,2039.22,1144256,2003.52,1989.72,0,2023-11-27 02:09:00,2023-11-28 20:12:00,2023-11-28 19:16:00,2023-11-27 01:00:00,2523.0,12,39.30000000000018,1.8999999999998636,35.50000000000023,2.49148201438853,2.827338129496444,0.1366906474820059,4.668399999999956,11.878880407124514,SL_trailing,2,0,Asia,0
1151039,1151064,1,2075.36,2133.79,2033.8,2133.89,0.01,58.429999999999836,0.0,63.379999999999654,3.7100000000000364,1151063,5,5035,5034,41.56000000000017,348.92930000000905,0.36700000000000005,9.690909090909082,30.2802333082191,5,1151036,1.0,1.0,286.7893000000092,0.2,2133.89,1151043,2075.26,2033.8,0,2023-12-04 01:03:00,2023-12-04 01:28:00,2023-12-04 01:27:00,2023-12-04 01:00:00,25.0,1,63.379999999999654,3.7100000000000364,58.429999999999836,1.4059191530317516,1.5250240615976753,0.08926852743022187,4.949999999999818,7.810034711265139,SL_trailing,1,0,Asia,0
1161661,1161891,-1,1979.48,1996.7199999999998,1996.62,1996.62,0.01,-17.23999999999978,0.0,0.8210000000001401,18.038999999999987,1161681,1,5081,5080,17.139999999999873,331.68930000000927,0.319,8.923181818181826,18.469714877472207,1,1161588,0.0,1.0,330.89030000000906,0.2,1996.62,1161891,1979.58,1996.62,0,2023-12-13 17:13:00,2023-12-13 21:03:00,2023-12-13 17:33:00,2023-12-13 16:00:00,230.0,2,0.8210000000001401,18.038999999999987,-17.23999999999978,-1.0058343057176142,0.04789964994166547,1.0524504084014072,18.060999999999922,2199.878197319956,SL_initial,17,2,NewYork,0
1170340,1174908,1,2048.877,2084.2200000000003,2032.03,2084.32,0.01,31.001000000000303,-4.3420000000000005,39.483000000000175,2.2670000000000528,1174714,5,5119,5105,16.84699999999998,362.6903000000096,0.36700000000000005,7.526363636363623,20.061757007311762,5,1167344,1.0,1.0,329.4223000000092,0.2,2084.32,1170343,2046.9,2021.6,0,2023-12-22 01:00:00,2023-12-28 08:13:00,2023-12-28 04:59:00,2023-12-19 20:00:00,9073.0,21,39.483000000000175,2.2670000000000528,35.3430000000003,1.8401495815278885,2.3436220098533993,0.13456401733246603,8.481999999999871,21.482663424764667,SL_trailing,1,4,Asia,13
1186668,1187066,-1,2022.0400000000002,2030.104,2041.9,2041.9,0.01,-7.470299999999851,0.5937,1.2830000000001291,8.603999999999814,1186724,8,5190,5189,19.8599999999999,355.22000000000975,0.35700000000000004,10.1590909090909,15.427597993359836,1,1186647,0.0,1.0,354.08630000000977,0.2,2041.9,1187062,2022.14,2041.9,0,2024-01-10 20:21:00,2024-01-11 04:00:00,2024-01-10 21:17:00,2024-01-10 20:00:00,459.0,3,1.2830000000001291,8.603999999999814,-8.06399999999985,-0.3761480362537708,0.06460221550856675,0.4332326283987844,8.75329999999998,682.2525331254169,MA18_exit,20,2,NewYork,0
1201395,1202324,-1,2011.0,2023.444,2036.58,2036.58,0.01,-12.24609999999996,0.1979,1.1959999999999127,14.524000000000115,1201395,8,5254,5250,25.579999999999927,342.9739000000098,0.344,7.459999999999995,15.280426088980992,1,1200525,0.0,1.0,340.69600000000963,0.2,2036.58,1201479,2011.1,2036.58,0,2024-01-25 15:30:00,2024-01-26 08:00:00,2024-01-25 15:30:00,2024-01-25 01:00:00,990.0,6,1.1959999999999127,14.524000000000115,-12.44399999999996,-0.4787372947615322,0.04675527756059093,0.56778733385458,13.442099999999872,1123.9214046823456,MA18_exit,15,3,London/NY,3
1216595,1219108,-1,2025.38,2027.0769999999998,2038.64,2038.64,0.01,-1.3011999999996617,0.3958,13.236000000000104,5.44399999999996,1218092,8,5321,5320,13.259999999999991,341.67270000001014,0.344,6.760000000000002,23.669621659205937,1,1216592,0.0,1.0,337.52990000000983,0.2,2038.64,1216606,2025.48,2038.64,0,2024-02-09 16:03:00,2024-02-13 12:00:00,2024-02-12 18:02:00,2024-02-09 16:00:00,5517.0,12,13.236000000000104,5.44399999999996,-1.6969999999996617,-0.09812971342380562,0.9981900452488773,0.41055806938159606,14.537199999999766,109.83076458144191,MA18_exit,16,4,London/NY,0
1219962,1222105,-1,1989.88,2004.164,2027.5,2027.5,0.01,-13.690299999999878,0.5937,5.44600000000014,14.624000000000024,1220797,8,5335,5333,37.61999999999989,327.9824000000103,0.384,8.029999999999983,34.77036568412797,1,1219588,0.0,1.0,327.0487000000101,0.2,2027.5,1222075,1989.98,2027.5,0,2024-02-14 03:15:00,2024-02-15 16:00:00,2024-02-14 17:11:00,2024-02-13 20:00:00,2205.0,11,5.44600000000014,14.624000000000024,-14.283999999999878,-0.3639101541733099,0.14476342371079629,0.3887293992557168,19.13630000000002,351.38266617700197,MA18_exit,3,2,Asia,1
1232576,1233452,1,2035.4199999999998,2029.6000000000001,2024.98,2024.98,0.01,-6.688399999999709,-0.8684000000000001,3.9600000000002638,6.699999999999818,1232665,8,5391,5386,10.439999999999827,321.29400000001056,0.35700000000000004,6.362272727272718,11.51169209417603,1,1231595,0.0,1.0,321.28240000001045,0.2,2024.98,1233363,2035.32,2015.96,0,2024-02-27 09:22:00,2024-02-28 01:00:00,2024-02-27 10:51:00,2024-02-26 16:00:00,938.0,5,3.9600000000002638,6.699999999999818,-5.819999999999709,-0.6406513409961513,0.3793103448276178,0.6417624521072729,10.648399999999974,268.89898989897137,MA18_exit,9,1,London,4
1235348,1235631,1,2037.8999999999999,2028.6200000000001,2028.72,2028.72,0.01,-9.279999999999745,0.0,-0.15999999999985448,9.2199999999998,1235356,1,5403,5399,9.179999999999836,312.0140000000108,0.35700000000000004,5.889545454545452,13.730194433341197,1,1234592,0.0,1.0,312.07400000001076,0.2,2028.72,1235631,2037.8,2028.72,0,2024-02-29 09:37:00,2024-02-29 14:20:00,2024-02-29 09:45:00,2024-02-28 20:00:00,283.0,2,0.0,9.2199999999998,-9.279999999999745,-1.010893246187354,0.0,1.0043572984749416,9.279999999999745,,SL_initial,9,3,London,3
1235731,1237273,1,2048.71,2076.9500000000003,2024.36,2077.05,0.01,27.371600000000235,-0.8684000000000001,31.340000000000146,9.789999999999964,1237270,5,5405,5404,24.350000000000136,339.38560000001104,0.344,6.0,20.433936508556616,5,1235731,1.0,1.0,302.22400000001085,0.2,2077.05,1236800,2048.61,2024.36,0,2024-02-29 16:00:00,2024-03-01 18:45:00,2024-03-01 18:42:00,2024-02-29 16:00:00,1605.0,7,31.340000000000146,9.789999999999964,28.240000000000236,1.1240903490759788,1.2870636550307997,0.40205338809034535,3.96839999999991,12.662412252711844,SL_trailing,16,3,London/NY,0
1237359,1239686,1,2085.7,2123.03,2038.92,2123.13,0.01,35.59320000000038,-1.7368000000000001,41.539999999999964,6.389999999999873,1239648,5,5412,5411,46.779999999999745,374.9788000000114,0.35700000000000004,7.942272727272708,39.323406650801374,5,1237348,1.0,1.0,332.99560000001117,0.2,2123.13,1237763,2085.6,2038.92,0,2024-03-01 20:11:00,2024-03-05 13:00:00,2024-03-05 12:22:00,2024-03-01 20:00:00,5329.0,11,41.539999999999964,6.389999999999873,37.33000000000038,0.7608636169303243,0.8879863189397219,0.13659683625480776,5.946799999999584,14.31584015406738,SL_trailing,20,4,NewYork,0
1241276,1246698,1,2141.85,2160.2200000000003,2123.61,2141.95,0.01,13.159600000000346,-5.210400000000001,53.23000000000002,10.029999999999745,1244211,8,5429,5422,18.23999999999978,388.13840000001176,0.344,10.799999999999933,48.29157571335392,2,1239866,1.0,1.0,364.94880000001166,0.2,2141.95,1241308,2141.75,2038.92,0,2024-03-06 16:32:00,2024-03-12 16:00:00,2024-03-08 19:30:00,2024-03-05 16:00:00,8608.0,25,53.23000000000002,10.029999999999745,18.370000000000346,0.7214692982456417,2.918311403508808,0.5498903508771856,40.07039999999967,75.2778508359941,MA18_exit,16,2,London/NY,6
1254857,1255052,1,2164.86,2200.6,2147.04,2200.7,0.01,33.134799999999785,-2.6052,39.559999999999945,7.940000000000055,1255051,5,5490,5489,17.820000000000164,421.27320000001157,0.35700000000000004,7.442727272727222,14.71340122559525,5,1254857,1.0,1.0,380.1984000000117,0.2,2200.7,1254857,2164.76,2147.04,0,2024-03-20 20:00:00,2024-03-21 01:15:00,2024-03-21 01:14:00,2024-03-20 20:00:00,315.0,2,39.559999999999945,7.940000000000055,35.73999999999978,1.8594163860830235,2.219977553310863,0.4455667789001112,6.42520000000016,16.241658240647546,SL_trailing,20,2,NewYork,0
1262045,1263130,1,2200.1,2250.6600000000003,2167.46,2250.76,0.01,49.6916000000004,-0.8684000000000001,56.20000000000027,9.38000000000011,1263117,5,5522,5512,32.63999999999987,470.96480000001196,0.37700000000000006,11.076363636363588,23.024113223951733,5,1259897,1.0,1.0,411.89320000001146,0.2,2250.76,1262180,2200.0,2167.46,0,2024-03-28 07:49:00,2024-04-01 03:55:00,2024-04-01 03:42:00,2024-03-26 16:00:00,5526.0,6,56.20000000000027,9.38000000000011,50.5600000000004,1.5224142156862928,1.721813725490211,0.28737745098039663,6.508399999999874,11.580782918149186,SL_trailing,7,3,Asia,9
1265025,1268891,1,2265.68,2277.81,2228.4,2265.78,0.01,7.788000000000109,-4.3420000000000005,39.75,14.899999999999636,1268349,8,5536,5528,37.279999999999745,478.7528000000121,0.35700000000000004,13.110454545454642,44.24499517343326,2,1263375,1.0,1.0,456.0648000000123,0.2,2265.78,1265388,2265.58,2187.22,0,2024-04-02 12:31:00,2024-04-05 08:00:00,2024-04-04 21:57:00,2024-04-01 08:00:00,4049.0,18,39.75,14.899999999999636,12.13000000000011,0.20890557939914597,1.0662553648068742,0.3996781115879758,31.96199999999989,80.40754716981104,MA18_exit,12,1,London,7
1269389,1273508,1,2296.08,2338.1600000000003,2267.6,2296.18,0.01,39.474800000000386,-2.6052,69.09999999999991,3.9200000000000728,1271917,8,5555,5554,28.480000000000018,518.2276000000124,0.344,14.206818181818232,24.491826660312118,2,1269371,1.0,1.0,474.83280000001196,0.2,2296.18,1269402,2295.98,2267.6,0,2024-04-05 16:18:00,2024-04-10 16:00:00,2024-04-09 12:28:00,2024-04-05 16:00:00,7182.0,19,69.09999999999991,3.9200000000000728,42.08000000000038,1.3860533707865295,2.4262640449438155,0.13764044943820472,29.625199999999523,42.87293777134524,MA18_exit,16,4,London/NY,0
1276129,1276744,1,2400.67,2352.0,2325.66,2325.66,0.01,-49.538400000000074,-0.8684000000000001,30.7199999999998,66.90999999999985,1276389,8,5584,5583,75.01000000000022,468.68920000001236,0.35700000000000004,15.95227272727272,31.978137272589624,1,1276025,0.0,1.0,451.3176000000126,0.2,2325.66,1276628,2400.57,2325.66,0,2024-04-12 13:44:00,2024-04-15 01:00:00,2024-04-12 18:04:00,2024-04-12 12:00:00,3556.0,4,30.7199999999998,66.90999999999985,-48.67000000000007,-0.6604239434742025,0.4095453939474698,0.8920143980802514,80.25839999999988,261.2578125000013,MA18_exit,13,4,London/NY,0
1279147,1280642,1,2389.04,2372.2000000000003,2323.86,2323.86,0.01,-17.708399999999692,-0.8684000000000001,9.090000000000146,28.079999999999927,1279260,8,5597,5595,65.17999999999984,450.98080000001266,0.344,21.342272727272736,22.13362684617619,1,1278783,0.0,1.0,440.60920000001244,0.2,2323.86,1280628,2388.94,2323.86,0,2024-04-16 18:04:00,2024-04-17 20:00:00,2024-04-16 19:57:00,2024-04-16 12:00:00,1556.0,8,9.090000000000146,28.079999999999927,-16.83999999999969,-0.2716845658177315,0.13945995704204,0.4308069960110463,26.798399999999837,294.8118811881123,MA18_exit,18,1,NewYork,1
1281781,1282260,1,2387.45,2377.8,2354.44,2354.44,0.01,-10.518399999999636,-0.8684000000000001,5.170000000000073,17.980000000000018,1281814,8,5609,5608,33.00999999999976,440.462400000013,0.344,18.522272727272675,23.67822080447017,1,1281781,0.0,1.0,433.00080000001265,0.2,2354.44,1281879,2387.35,2354.44,0,2024-04-18 16:00:00,2024-04-19 01:00:00,2024-04-18 16:33:00,2024-04-18 16:00:00,540.0,3,5.170000000000073,17.980000000000018,-9.649999999999636,-0.3186428355043838,0.1566192063011242,0.5446834292638639,15.688399999999708,303.45067698258197,MA18_exit,16,3,London/NY,0
1283283,1283940,1,2393.9,2369.37,2369.47,2369.47,0.01,-25.3984000000002,-0.8684000000000001,7.940000000000055,24.970000000000255,1283401,1,5615,5613,24.43000000000029,415.0640000000128,0.344,16.857727272727228,22.367889160092123,1,1282920,0.0,1.0,415.49240000001276,0.2,2369.47,1283940,2393.8,2369.47,0,2024-04-19 18:03:00,2024-04-22 06:01:00,2024-04-19 20:01:00,2024-04-19 12:00:00,3598.0,4,7.940000000000055,24.970000000000255,-24.5300000000002,-1.0396397871469463,0.32501023331968726,1.0221039705280375,33.338400000000256,419.8790931989928,SL_initial,18,4,NewYork,1
1288771,1292333,1,2334.69,2326.2000000000003,2304.9,2304.9,0.01,-11.095199999999782,-2.6052,17.730000000000018,14.960000000000036,1289827,8,5639,5638,29.789999999999964,403.968800000013,0.344,16.172272727272727,18.717041215123423,1,1288676,0.0,1.0,400.1040000000128,0.2,2304.9,1290749,2334.59,2304.9,0,2024-04-25 17:35:00,2024-04-30 08:00:00,2024-04-26 12:12:00,2024-04-25 16:00:00,6625.0,17,17.730000000000018,14.960000000000036,-8.489999999999782,-0.3724471299093587,0.5951661631419953,0.5021819402484073,28.8251999999998,162.5786802030444,MA18_exit,17,3,NewYork,0
1298312,1300846,1,2324.14,2307.1,2277.16,2277.16,0.01,-18.776799999999962,-1.7368000000000001,7.849999999999909,20.58999999999969,1298369,8,5680,5679,46.98000000000002,385.192000000013,0.344,14.218636363636422,23.283659230819556,1,1298089,0.0,1.0,383.3788000000133,0.2,2277.16,1300786,2324.04,2277.16,0,2024-05-06 15:43:00,2024-05-08 12:00:00,2024-05-06 16:40:00,2024-05-06 12:00:00,2657.0,13,7.849999999999909,20.58999999999969,-17.039999999999964,-0.3996764580672617,0.1670923797360559,0.43827160493826484,26.62679999999987,339.194904458601,MA18_exit,15,0,London/NY,0
1302861,1305114,1,2338.7599999999998,2338.76,2303.55,2338.86,0.01,-1.7367999999995454,-1.7368000000000001,39.600000000000364,0.7799999999997453,1303706,2,5700,5699,35.20999999999958,383.45520000001346,0.35700000000000004,12.218181818181764,30.55674626132408,2,1302705,1.0,1.0,384.4120000000133,0.2,2338.86,1302861,2338.66,2303.55,0,2024-05-09 22:36:00,2024-05-13 14:11:00,2024-05-10 13:42:00,2024-05-09 20:00:00,5255.0,11,39.600000000000364,0.7799999999997453,4.547473508864641e-13,-0.04932689576823533,1.1246804884976096,0.022152797500703057,41.33679999999991,104.3858585858574,SL_breakeven,22,3,Sydney,0
1307741,1309378,1,2374.2799999999997,2374.28,2331.98,2374.38,0.01,-2.605199999999545,-2.6052,23.000000000000455,22.539999999999964,1308641,2,5722,5721,42.29999999999973,380.8500000000139,0.35700000000000004,10.934090909090958,42.7228375044421,2,1307740,1.0,1.0,360.9152000000135,0.2,2374.38,1308034,2374.18,2331.98,0,2024-05-15 12:01:00,2024-05-16 16:19:00,2024-05-16 04:02:00,2024-05-15 12:00:00,1698.0,8,23.000000000000455,22.539999999999964,4.547473508864641e-13,-0.06158865248225915,0.5437352245863026,0.5328605200945652,25.6052,111.32695652173693,SL_breakeven,12,2,London,0
1310329,1311410,1,2383.74,2434.94,2370.84,2435.04,0.01,50.33160000000027,-0.8684000000000001,56.720000000000255,2.5599999999999454,1311407,5,5733,5729,12.899999999999636,431.18160000001416,0.35700000000000004,10.831818181818232,35.80042259002452,5,1309599,1.0,1.0,378.29000000001395,0.2,2435.04,1310479,2383.64,2351.74,0,2024-05-17 09:12:00,2024-05-20 04:14:00,2024-05-20 04:11:00,2024-05-16 20:00:00,4022.0,6,56.720000000000255,2.5599999999999454,51.20000000000027,3.9016744186047823,4.396899224806345,0.19844961240310213,6.388399999999983,11.263046544428693,SL_trailing,9,4,London,3
1311663,1314393,1,2440.56,2412.54,2373.79,2373.79,0.01,-29.75679999999998,-1.7368000000000001,9.420000000000073,34.40000000000009,1311689,8,5739,5738,66.76999999999998,401.42480000001416,0.364,12.342727272727272,45.688357584103095,1,1311636,0.0,1.0,396.78160000001407,0.2,2373.79,1312922,2440.46,2373.79,0,2024-05-20 08:27:00,2024-05-22 08:00:00,2024-05-20 08:53:00,2024-05-20 08:00:00,2853.0,13,9.420000000000073,34.40000000000009,-28.019999999999982,-0.44566122510109313,0.14108132394788192,0.5152014377714558,39.17680000000006,415.8895966029698,MA18_exit,8,0,London,0
1322252,1323235,-1,2334.34,2348.217,2363.98,2363.98,0.01,-13.876999999999953,0.0,11.516000000000076,17.703999999999724,1322567,8,5785,5782,29.639999999999873,387.5478000000142,0.384,9.7922727272727,32.69520743044089,1,1321616,0.0,1.0,383.72080000001444,0.2,2363.98,1323075,2334.44,2363.98,0,2024-05-30 03:37:00,2024-05-30 20:00:00,2024-05-30 08:52:00,2024-05-29 16:00:00,983.0,6,11.516000000000076,17.703999999999724,-13.876999999999953,-0.46818488529014884,0.38852901484480856,0.597300944669359,25.39300000000003,220.50191038554934,MA18_exit,3,3,Asia,2
1325215,1325993,-1,2320.3,2349.517,2351.7,2351.7,0.01,-29.216999999999643,0.0,5.303000000000338,30.156999999999698,1325366,8,5798,5796,31.399999999999636,358.33080000001456,0.37700000000000006,11.748181818181799,24.314141885792697,1,1324853,0.0,1.0,357.3908000000145,0.2,2351.7,1325992,2320.4,2351.7,0,2024-06-03 07:02:00,2024-06-03 20:00:00,2024-06-03 09:33:00,2024-06-03 01:00:00,778.0,5,5.303000000000338,30.156999999999698,-29.216999999999643,-0.9304777070063689,0.16888535031848406,0.960414012738855,34.51999999999998,650.9522911559076,MA18_exit,7,0,Asia,1
1327188,1328031,-1,2325.3,2338.364,2354.56,2354.56,0.01,-12.86609999999985,0.1979,9.445999999999913,13.196999999999662,1327215,8,5807,5806,29.259999999999764,345.4647000000147,0.344,12.105454545454553,24.21146797585272,1,1327132,0.0,1.0,345.1338000000149,0.2,2354.56,1328022,2325.4,2354.56,0,2024-06-04 16:56:00,2024-06-05 08:00:00,2024-06-04 17:23:00,2024-06-04 16:00:00,904.0,5,9.445999999999913,13.196999999999662,-13.06399999999985,-0.4397163362952821,0.3228298017771698,0.4510252904989668,22.312099999999763,236.20686004658026,MA18_exit,16,1,London/NY,0
1330509,1331029,1,2378.5099999999998,2347.0,2315.51,2315.51,0.01,-31.509999999999764,0.0,9.080000000000382,36.08999999999969,1330793,8,5821,5819,62.999999999999545,313.95470000001495,0.384,12.478181818181817,34.23413237284475,1,1330130,0.0,1.0,309.374700000015,0.2,2315.51,1331010,2378.41,2315.51,0,2024-06-07 03:20:00,2024-06-07 12:00:00,2024-06-07 08:04:00,2024-06-06 20:00:00,520.0,4,9.080000000000382,36.08999999999969,-31.509999999999764,-0.50015873015873,0.14412698412699124,0.5728571428571421,40.590000000000146,447.0264317180445,MA18_exit,3,4,Asia,1
1333378,1333986,-1,2300.14,2313.7599999999998,2313.66,2313.66,0.01,-13.61999999999989,0.0,2.1859999999996944,13.774000000000342,1333589,1,5834,5831,13.519999999999982,300.33470000001506,0.37700000000000006,15.465454545454598,19.140329387700415,1,1332888,0.0,1.0,300.1807000000146,0.2,2313.66,1333986,2300.24,2387.59,0,2024-06-11 05:11:00,2024-06-11 15:19:00,2024-06-11 08:42:00,2024-06-10 20:00:00,608.0,3,2.1859999999996944,13.774000000000342,-13.61999999999989,-1.0073964497041352,0.16168639053252198,1.0187869822485474,15.805999999999585,723.0558096981608,SL_initial,5,1,Asia,2
1347817,1350366,-1,2318.79,2318.79,2334.59,2318.69,0.01,0.7916,0.7916,24.985999999999876,6.507000000000062,1349091,2,5897,5888,15.800000000000182,301.1263000000151,0.344,10.921363636363656,22.176709909223817,2,1345807,1.0,1.0,293.827700000015,0.2,2318.69,1347846,2318.89,2368.56,0,2024-06-25 18:31:00,2024-06-27 15:02:00,2024-06-26 16:46:00,2024-06-24 08:00:00,2671.0,12,24.985999999999876,6.507000000000062,0.0,0.05010126582278423,1.581392405063265,0.41183544303797387,24.194399999999877,96.83182582246057,SL_breakeven,18,1,NewYork,8
1358489,1358515,1,2368.06,2354.01,2354.11,2354.11,0.01,-14.049999999999727,0.0,0.38000000000010914,20.539999999999964,1358501,1,5944,5943,13.949999999999818,287.07630000001535,0.344,8.2354545454546,38.666612101916385,1,1358305,0.0,1.0,280.5863000000151,0.2,2354.11,1358515,2367.96,2354.11,0,2024-07-05 15:04:00,2024-07-05 15:30:00,2024-07-05 15:16:00,2024-07-05 12:00:00,26.0,1,0.38000000000010914,20.539999999999964,-14.049999999999727,-1.0071684587813556,0.027240143369183806,1.4724014336917728,14.429999999999836,3797.368421051498,SL_initial,15,4,London/NY,0
1358554,1360092,1,2376.12,2354.01,2354.11,2354.11,0.01,-22.978399999999674,-0.8684000000000001,16.700000000000273,23.409999999999854,1358908,1,5945,5944,22.009999999999764,264.09790000001567,0.344,9.270000000000065,36.86150652887065,1,1358545,0.0,1.0,263.6663000000155,0.2,2354.11,1360092,2376.02,2354.11,0,2024-07-05 16:09:00,2024-07-08 18:48:00,2024-07-05 22:03:00,2024-07-05 16:00:00,4479.0,7,16.700000000000273,23.409999999999854,-22.109999999999673,-1.043998182644249,0.7587460245343232,1.0636074511585691,39.67839999999995,237.59520958083414,SL_initial,16,4,London/NY,0
1364031,1367012,1,2386.65,2432.35,2369.78,2432.45,0.01,43.963199999999816,-1.7368000000000001,50.710000000000036,8.980000000000018,1366966,5,5968,5963,16.86999999999989,308.0611000000155,0.344,9.818636363636353,36.08204348214854,5,1362922,1.0,1.0,255.11790000001565,0.2,2432.45,1364031,2386.55,2349.46,0,2024-07-11 15:30:00,2024-07-15 19:13:00,2024-07-15 18:27:00,2024-07-10 20:00:00,5983.0,14,50.710000000000036,8.980000000000018,45.69999999999982,2.605998814463551,3.0059276822762517,0.532305868405458,6.746800000000221,13.304673634392065,SL_trailing,15,3,London/NY,4
1367979,1371435,1,2439.73,2444.54,2401.22,2439.83,0.01,0.4679999999999449,-4.3420000000000005,43.820000000000164,10.449999999999818,1369637,8,5986,5981,38.51000000000022,308.52910000001543,0.35700000000000004,12.299090909090927,29.35539543971698,2,1367059,1.0,1.0,297.61110000001565,0.2,2439.83,1368192,2439.63,2401.22,0,2024-07-16 12:21:00,2024-07-19 01:00:00,2024-07-17 17:00:00,2024-07-15 20:00:00,3639.0,16,43.820000000000164,10.449999999999818,4.809999999999945,0.012152687613605356,1.1378862633082294,0.27135808880809553,43.35200000000022,98.93199452304896,MA18_exit,12,1,London,4
1376054,1376951,1,2418.33,2396.9,2388.14,2388.14,0.01,-24.035199999999836,-2.6052,13.61999999999989,21.75,1376587,8,6021,6020,30.190000000000055,284.49390000001557,0.35700000000000004,11.954545454545475,23.860305535610074,1,1375992,0.0,1.0,286.77910000001543,0.2,2388.14,1376950,2418.23,2388.14,0,2024-07-24 09:02:00,2024-07-25 01:00:00,2024-07-24 17:55:00,2024-07-24 08:00:00,958.0,5,13.61999999999989,21.75,-21.429999999999836,-0.796131169261338,0.451142762504136,0.7204372308711481,37.655199999999724,276.4698972099855,MA18_exit,9,2,London,0
1380621,1380849,1,2396.21,2377.92,2353.0,2353.0,0.01,-18.289999999999964,0.0,0.36999999999989086,26.690000000000055,1380634,8,6041,6039,43.210000000000036,266.2039000000156,0.344,13.771818181818203,32.677526604468625,1,1380369,0.0,1.0,257.8039000000155,0.2,2353.0,1380748,2396.11,2353.0,0,2024-07-29 16:12:00,2024-07-29 20:00:00,2024-07-29 16:25:00,2024-07-29 12:00:00,228.0,2,0.36999999999989086,26.690000000000055,-18.289999999999964,-0.42328164776671945,0.008562832677618388,0.6176810923397369,18.659999999999854,5043.243243244691,MA18_exit,16,0,London/NY,1
1381864,1384813,1,2392.02,2454.7000000000003,2369.52,2454.8,0.01,59.20640000000029,-3.4736000000000002,70.09999999999991,8.759999999999764,1384809,5,6046,6045,22.5,325.4103000000159,0.35700000000000004,13.914090909090957,20.205362992769757,5,1381748,1.0,1.0,257.44390000001584,0.2,2454.8,1382158,2391.92,2369.52,0,2024-07-30 13:56:00,2024-08-01 17:07:00,2024-08-01 17:03:00,2024-07-30 12:00:00,3071.0,14,70.09999999999991,8.759999999999764,62.68000000000029,2.6313955555555686,3.1155555555555514,0.3893333333333228,10.893599999999616,15.540085592010882,SL_trailing,13,1,London/NY,0
1385693,1386236,1,2462.22,2429.9700000000003,2430.07,2430.07,0.01,-32.249999999999545,0.0,15.269999999999982,32.45999999999958,1386100,1,6063,6059,32.149999999999636,293.1603000000164,0.364,13.872727272727264,55.508202156683915,1,1384986,0.0,1.0,292.95030000001634,0.2,2430.07,1386236,2462.12,2383.26,0,2024-08-02 08:48:00,2024-08-02 17:51:00,2024-08-02 15:35:00,2024-08-01 20:00:00,543.0,3,15.269999999999982,32.45999999999958,-32.249999999999545,-1.0031104199066847,0.4749611197511712,1.0096423017107294,47.51999999999953,311.1984282907635,SL_initial,8,4,London,3
1391910,1397397,1,2424.2999999999997,2443.96,2380.86,2424.4,0.01,16.186400000000308,-3.4736000000000002,55.42000000000007,7.479999999999563,1397127,8,6090,6089,43.4399999999996,309.3467000000167,0.35700000000000004,19.916363636363588,28.378286673178273,2,1391881,1.0,1.0,285.6803000000168,0.2,2424.4,1392600,2424.2,2380.86,0,2024-08-08 20:29:00,2024-08-14 20:00:00,2024-08-14 15:30:00,2024-08-08 20:00:00,8611.0,25,55.42000000000007,7.479999999999563,19.66000000000031,0.372615101289145,1.2757826887661277,0.17219152854511124,39.23359999999977,70.79321544568697,MA18_exit,20,3,NewYork,0
1399915,1404292,1,2492.36,2506.88,2450.56,2492.46,0.01,11.914799999999982,-2.6052,39.19999999999982,15.039999999999964,1402704,8,6125,6124,41.80000000000018,321.26150000001667,0.344,14.272272727272737,32.49017979754742,2,1399915,1.0,1.0,294.30670000001675,0.2,2492.46,1399998,2492.26,2450.56,0,2024-08-16 16:00:00,2024-08-21 20:00:00,2024-08-20 16:31:00,2024-08-16 16:00:00,7440.0,20,39.19999999999982,15.039999999999964,14.519999999999982,0.28504306220095527,0.9377990430621925,0.35980861244018897,27.285199999999836,69.60510204081623,MA18_exit,16,4,London/NY,0
1407815,1410467,1,2515.42,2511.26,2470.7,2470.7,0.01,-5.896799999999855,-1.7368000000000001,13.4699999999998,12.099999999999909,1410115,8,6159,6158,44.720000000000255,315.3647000000168,0.35700000000000004,11.851818181818151,32.46112026642586,1,1407709,0.0,1.0,309.16150000001676,0.2,2470.7,1409595,2515.32,2470.7,0,2024-08-26 09:46:00,2024-08-28 08:00:00,2024-08-28 02:08:00,2024-08-26 08:00:00,2774.0,13,13.4699999999998,12.099999999999909,-4.1599999999998545,-0.13186046511627508,0.30120751341680957,0.27057245080500536,19.366799999999657,143.7772828507791,MA18_exit,9,0,London,0
1412137,1412326,1,2521.16,2509.08,2493.52,2493.52,0.01,-12.079999999999927,0.0,3.1400000000003274,17.639999999999873,1412139,8,6178,6177,27.639999999999873,303.28470000001687,0.35700000000000004,10.13409090909088,20.221277459141348,1,1412086,0.0,1.0,297.7247000000169,0.2,2493.52,1412313,2521.06,2493.52,0,2024-08-29 12:51:00,2024-08-29 16:00:00,2024-08-29 12:53:00,2024-08-29 12:00:00,189.0,2,3.1400000000003274,17.639999999999873,-12.079999999999927,-0.4370477568740949,0.11360347322721931,0.6382054992764093,15.220000000000255,484.7133757961359,MA18_exit,12,3,London,0
1420418,1420688,1,2523.5499999999997,2488.76,2471.72,2471.72,0.01,-34.78999999999951,0.0,5.570000000000164,38.529999999999745,1420424,8,6214,6208,51.82999999999993,268.49470000001736,0.344,10.831363636363614,27.240387841934268,1,1419069,0.0,1.0,264.7547000000171,0.2,2471.72,1420675,2523.45,2471.72,0,2024-09-06 15:30:00,2024-09-06 20:00:00,2024-09-06 15:36:00,2024-09-05 16:00:00,270.0,3,5.570000000000164,38.529999999999745,-34.78999999999951,-0.6712328767123202,0.10746671811692401,0.743391857997295,40.35999999999967,724.5960502692726,MA18_exit,15,4,London/NY,5
1423768,1427394,1,2518.4,2577.4300000000003,2500.02,2577.53,0.01,55.5564000000002,-3.4736000000000002,64.86000000000013,17.579999999999927,1427386,5,6229,6227,18.38000000000011,324.0511000000176,0.36,11.379999999999944,15.805395808046832,5,1423445,1.0,1.0,250.91470000001743,0.2,2577.53,1424649,2518.3,2500.02,0,2024-09-11 02:24:00,2024-09-13 16:52:00,2024-09-13 16:44:00,2024-09-10 20:00:00,3748.0,17,64.86000000000013,17.579999999999927,59.0300000000002,3.0226550598476534,3.52883569096843,0.9564744287268674,9.303599999999925,14.344125809435564,SL_trailing,2,2,Asia,1
1427585,1430340,1,2585.0899999999997,2562.86,2500.82,2500.82,0.01,-23.966799999999562,-1.7368000000000001,4.430000000000291,23.78999999999951,1428347,8,6246,6245,84.26999999999953,300.084300000018,0.35700000000000004,11.364545454545434,64.64814098078965,1,1427582,0.0,1.0,300.2611000000181,0.2,2500.82,1430335,2584.99,2500.82,0,2024-09-13 20:03:00,2024-09-17 20:00:00,2024-09-16 09:46:00,2024-09-13 20:00:00,5757.0,13,4.430000000000291,23.78999999999951,-22.229999999999563,-0.28440488904710687,0.05256912305684486,0.28230687077251265,28.396799999999853,641.0112866816702,MA18_exit,20,4,NewYork,0
1433789,1437460,1,2594.88,2656.92,2546.64,2657.02,0.01,60.30319999999996,-1.7368000000000001,69.31999999999971,1.430000000000291,1437397,5,6273,6268,48.24000000000024,360.38750000001795,0.364,13.412272727272715,52.991710466162644,5,1432858,1.0,1.0,298.6543000000177,0.2,2657.02,1433795,2594.78,2546.64,0,2024-09-20 08:32:00,2024-09-24 23:46:00,2024-09-24 22:43:00,2024-09-19 16:00:00,6674.0,16,69.31999999999971,1.430000000000291,62.039999999999964,1.2500663349917012,1.4369817578772672,0.02964344941957471,9.016799999999748,13.007501442584804,SL_trailing,8,4,London,4
1439459,1441250,1,2667.44,2649.62,2649.72,2649.72,0.01,-18.688400000000165,-0.8684000000000001,17.960000000000036,18.179999999999836,1439672,1,6297,6293,17.720000000000255,341.6991000000178,0.35700000000000004,11.563181818181834,64.45158973734175,1,1438613,0.0,1.0,342.2075000000181,0.2,2649.72,1441250,2667.34,2622.48,0,2024-09-26 11:07:00,2024-09-27 17:59:00,2024-09-26 14:40:00,2024-09-25 20:00:00,1852.0,9,17.960000000000036,18.179999999999836,-17.820000000000164,-1.0546501128668113,1.0135440180586783,1.0259593679458,36.6484000000002,204.05567928730582,SL_initial,11,3,London,3
1455095,1462682,1,2661.36,2725.62,2601.73,2725.72,0.01,57.31279999999976,-6.9472000000000005,71.31999999999971,23.40000000000009,1462565,5,6366,6365,59.63000000000011,399.01190000001753,0.35700000000000004,13.926363636363662,45.62088398806159,5,1455095,1.0,1.0,318.2991000000177,0.2,2725.72,1457162,2661.26,2601.73,0,2024-10-11 20:00:00,2024-10-21 08:35:00,2024-10-21 06:38:00,2024-10-11 20:00:00,13715.0,34,71.31999999999971,23.40000000000009,64.25999999999976,0.9611403655877856,1.19604226060707,0.3924199228576228,14.007199999999948,19.639932697700512,SL_trailing,20,4,NewYork,0
1462896,1465902,1,2733.1,2733.1,2672.91,2733.2,0.01,-1.7368000000000001,-1.7368000000000001,25.240000000000236,18.940000000000055,1465628,2,6400,6399,60.190000000000055,397.2751000000175,0.35700000000000004,10.380000000000026,69.59988220402182,2,1462887,1.0,1.0,380.0719000000175,0.2,2733.2,1463497,2733.0,2672.91,0,2024-10-21 12:09:00,2024-10-23 16:18:00,2024-10-23 11:44:00,2024-10-21 12:00:00,3129.0,14,25.240000000000236,18.940000000000055,0.0,-0.028855291576673842,0.4193387605914639,0.31467021099850534,26.976800000000235,106.88114104595873,SL_breakeven,12,0,London,0
1470532,1473981,1,2745.89,2755.2200000000003,2727.72,2745.99,0.01,5.856400000000382,-3.4736000000000002,44.11000000000013,1.0899999999996908,1473206,8,6433,6431,18.170000000000073,403.1315000000179,0.36,12.49818181818182,17.783855296257734,2,1470261,1.0,1.0,396.1851000000178,0.2,2745.99,1470545,2745.79,2724.54,0,2024-10-29 02:31:00,2024-10-31 16:00:00,2024-10-31 03:05:00,2024-10-28 20:00:00,3689.0,17,44.11000000000013,1.0899999999996908,9.330000000000382,0.32231150247662954,2.4276279581728097,0.05998899284533222,38.25359999999974,86.7231920199493,MA18_exit,2,1,Asia,1
1483333,1487304,-1,2663.6600000000003,2560.04,2703.94,2559.94,0.01,104.60950000000035,0.9895,113.04300000000012,3.576999999999771,1487247,5,6490,6489,40.279999999999745,507.7410000000183,0.35700000000000004,18.64318181818174,29.395651357561263,5,1483276,1.0,1.0,399.55450000001815,0.2,2559.94,1483371,2663.76,2703.94,0,2024-11-11 12:57:00,2024-11-14 10:11:00,2024-11-14 09:14:00,2024-11-11 12:00:00,4154.0,18,113.04300000000012,3.576999999999771,103.62000000000035,2.597058093346599,2.806429990069534,0.08880337636543678,8.433499999999768,7.460435409534211,SL_trailing,12,0,London,0
1509438,1510090,-1,2630.85,2647.104,2655.44,2655.44,0.01,-16.056099999999905,0.1979,6.645999999999731,20.054000000000087,1509443,8,6605,6604,24.590000000000146,491.6849000000184,0.344,13.074090909090915,20.17828539537829,1,1509431,0.0,1.0,487.6870000000182,0.2,2655.44,1510057,2630.95,2655.44,0,2024-12-06 16:07:00,2024-12-09 04:00:00,2024-12-06 16:12:00,2024-12-06 16:00:00,3593.0,4,6.645999999999731,20.054000000000087,-16.253999999999905,-0.6529524196827902,0.27027246848311065,0.8155347702318003,22.702099999999636,341.5904303340439,MA18_exit,16,4,London/NY,0
1513812,1515173,1,2719.97,2685.9700000000003,2674.34,2674.34,0.01,-36.60519999999954,-2.6052,6.130000000000109,44.909999999999854,1514155,8,6624,6623,45.629999999999654,455.0797000000189,0.35700000000000004,14.57136363636356,39.59277470613362,1,1513808,0.0,1.0,446.77490000001853,0.2,2674.34,1515044,2719.87,2674.34,0,2024-12-11 20:04:00,2024-12-12 20:00:00,2024-12-12 03:01:00,2024-12-11 20:00:00,1436.0,7,6.130000000000109,44.909999999999854,-33.999999999999545,-0.802217839140912,0.13434144203375314,0.9842209072978346,42.73519999999965,697.1484502446801,MA18_exit,20,2,NewYork,0
1520749,1523447,-1,2632.92,2625.857,2651.52,2632.82,0.01,7.854600000000102,0.7916,50.292999999999665,3.2170000000000982,1520929,8,6654,6653,18.59999999999991,462.934300000019,0.35700000000000004,10.445454545454554,29.086904655550182,2,1520689,1.0,1.0,451.8627000000188,0.2,2632.82,1520749,2633.02,2651.52,0,2024-12-18 21:00:00,2024-12-20 20:00:00,2024-12-19 01:01:00,2024-12-18 20:00:00,2820.0,13,50.292999999999665,3.2170000000000982,7.063000000000102,0.4222903225806527,2.703924731182791,0.17295698924731795,42.43839999999956,84.38231960710208,MA18_exit,21,2,NewYork,0
1529901,1531520,-1,2606.36,2624.5969999999998,2627.98,2627.98,0.01,-18.039099999999625,0.1979,10.106000000000222,21.35699999999997,1530044,8,6695,6694,21.61999999999989,444.8952000000194,0.344,8.956363636363635,21.593598196968422,1,1529901,0.0,1.0,441.577300000019,0.2,2627.98,1531480,2606.46,2627.98,0,2024-12-30 16:00:00,2024-12-31 20:00:00,2024-12-30 18:23:00,2024-12-30 16:00:00,1680.0,8,10.106000000000222,21.35699999999997,-18.236999999999625,-0.8343709528214485,0.46743755781684887,0.9878353376503274,28.145099999999847,278.4989115376928,MA18_exit,16,0,London/NY,0
1535401,1536316,-1,2624.94,2644.89,2665.18,2665.18,0.01,-19.752099999999817,0.1979,10.235999999999876,21.109999999999673,1535435,8,6718,6717,40.23999999999978,425.14310000001956,0.344,10.447272727272713,29.78201844270313,1,1535177,0.0,1.0,423.7852000000197,0.2,2665.18,1536295,2625.04,2665.18,0,2025-01-06 15:44:00,2025-01-07 08:00:00,2025-01-06 16:18:00,2025-01-06 12:00:00,976.0,6,10.235999999999876,21.109999999999673,-19.949999999999818,-0.4908573558648093,0.2543737574552667,0.5246023856858794,29.988099999999694,292.96697928878524,MA18_exit,15,0,London/NY,0
1538178,1542311,1,2663.0,2668.98,2645.1,2663.1,0.01,1.6380000000000177,-4.3420000000000005,34.710000000000036,13.889999999999873,1541159,8,6731,6725,17.90000000000009,426.7811000000196,0.344,11.808181818181765,32.085604082928846,2,1537036,1.0,1.0,411.2531000000197,0.2,2663.1,1538395,2662.9,2614.36,0,2025-01-08 16:03:00,2025-01-13 16:00:00,2025-01-10 19:46:00,2025-01-07 20:00:00,7197.0,19,34.710000000000036,13.889999999999873,5.980000000000018,0.09150837988826868,1.939106145251389,0.7759776536312739,33.07200000000002,95.28089887640444,MA18_exit,16,2,London/NY,5
1545069,1548321,1,2694.12,2694.12,2659.64,2694.22,0.01,-4.3420000000000005,-4.3420000000000005,30.440000000000055,17.679999999999836,1546663,2,6761,6760,34.48000000000002,422.4391000000196,0.344,11.325454545454498,26.1433806842039,2,1545069,1.0,1.0,409.10110000001976,0.2,2694.22,1545133,2694.02,2659.64,0,2025-01-15 16:00:00,2025-01-20 01:23:00,2025-01-16 19:38:00,2025-01-15 16:00:00,6323.0,15,30.440000000000055,17.679999999999836,0.0,-0.12592807424593963,0.8828306264501171,0.5127610208816655,34.78200000000005,114.26412614980286,SL_breakeven,16,2,London/NY,0
1549964,1555463,1,2729.08,2752.88,2689.31,2729.18,0.01,18.589600000000182,-5.210400000000001,56.74000000000024,12.739999999999782,1554660,8,6783,6782,39.76999999999998,441.0287000000198,0.39,11.43954545454554,27.30496870385401,2,1549947,1.0,1.0,409.6991000000198,0.2,2729.18,1550272,2728.98,2689.31,0,2025-01-21 08:17:00,2025-01-27 08:00:00,2025-01-24 17:36:00,2025-01-21 08:00:00,8623.0,25,56.74000000000024,12.739999999999782,23.800000000000182,0.46742770932864447,1.426703545385976,0.32034196630625567,38.150400000000054,67.23722241804705,MA18_exit,8,1,London,0
1559656,1561535,1,2763.2599999999998,2811.31,2745.0,2811.41,0.01,47.18160000000018,-0.8684000000000001,53.68000000000029,1.0199999999999818,1561529,5,6825,6824,18.259999999999764,488.21030000001997,0.39,10.579545454545517,18.863179181186766,5,1559600,1.0,1.0,440.0087000000198,0.2,2811.41,1559656,2763.16,2745.0,0,2025-01-30 08:56:00,2025-01-31 17:19:00,2025-01-31 17:13:00,2025-01-30 08:00:00,1943.0,9,53.68000000000029,1.0199999999999818,48.05000000000018,2.5838773274918285,2.939759036144632,0.05585980284775438,6.49840000000011,12.10581222056646,SL_trailing,8,3,London,0
1562867,1565713,1,2817.04,2875.76,2790.9,2875.86,0.01,56.98320000000025,-1.7368000000000001,65.17999999999984,10.11999999999989,1565700,5,6839,6833,26.139999999999873,545.1935000000202,0.344,12.076818181818142,35.84617745334188,5,1561696,1.0,1.0,478.0903000000201,0.2,2875.86,1563819,2816.94,2745.0,0,2025-02-03 16:35:00,2025-02-05 18:05:00,2025-02-05 17:52:00,2025-01-31 20:00:00,2970.0,13,65.17999999999984,10.11999999999989,58.720000000000255,2.179923488905912,2.4934965570007708,0.38714613618974525,8.196799999999584,12.575636698373128,SL_trailing,16,0,London/NY,5
1568425,1568586,1,2882.3199999999997,2859.8,2833.96,2833.96,0.01,-22.519999999999527,0.0,4.2800000000002,29.179999999999836,1568452,8,6863,6851,48.35999999999967,522.6735000000207,0.344,14.611363636363565,31.692241890888326,1,1565828,0.0,1.0,516.0135000000204,0.2,2833.96,1568562,2882.22,2806.92,0,2025-02-07 17:19:00,2025-02-07 20:00:00,2025-02-07 17:46:00,2025-02-05 20:00:00,161.0,2,4.2800000000002,29.179999999999836,-22.519999999999527,-0.4656741108353945,0.08850289495451259,0.6033912324234912,26.799999999999727,626.1682242990298,MA18_exit,17,4,NewYork,11
1569245,1572003,1,2879.9,2886.04,2852.08,2880.0,0.01,4.403199999999872,-1.7368000000000001,62.75999999999976,1.2000000000002728,1570400,8,6867,6866,27.820000000000164,527.0767000000205,0.39,14.898181818181808,30.99232078836792,2,1569245,1.0,1.0,521.4735000000204,0.2,2880.0,1569246,2879.8,2852.08,0,2025-02-10 08:00:00,2025-02-12 08:00:00,2025-02-11 04:16:00,2025-02-10 08:00:00,2880.0,13,62.75999999999976,1.2000000000002728,6.139999999999873,0.15827462257368247,2.2559309849029257,0.043134435657809694,58.35679999999989,92.98406628425766,MA18_exit,8,0,London,0
1573754,1575481,1,2920.38,2886.8,2863.68,2863.68,0.01,-34.44839999999993,-0.8684000000000001,19.559999999999945,35.220000000000255,1575038,8,6886,6885,56.70000000000027,492.6283000000206,0.38200000000000006,17.710000000000058,26.231687888772072,1,1573622,0.0,1.0,491.8567000000203,0.2,2863.68,1575477,2920.28,2863.68,0,2025-02-13 14:12:00,2025-02-14 20:00:00,2025-02-14 12:37:00,2025-02-13 12:00:00,1788.0,9,19.559999999999945,35.220000000000255,-33.57999999999993,-0.6075555555555514,0.3449735449735424,0.6211640211640227,54.008399999999874,276.11656441717804,MA18_exit,14,3,London/NY,0
1577853,1581264,1,2921.24,2928.4,2891.78,2921.34,0.01,2.8180000000003087,-4.3420000000000005,33.52000000000044,3.6399999999998727,1580305,8,6905,6904,29.45999999999958,495.4463000000209,0.344,13.676363636363662,15.82087442071061,2,1577848,1.0,1.0,488.98830000002073,0.2,2921.34,1577865,2921.14,2891.78,0,2025-02-18 16:05:00,2025-02-21 04:00:00,2025-02-20 11:00:00,2025-02-18 16:00:00,3595.0,16,33.52000000000044,3.6399999999998727,7.160000000000309,0.09565512559403763,1.1378139850645252,0.1235573659198888,30.702000000000126,91.59307875894906,MA18_exit,16,1,London/NY,0
1591481,1594127,1,2921.18,2893.98,2832.46,2832.46,0.01,-30.67359999999982,-3.4736000000000002,8.570000000000164,30.359999999999673,1593152,8,6964,6963,88.7199999999998,464.77270000002113,0.38200000000000006,17.355909090909087,37.5238606911585,1,1591370,0.0,1.0,465.08630000002125,0.2,2832.46,1594123,2921.08,2832.46,0,2025-03-04 13:51:00,2025-03-06 12:00:00,2025-03-05 18:43:00,2025-03-04 12:00:00,2769.0,13,8.570000000000164,30.359999999999673,-27.199999999999818,-0.3457348963029744,0.09659603246167925,0.3422001803426481,39.24359999999999,457.9183197199444,MA18_exit,13,1,London/NY,0
1595801,1595986,1,2926.18,2907.84,2895.7,2895.7,0.01,-18.33999999999969,0.0,4.0,21.529999999999745,1595813,8,6983,6982,30.480000000000018,446.43270000002144,0.344,17.440454545454568,16.882865439348894,1,1595746,0.0,1.0,443.2427000000214,0.2,2895.7,1595948,2926.08,2895.7,0,2025-03-07 16:55:00,2025-03-07 20:00:00,2025-03-07 17:07:00,2025-03-07 16:00:00,185.0,2,4.0,21.529999999999745,-18.33999999999969,-0.6017060367453964,0.13123359580052485,0.7063648293963167,22.33999999999969,558.4999999999923,MA18_exit,16,4,London/NY,0
1599463,1601859,1,2922.15,2985.78,2901.82,2985.88,0.01,60.15640000000011,-3.4736000000000002,71.69000000000005,16.389999999999873,1601808,5,6999,6994,20.329999999999927,506.5891000000216,0.37,14.002272727272755,24.182729761176322,5,1598445,1.0,1.0,430.04270000002157,0.2,2985.88,1599730,2922.05,2901.82,0,2025-03-12 10:58:00,2025-03-14 06:54:00,2025-03-14 06:03:00,2025-03-11 16:00:00,2636.0,12,71.69000000000005,16.389999999999873,63.63000000000011,2.9589965568126084,3.5263157894736996,0.8061977373339858,11.533599999999943,16.088157344120425,SL_trailing,10,2,London,4
1602170,1608525,1,2999.4,3027.78,2932.77,2999.5,0.01,22.301200000000108,-6.0788,57.83999999999969,21.320000000000164,1607130,8,7012,7011,66.63000000000011,528.8903000000216,0.38200000000000006,13.5368181818182,55.01708536022142,2,1602165,1.0,1.0,485.26910000002135,0.2,2999.5,1602485,2999.3,2932.77,0,2025-03-14 12:05:00,2025-03-21 08:00:00,2025-03-20 06:45:00,2025-03-14 12:00:00,9835.0,30,57.83999999999969,21.320000000000164,28.38000000000011,0.3347020861473821,0.8680774425934203,0.3199759867927379,35.53879999999958,61.443291839557006,MA18_exit,12,4,London,0
1614045,1616289,1,3041.08,3099.92,3012.12,3100.02,0.01,57.10320000000014,-1.7368000000000001,65.55999999999995,7.779999999999745,1616288,5,7066,7065,28.960000000000036,585.9935000000218,0.38200000000000006,12.282272727272687,27.384826291990137,5,1614045,1.0,1.0,521.1103000000219,0.2,3100.02,1614265,3040.98,3012.12,0,2025-03-27 12:00:00,2025-03-31 05:24:00,2025-03-31 05:23:00,2025-03-27 12:00:00,5364.0,11,65.55999999999995,7.779999999999745,58.840000000000146,1.9717955801104996,2.263812154696128,0.26864640883976987,8.456799999999802,12.899328859060113,SL_trailing,12,3,London,0
1616498,1618482,1,3115.7799999999997,3115.78,3012.12,3115.88,0.01,-0.8683999999995453,-0.8684000000000001,33.0600000000004,16.09999999999991,1617862,2,7077,7076,103.65999999999985,585.1251000000223,0.39,15.43454545454539,70.516935605098,2,1616445,1.0,1.0,569.8935000000218,0.2,3115.88,1616971,3115.68,3012.12,0,2025-03-31 08:53:00,2025-04-01 18:58:00,2025-04-01 08:38:00,2025-03-31 08:00:00,2045.0,9,33.0600000000004,16.09999999999991,4.547473508864641e-13,-0.008377387613346967,0.31892726220336143,0.15531545437005528,33.92839999999995,102.62673926194657,SL_breakeven,8,0,London,0
1620132,1620938,1,3137.02,3100.56,3100.66,3100.66,0.01,-39.06520000000003,-2.6052,30.5300000000002,48.940000000000055,1620272,1,7092,7085,36.36000000000013,546.0599000000223,0.363,19.570454545454552,46.148583213091065,1,1618544,0.0,1.0,536.1851000000222,0.2,3100.66,1620938,3136.92,3099.68,0,2025-04-02 23:29:00,2025-04-03 13:58:00,2025-04-03 02:52:00,2025-04-01 20:00:00,869.0,5,30.5300000000002,48.940000000000055,-36.460000000000036,-1.0744004400440015,0.8396589658965922,1.3459845984598429,69.59520000000023,227.9567638388463,SL_initial,23,2,Sydney,6
1626469,1629192,1,3052.33,3218.85,2969.6,3218.95,0.01,163.0464,-3.4736000000000002,184.99000000000024,9.889999999999873,1629163,5,7120,7119,82.73000000000002,709.1063000000222,0.38200000000000006,36.73090909090909,25.131306409405955,5,1626331,1.0,1.0,536.1699000000224,0.2,3218.95,1626562,3052.23,2969.6,0,2025-04-09 14:18:00,2025-04-11 13:43:00,2025-04-11 13:14:00,2025-04-09 12:00:00,2845.0,13,184.9900000000002,9.889999999999873,166.52,1.970825577178774,2.236069140577785,0.1195455094886966,21.943600000000202,11.862046597113453,SL_trailing,14,2,London/NY,0
1630058,1636255,1,3245.12,3405.02,2969.6,3405.12,0.01,154.6896000000001,-5.210400000000001,179.0999999999999,51.79999999999973,1636229,5,7136,7133,275.52,863.7959000000224,0.39,34.1677272727273,55.21520574587799,5,1629569,1.0,1.0,657.3063000000225,0.2,3405.12,1630724,3245.02,2969.6,0,2025-04-14 05:10:00,2025-04-21 16:34:00,2025-04-21 16:08:00,2025-04-11 20:00:00,10764.0,28,179.09999999999994,51.79999999999973,159.9000000000001,0.5614459930313592,0.6500435540069684,0.18800813008129982,24.41039999999984,13.62948073701834,SL_trailing,5,0,Asia,2
1636590,1637591,1,3430.12,3430.12,3283.34,3430.22,0.01,-0.8684000000000001,-0.8684000000000001,69.80000000000018,19.039999999999964,1637198,2,7164,7163,146.77999999999975,862.9275000000224,0.38200000000000006,25.964090909090952,51.308405489691054,2,1636461,1.0,1.0,844.7559000000224,0.2,3430.22,1636823,3430.02,3283.34,0,2025-04-21 22:09:00,2025-04-22 15:51:00,2025-04-22 09:18:00,2025-04-21 20:00:00,1062.0,5,69.80000000000018,19.039999999999964,0.0,-0.00591633737566427,0.4755416269246512,0.12971794522414495,70.66840000000018,101.24412607449855,SL_breakeven,22,0,Sydney,0
1650369,1653742,1,3328.52,3328.52,3222.4,3328.62,0.01,-4.3420000000000005,-4.3420000000000005,109.13999999999987,7.4099999999998545,1651850,2,7224,7223,106.11999999999989,858.5855000000224,0.38200000000000006,28.08636363636364,35.316551915736085,2,1650232,1.0,1.0,855.5175000000226,0.2,3328.62,1650638,3328.42,3222.4,0,2025-05-05 22:17:00,2025-05-08 09:33:00,2025-05-07 01:00:00,2025-05-05 20:00:00,3556.0,16,109.13999999999987,7.4099999999998545,0.0,-0.0409159442140973,1.028458349038824,0.06982661138333832,113.48199999999987,103.9783763972879,SL_breakeven,22,0,Sydney,0
1660574,1661262,-1,3135.12,3222.742,3265.4,3265.4,0.01,-87.6220000000003,0.0,14.538000000000011,87.71000000000004,1660605,8,7269,7268,130.2800000000002,770.9635000000221,0.39,29.13909090909095,43.56801658071833,1,1660542,0.0,1.0,770.8755000000224,0.2,3265.4,1661261,3135.22,3265.4,0,2025-05-15 08:32:00,2025-05-15 20:00:00,2025-05-15 09:03:00,2025-05-15 08:00:00,688.0,4,14.538000000000011,87.71000000000004,-87.6220000000003,-0.672566779244705,0.1115904206324838,0.6732422474669935,102.16000000000031,702.7101389462115,MA18_exit,8,3,London,0
1669225,1671664,1,3345.2999999999997,3298.15,3278.79,3278.79,0.01,-48.88679999999964,-1.7368000000000001,20.500000000000455,53.03999999999951,1669566,8,7306,7298,66.50999999999976,722.0767000000225,0.38200000000000006,23.944090909090907,31.57635092486185,1,1667437,0.0,1.0,717.9235000000226,0.2,3278.79,1671599,3345.2,3204.2,0,2025-05-23 14:49:00,2025-05-27 12:00:00,2025-05-23 20:30:00,2025-05-22 08:00:00,5591.0,13,20.500000000000455,53.03999999999951,-47.149999999999636,-0.7350293188994108,0.30822432716885473,0.7974740640505141,69.3868000000001,338.4721951219442,MA18_exit,14,4,London/NY,7
1677339,1681797,1,3358.85,3354.02,3271.1,3271.1,0.01,-9.171999999999928,-4.3420000000000005,44.32999999999993,26.269999999999982,1681452,8,7342,7341,87.75,712.9047000000226,0.38200000000000006,25.16272727272729,21.13098611942612,1,1677180,0.0,1.0,695.8067000000225,0.2,3271.1,1678864,3358.75,3271.1,0,2025-06-02 14:39:00,2025-06-05 20:00:00,2025-06-05 14:15:00,2025-06-02 12:00:00,4641.0,21,44.32999999999993,26.269999999999982,-4.829999999999927,-0.1045242165242157,0.5051851851851844,0.29937321937321915,53.50199999999985,120.69027746447088,MA18_exit,14,0,London/NY,0
1687395,1690310,1,3344.44,3440.4,3315.24,3440.5,0.01,91.61800000000004,-4.3420000000000005,106.61999999999989,6.190000000000055,1690310,5,7386,7385,29.200000000000273,804.5227000000226,0.38200000000000006,21.114545454545517,17.489903930450083,5,1687313,1.0,1.0,706.7147000000225,0.2,3440.5,1687404,3344.34,3315.24,0,2025-06-11 21:22:00,2025-06-16 01:00:00,2025-06-16 01:00:00,2025-06-11 20:00:00,5978.0,14,106.61999999999989,6.190000000000055,95.96000000000004,3.1376027397259993,3.651369863013661,0.2119863013698629,15.001999999999853,14.070530857249922,SL_trailing,21,2,NewYork,0
1703471,1705329,-1,3269.2200000000003,3303.332,3350.02,3350.02,0.01,-33.716199999999624,0.3958,23.968000000000302,40.511999999999716,1703978,8,7457,7456,80.79999999999973,770.806500000023,0.344,18.51363636363631,27.07665948218235,1,1703471,0.0,1.0,764.0107000000229,0.2,3350.02,1705269,3269.32,3350.02,0,2025-06-27 16:00:00,2025-07-01 01:00:00,2025-06-30 01:28:00,2025-06-27 16:00:00,4860.0,9,23.968000000000302,40.511999999999716,-34.111999999999625,-0.41727970297029376,0.2966336633663414,0.5013861386138596,57.684199999999926,240.67172897195928,MA18_exit,16,4,London/NY,0
1711190,1711984,-1,3304.9,3338.932,3344.9,3344.9,0.01,-33.8340999999997,0.1979,8.318000000000211,35.771999999999935,1711370,8,7490,7489,40.0,736.9724000000233,0.37,15.627727272727249,28.872255578735547,1,1711025,0.0,1.0,735.0345000000231,0.2,3344.9,1711910,3305.0,3344.9,0,2025-07-07 10:45:00,2025-07-08 01:00:00,2025-07-07 13:45:00,2025-07-07 08:00:00,855.0,5,8.318000000000211,35.771999999999935,-34.0319999999997,-0.8458524999999926,0.20795000000000527,0.8942999999999983,42.15209999999991,506.7576340466319,MA18_exit,10,0,London,0
1713458,1714742,-1,3299.0,3313.3819999999996,3345.55,3345.55,0.01,-13.788299999999607,0.5937,16.197999999999865,17.98199999999997,1714000,8,7500,7499,46.55000000000018,723.1841000000237,0.36,16.384090909090943,21.987898614033377,1,1713363,0.0,1.0,718.9904000000233,0.2,3345.55,1714642,3299.1,3345.55,0,2025-07-09 02:35:00,2025-07-10 01:00:00,2025-07-09 11:37:00,2025-07-09 01:00:00,1345.0,7,16.197999999999865,17.98199999999997,-14.381999999999607,-0.29620408163264345,0.3479699248120258,0.3862943071965607,29.986299999999474,185.1234720335827,MA18_exit,2,2,Asia,0
1725856,1728230,1,3401.44,3401.44,3344.8,3401.54,0.01,-0.8684000000000001,-0.8684000000000001,37.2199999999998,18.320000000000164,1727297,2,7554,7552,56.63999999999987,722.3157000000238,0.36,15.045909090909122,29.0433926766382,2,1725535,1.0,1.0,704.8641000000235,0.2,3401.54,1726345,3401.34,3344.8,0,2025-07-22 02:22:00,2025-07-23 18:57:00,2025-07-23 03:24:00,2025-07-21 20:00:00,2435.0,11,37.2199999999998,18.320000000000164,0.0,-0.015331920903954837,0.6571327683615799,0.3234463276836194,38.0883999999998,102.33315421816229,SL_breakeven,2,1,Asia,1
1735287,1737683,-1,3288.32,3334.0099999999998,3333.91,3333.91,0.01,-44.8983999999996,0.7916,19.978000000000065,47.06399999999985,1735345,1,7595,7594,45.58999999999969,677.4173000000242,0.38200000000000006,15.608181818181803,29.25128699954504,1,1735188,0.0,1.0,675.2517000000239,0.2,3333.91,1737683,3288.42,3333.91,0,2025-07-30 21:39:00,2025-08-01 15:37:00,2025-07-30 22:37:00,2025-07-30 20:00:00,2518.0,11,19.978000000000065,47.06399999999985,-45.6899999999996,-0.9848300065803883,0.4382101338012766,1.0323316516780032,64.87639999999966,324.73921313444515,SL_initial,21,2,NewYork,0
1742844,1745253,1,3384.1,3381.34,3358.02,3358.02,0.01,-4.496799999999764,-1.7368000000000001,24.579999999999927,12.559999999999945,1743706,8,7628,7627,26.079999999999927,672.9205000000244,0.38200000000000006,13.336363636363641,17.492470984235606,1,1742742,0.0,1.0,664.8573000000242,0.2,3358.02,1743100,3384.0,3358.02,0,2025-08-07 09:42:00,2025-08-11 04:00:00,2025-08-08 01:05:00,2025-08-07 08:00:00,5418.0,12,24.579999999999927,12.559999999999945,-2.759999999999764,-0.17242331288342702,0.942484662576687,0.48159509202453915,29.076799999999693,118.29454841334329,MA18_exit,9,3,London,0
1753110,1755626,-1,3331.51,3343.104,3358.22,3358.22,0.01,-11.198199999999597,0.3958,19.860000000000127,14.031999999999698,1754935,8,7673,7672,26.70999999999958,661.7223000000248,0.38200000000000006,14.270454545454538,16.33939522601358,1,1753108,0.0,1.0,658.8885000000247,0.2,3358.22,1754091,3331.61,3358.22,0,2025-08-18 20:02:00,2025-08-20 16:00:00,2025-08-20 04:29:00,2025-08-18 20:00:00,2638.0,12,19.860000000000127,14.031999999999698,-11.593999999999596,-0.41925121677273575,0.7435417446649359,0.5253463122426026,31.058199999999722,156.38569989929266,MA18_exit,20,0,NewYork,0
1758336,1758445,-1,3325.06,3348.04,3347.94,3347.94,0.01,-22.980000000000018,0.0,3.675999999999931,25.184000000000196,1758357,1,7695,7694,22.88000000000011,638.7423000000248,0.344,10.429090909090787,21.635834774164316,1,1758144,0.0,1.0,636.5383000000246,0.2,3347.94,1758445,3325.16,3347.94,0,2025-08-22 15:12:00,2025-08-22 17:01:00,2025-08-22 15:33:00,2025-08-22 12:00:00,109.0,2,3.675999999999931,25.184000000000196,-22.980000000000018,-1.0043706293706254,0.1606643356643319,1.100699300699304,26.65599999999995,725.1360174102408,SL_initial,15,4,London/NY,0
1761303,1765700,1,3384.58,3446.19,3359.5,3446.29,0.01,57.26800000000013,-4.3420000000000005,68.98000000000002,10.920000000000073,1765691,5,7708,7705,25.079999999999927,696.0103000000249,0.344,13.579545454545372,19.901853847714605,5,1760662,1.0,1.0,627.8223000000247,0.2,3446.29,1762176,3384.48,3359.5,0,2025-08-26 18:41:00,2025-08-29 23:03:00,2025-08-29 22:54:00,2025-08-26 08:00:00,4582.0,20,68.98000000000002,10.920000000000073,61.61000000000013,2.283413078149932,2.7503987240829435,0.43540669856459746,11.71199999999989,16.978834444766434,SL_trailing,18,1,NewYork,2
1765994,1768129,1,3453.66,3521.9100000000003,3404.18,3522.01,0.01,67.38160000000046,-0.8684000000000001,74.90000000000009,2.2599999999997635,1768103,5,7729,7727,49.48000000000002,763.3919000000254,0.39,13.101363636363699,22.243049463521114,5,1765756,1.0,1.0,693.7503000000252,0.2,3522.01,1765994,3453.56,3404.18,0,2025-09-01 04:58:00,2025-09-02 20:04:00,2025-09-02 19:38:00,2025-09-01 01:00:00,2346.0,11,74.90000000000009,2.2599999999997635,68.25000000000045,1.3617946645109222,1.5137429264349245,0.04567502021018114,7.51839999999963,10.037917222963447,SL_trailing,4,0,Asia,1
1768507,1770020,1,3539.95,3539.9500000000003,3469.8,3540.05,0.01,-2.605199999999545,-2.6052,38.23000000000002,13.4399999999996,1769577,2,7740,7739,70.14999999999964,760.7867000000259,0.39799999999999996,18.595000000000027,53.23238121244337,2,1768364,1.0,1.0,749.9519000000258,0.2,3540.05,1768839,3539.85,3469.8,0,2025-09-03 03:23:00,2025-09-04 05:37:00,2025-09-03 21:13:00,2025-09-03 01:00:00,1574.0,8,38.23000000000002,13.4399999999996,4.547473508864641e-13,-0.03713756236635152,0.5449750534568812,0.19158945117604662,40.83519999999956,106.81454355218294,SL_breakeven,3,2,Asia,0
1771992,1774843,1,3563.25,3663.07,3510.42,3663.17,0.01,98.08320000000016,-1.7368000000000001,110.38999999999987,11.230000000000018,1774840,5,7755,7747,52.82999999999993,858.8699000000261,0.344,20.947272727272797,40.201094388781186,5,1770163,1.0,1.0,749.5567000000259,0.2,3663.17,1771992,3563.15,3469.8,0,2025-09-05 15:30:00,2025-09-09 17:03:00,2025-09-09 17:00:00,2025-09-04 08:00:00,5853.0,14,110.38999999999987,11.230000000000018,99.82000000000016,1.8565814877910334,2.089532462615938,0.2125686163164875,12.306799999999711,11.148473593622363,SL_trailing,15,4,London/NY,7
1780927,1782814,1,3685.44,3664.58,3626.15,3626.15,0.01,-21.72840000000013,-0.8684000000000001,17.389999999999873,23.200000000000273,1781753,8,7794,7792,59.289999999999964,837.141500000026,0.39799999999999996,16.090454545454516,26.420001385621124,1,1780536,0.0,1.0,835.6699000000258,0.2,3626.15,1782796,3685.34,3626.15,0,2025-09-16 03:32:00,2025-09-17 12:00:00,2025-09-16 17:18:00,2025-09-15 20:00:00,1948.0,10,17.389999999999873,23.200000000000273,-20.860000000000127,-0.3664766402428764,0.2933040984989017,0.3912970146736429,39.1184,224.9476710753323,MA18_exit,3,1,Asia,1
1783354,1783355,1,3688.45,3678.52,3678.62,3678.62,0.01,-9.929999999999836,0.0,8.470000000000255,35.34999999999991,1783354,1,7805,7804,9.829999999999927,827.2115000000261,0.38200000000000006,16.008636363636302,27.939421441093916,1,1783294,0.0,1.0,801.7915000000261,0.2,3678.62,1783355,3688.35,3678.62,0,2025-09-17 21:00:00,2025-09-17 21:01:00,2025-09-17 21:00:00,2025-09-17 20:00:00,1.0,1,8.470000000000255,35.34999999999991,-9.929999999999836,-1.0101729399796449,0.8616480162767363,3.596134282807749,18.40000000000009,217.2373081463936,SL_initial,21,2,NewYork,0
1786733,1790189,1,3697.4,3735.5,3631.94,3697.5,0.01,36.36319999999991,-1.7368000000000001,93.46000000000004,2.0799999999999272,1788354,8,7820,7819,65.46000000000004,863.574700000026,0.39,19.86363636363632,27.715410971386568,2,1786711,1.0,1.0,825.1315000000262,0.2,3697.5,1786776,3697.3,3631.94,0,2025-09-22 08:22:00,2025-09-24 20:00:00,2025-09-23 12:24:00,2025-09-22 08:00:00,3578.0,16,93.46000000000004,2.0799999999999272,38.09999999999991,0.5555025970058033,1.4277421326000608,0.03177512985028912,57.09680000000013,61.092231970896755,MA18_exit,8,0,London,0
1793611,1795202,1,3808.8399999999997,3808.84,3721.92,3808.94,0.01,-0.8683999999995453,-0.8684000000000001,62.66000000000031,8.039999999999509,1795055,2,7850,7849,86.91999999999962,862.7063000000265,0.39,23.2736363636363,26.62326311554217,2,1793606,1.0,1.0,855.5347000000265,0.2,3808.94,1793648,3808.74,3721.92,0,2025-09-29 08:05:00,2025-09-30 11:37:00,2025-09-30 09:10:00,2025-09-29 08:00:00,1652.0,7,62.66000000000031,8.039999999999509,4.547473508864641e-13,-0.009990796134371252,0.7208927749654922,0.09249884951679181,63.528399999999856,101.38589211618184,SL_breakeven,8,0,London,0
1796189,1798463,1,3871.6,3844.44,3792.88,3792.88,0.01,-29.765199999999854,-2.6052,25.360000000000127,52.5,1798254,8,7861,7856,78.7199999999998,832.9411000000267,0.39,25.60363636363629,50.95126927251095,1,1795225,0.0,1.0,810.2063000000265,0.2,3792.88,1798381,3871.5,3721.92,0,2025-10-01 05:05:00,2025-10-02 20:00:00,2025-10-02 16:31:00,2025-09-30 12:00:00,2335.0,11,25.360000000000127,52.5,-27.159999999999854,-0.3781148373983731,0.3221544715447179,0.6669207317073188,55.12519999999998,217.37066246056665,MA18_exit,5,2,Asia,4
1800085,1803336,1,3891.58,4022.84,3837.78,4022.94,0.01,129.52320000000023,-1.7368000000000001,145.20000000000027,8.329999999999927,1803299,5,7878,7876,53.79999999999973,962.4643000000269,0.332,26.312272727272703,35.89263555140774,5,1799842,1.0,1.0,824.6111000000268,0.2,4022.94,1800091,3891.48,3837.78,0,2025-10-06 01:04:00,2025-10-08 09:17:00,2025-10-08 08:40:00,2025-10-03 20:00:00,3373.0,15,145.20000000000027,8.329999999999927,131.26000000000022,2.407494423791838,2.698884758364331,0.15483271375464627,15.676800000000043,10.796694214876043,SL_trailing,1,0,Asia,1
1808443,1812328,1,4117.1,4278.37,3943.79,4278.47,0.01,157.79639999999952,-3.4736000000000002,181.29999999999927,27.300000000000182,1812290,5,7914,7912,173.3100000000004,1120.2607000000264,0.36,35.829090909090944,49.92375974817696,5,1808116,1.0,1.0,935.1643000000267,0.2,4278.47,1808881,4117.0,3943.79,0,2025-10-14 02:28:00,2025-10-16 21:15:00,2025-10-16 20:37:00,2025-10-13 20:00:00,4007.0,18,181.29999999999927,27.300000000000182,161.26999999999953,0.9104864116323302,1.0461023599330612,0.1575212047775669,23.50359999999975,12.963927192498536,SL_trailing,2,1,Asia,1
1812912,1813052,1,4377.1,4327.0,4089.8,4089.8,0.01,-50.100000000000364,0.0,1.3599999999996726,68.8700000000008,1812912,15,7934,7933,574.6000000000004,1070.160700000026,0.39,42.84727272727276,72.88327294206991,1,1812912,0.0,1.0,1120.2607000000264,0.2,4089.8,1813052,4377.0,4089.8,1,2025-10-17 08:00:00,2025-10-17 10:20:00,2025-10-17 08:00:00,2025-10-17 08:00:00,140.0,1,1.3599999999996726,68.8700000000008,-50.100000000000364,-0.08719108945353347,0.0023668639053248727,0.11985729202923905,51.460000000000036,3783.8235294126785,partial_loss,8,4,London,0
1812912,1813632,1,4377.1,4204.44,4089.8,4089.8,0.01,-172.66000000000076,0.0,1.3599999999996726,177.03999999999996,1812912,8,7934,7933,574.6000000000004,897.5007000000253,0.39,42.84727272727276,72.88327294206991,1,1812912,0.0,1.0,893.1207000000261,0.2,4089.8,1813628,4377.0,4089.8,0,2025-10-17 08:00:00,2025-10-17 20:00:00,2025-10-17 08:00:00,2025-10-17 08:00:00,720.0,4,1.3599999999996726,177.03999999999996,-172.66000000000076,-0.3004872955099211,0.0023668639053248727,0.3081099895579531,174.02000000000044,12795.58823529723,MA18_exit,8,4,London,0
1815100,1815910,1,4355.4400000000005,4273.74,4185.42,4185.42,0.01,-82.56840000000072,-0.8684000000000001,25.859999999999673,111.36000000000058,1815190,8,7943,7942,170.02000000000044,814.9323000000246,0.38200000000000006,53.49545454545453,39.52955655083206,1,1815011,0.0,1.0,786.1407000000247,0.2,4185.42,1815864,4355.34,4185.42,0,2025-10-20 21:29:00,2025-10-21 12:00:00,2025-10-20 22:59:00,2025-10-20 20:00:00,871.0,5,25.859999999999673,111.36000000000058,-81.70000000000073,-0.48563933654864433,0.15209975297023648,0.6549817668509604,108.4284000000004,419.290023201863,MA18_exit,21,0,NewYork,0
1825630,1828925,1,4000.7,3987.1,3915.06,3915.06,0.01,-16.20519999999991,-2.6052,42.14000000000033,38.379999999999654,1826103,8,7990,7989,85.63999999999987,798.7271000000247,0.344,47.20363636363636,19.90706250672696,1,1825626,0.0,1.0,776.552300000025,0.2,3915.06,1827446,4000.6,3915.06,0,2025-10-30 16:04:00,2025-11-04 04:00:00,2025-10-31 01:57:00,2025-10-30 16:00:00,6476.0,16,42.14000000000033,38.379999999999654,-13.599999999999909,-0.18922466137318933,0.49205978514713206,0.4481550677253586,58.34520000000023,138.45562411010863,MA18_exit,16,3,London/NY,0
1837059,1840437,1,4143.06,4169.0,3983.86,4143.16,0.01,22.4663999999996,-3.4736000000000002,101.85999999999967,44.400000000000546,1839237,8,8040,8038,159.20000000000027,821.1935000000243,0.332,27.49499999999995,60.96922325529199,2,1836780,1.0,1.0,754.3271000000242,0.2,4143.16,1837412,4142.96,3983.86,0,2025-11-12 01:40:00,2025-11-14 12:00:00,2025-11-13 14:59:00,2025-11-11 20:00:00,3500.0,16,101.85999999999967,44.400000000000546,25.9399999999996,0.14112060301507262,0.639824120603012,0.278894472361812,79.39360000000008,77.94384449244093,MA18_exit,1,2,Asia,1
1850970,1856681,1,4150.76,4191.589999999999,4109.42,4150.86,0.01,35.61959999999902,-5.210400000000001,113.61999999999989,15.079999999999927,1855524,8,8100,8099,41.340000000000146,856.8131000000233,0.39799999999999996,36.75818181818183,35.97799001193393,2,1850809,1.0,1.0,806.1135000000244,0.2,4150.86,1851769,4150.66,4109.42,0,2025-11-26 03:41:00,2025-12-02 12:00:00,2025-12-01 15:42:00,2025-11-26 01:00:00,9139.0,28,113.61999999999989,15.079999999999927,40.82999999999902,0.8616255442670269,2.7484276729559625,0.36477987421383345,78.00040000000087,68.65023763422015,MA18_exit,3,2,Asia,0
1866579,1867985,1,4240.660000000001,4341.259999999999,4181.56,4341.36,0.01,99.73159999999855,-0.8684000000000001,112.65999999999894,14.6800000000012,1867978,5,8170,8167,59.100000000000364,956.5447000000219,0.344,22.15272727272734,13.308087758744804,5,1866062,1.0,1.0,842.1331000000221,0.2,4341.36,1866603,4240.56,4181.56,0,2025-12-11 16:37:00,2025-12-12 17:04:00,2025-12-12 16:57:00,2025-12-11 08:00:00,1467.0,7,112.65999999999894,14.6800000000012,100.59999999999854,1.6875059221657858,1.9062605752960786,0.24839255499155855,12.928400000000394,11.475590271614163,SL_trailing,16,3,London/NY,2
1873566,1876816,1,4348.780000000001,4472.73,4306.3,4472.83,0.01,121.34479999999891,-2.6052,137.65999999999894,40.0600000000004,1876805,5,8200,8194,42.48000000000047,1077.8895000000207,0.344,26.5318181818183,30.14157643554641,5,1872298,1.0,1.0,916.4847000000213,0.2,4472.83,1874069,4348.68,4271.12,0,2025-12-18 18:10:00,2025-12-23 03:23:00,2025-12-23 03:12:00,2025-12-17 20:00:00,6313.0,15,137.65999999999894,40.0600000000004,123.94999999999891,2.8565160075328992,3.2405838041430655,0.9430320150659123,16.315200000000033,11.851808804300564,SL_trailing,18,3,NewYork,5
1877532,1877616,1,4497.4400000000005,4447.34,4319.53,4319.53,0.01,-50.100000000000364,0.0,-0.2600000000002183,50.02000000000044,1877532,15,8217,8215,355.8200000000015,1027.7895000000203,0.344,25.89772727272719,64.08710618564494,1,1877093,0.0,1.0,1077.8895000000207,0.2,4319.53,1877616,4497.34,4319.53,1,2025-12-23 15:19:00,2025-12-23 16:43:00,2025-12-23 15:19:00,2025-12-23 08:00:00,84.0,2,0.0,50.02000000000044,-50.100000000000364,-0.14080152886290864,0.0,0.14057669608228943,50.100000000000364,,partial_loss,15,1,London/NY,1
1877532,1880693,1,4497.4400000000005,4497.44,4319.53,4497.54,0.01,-4.34200000000091,-4.3420000000000005,52.279999999999745,67.46000000000095,1880260,2,8217,8215,355.8200000000015,1023.4475000000194,0.344,25.89772727272719,64.08710618564494,2,1877093,1.0,1.0,960.3295000000194,0.2,4497.54,1877636,4497.34,4319.53,0,2025-12-23 15:19:00,2025-12-29 02:22:00,2025-12-26 18:08:00,2025-12-23 08:00:00,7863.0,16,52.279999999999745,67.46000000000095,-9.094947017729282e-13,-0.012202799168121217,0.1469282221347859,0.18959024225732296,56.622000000000654,108.30527926549527,SL_breakeven,15,1,London/NY,1
1886548,1887758,1,4414.4400000000005,4464.34,4309.62,4309.62,0.01,49.899999999999636,0.0,50.8799999999992,18.400000000000546,1887758,14,8258,8257,209.64000000000124,1073.347500000019,0.52,45.90227272727279,18.732156738824457,1,1886547,0.0,1.0,1023.4475000000193,0.2,4309.62,1886997,4414.34,4309.62,1,2026-01-05 08:01:00,2026-01-06 05:12:00,2026-01-06 05:12:00,2026-01-05 08:00:00,1271.0,6,50.8799999999992,18.400000000000546,49.899999999999636,0.2380270940660148,0.24270177447051564,0.08776950963556782,0.9799999999995634,1.9261006289299898,partial_close,8,0,London,0
1886548,1890444,1,4414.4400000000005,4447.96,4309.62,4309.62,0.01,28.309599999999527,-5.2104,85.90999999999985,18.400000000000546,1888912,8,8258,8257,209.64000000000124,1101.6571000000185,0.52,45.90227272727279,18.732156738824457,1,1886547,0.0,1.0,1054.9475000000184,0.2,4309.62,1886997,4414.34,4309.62,0,2026-01-05 08:01:00,2026-01-08 04:00:00,2026-01-07 01:27:00,2026-01-05 08:00:00,4079.0,18,85.90999999999985,18.400000000000546,33.51999999999953,0.13503911467276933,0.40979774852127143,0.08776950963556782,57.60040000000033,67.04737516005171,MA18_exit,8,0,London,0
1893022,1893114,1,4520.950000000001,4570.85,4407.48,4407.48,0.01,49.899999999999636,0.0,56.70999999999913,9.050000000001091,1893114,14,8286,8284,226.94000000000233,1151.5571000000182,0.55,30.55590909090903,30.87174997432313,1,1892783,0.0,1.0,1101.6571000000185,0.2,4407.48,1893023,4516.9,4407.48,1,2026-01-12 01:00:00,2026-01-12 02:32:00,2026-01-12 02:32:00,2026-01-09 20:00:00,92.0,1,56.70999999999913,9.050000000001091,49.899999999999636,0.21988190711200814,0.24988983872388537,0.03987838195118092,6.809999999999491,12.008464115675535,partial_close,1,0,Asia,1
1893022,1897339,1,4520.950000000001,4599.65,4407.48,4521.05,0.01,74.35799999999891,-4.3420000000000005,121.74999999999909,9.050000000001091,1896982,8,8286,8284,226.94000000000233,1225.915100000017,0.55,30.55590909090903,30.87174997432313,2,1892783,1.0,1.0,1142.507100000017,0.2,4521.05,1893023,4516.9,4407.48,0,2026-01-12 01:00:00,2026-01-15 04:00:00,2026-01-14 21:02:00,2026-01-09 20:00:00,4500.0,20,121.74999999999909,9.050000000001091,78.69999999999891,0.3276548867542,0.5364854146470338,0.03987838195118092,47.39200000000018,38.9256673511298,MA18_exit,1,0,Asia,1
1902286,1902663,1,4762.3,4812.2,4659.24,4659.24,0.01,49.899999999999636,0.0,51.31999999999971,15.25,1902663,14,8327,8326,206.1200000000008,1275.8151000000166,0.51,31.99318181818171,32.92863835143123,1,1902285,0.0,1.0,1225.915100000017,0.2,4659.24,1902429,4762.2,4659.24,1,2026-01-20 20:01:00,2026-01-21 03:19:00,2026-01-21 03:19:00,2026-01-20 20:00:00,438.0,2,51.31999999999971,15.25,49.899999999999636,0.2420919852513072,0.24898117601397007,0.07398602755676276,1.4200000000000728,2.766952455183322,partial_close,20,1,NewYork,0
1902286,1903770,1,4762.3,4762.299999999999,4659.24,4762.4,0.01,-1.7368000000009096,-1.7368000000000001,125.77999999999975,15.25,1902971,2,8327,8326,206.1200000000008,1274.0783000000158,0.51,31.99318181818171,32.92863835143123,2,1902285,1.0,1.0,1260.5651000000166,0.2,4762.4,1902429,4762.2,4659.24,0,2026-01-20 20:01:00,2026-01-21 21:46:00,2026-01-21 08:27:00,2026-01-20 20:00:00,1545.0,7,125.77999999999975,15.25,-9.094947017729282e-13,-0.008426159518731335,0.6102270522025969,0.07398602755676276,127.51680000000066,101.38082366036008,SL_breakeven,20,1,NewYork,0
1904890,1905032,1,4853.9800000000005,4903.88,4755.34,4755.34,0.01,49.899999999999636,0.0,50.839999999999236,3.780000000000655,1905032,14,8338,8333,197.28000000000065,1323.9783000000155,0.51,42.10227272727277,38.351134892637795,1,1903903,0.0,1.0,1274.0783000000158,0.2,4755.34,1904891,4853.88,4659.24,1,2026-01-22 17:27:00,2026-01-22 19:49:00,2026-01-22 19:49:00,2026-01-22 01:00:00,142.0,1,50.839999999999236,3.780000000000655,49.899999999999636,0.25293998377939714,0.25770478507704314,0.019160583941609095,0.9399999999995998,1.8489378442163924,partial_close,17,3,NewYork,4
1904890,1906953,1,4853.9800000000005,5069.87,4755.34,5069.97,0.01,214.15319999999943,-1.7368000000000001,238.79999999999927,3.780000000000655,1906872,5,8338,8333,197.28000000000065,1538.131500000015,0.51,42.10227272727277,38.351134892637795,5,1903903,1.0,1.0,1320.1983000000148,0.2,5069.97,1904891,4853.88,4659.24,0,2026-01-22 17:27:00,2026-01-26 05:52:00,2026-01-26 04:31:00,2026-01-22 01:00:00,5065.0,10,238.79999999999927,3.780000000000655,215.88999999999942,1.0855291970802854,1.2104622871046151,0.019160583941609095,24.646799999999843,10.321105527638156,SL_trailing,17,3,NewYork,4
1907125,1907864,1,5092.88,5042.78,4899.54,4899.54,0.01,-50.100000000000364,0.0,18.0,55.340000000000146,1907132,15,8348,8347,580.0200000000004,1488.0315000000146,0.52,51.8736363636365,53.710496927349546,1,1907081,0.0,1.0,1538.131500000015,0.2,4899.54,1907864,5092.78,4899.54,2,2026-01-26 08:44:00,2026-01-26 21:03:00,2026-01-26 08:51:00,2026-01-26 08:00:00,739.0,4,18.0,55.340000000000146,-50.100000000000364,-0.0863763318506264,0.031033412640943392,0.09541050308610066,68.10000000000036,378.33333333333536,partial_loss,8,0,London,0
1907125,1909314,1,5092.88,5142.78,4899.54,4899.54,0.01,49.899999999999636,0.0,50.279999999999745,103.07999999999993,1909314,14,8348,8347,580.0200000000004,1537.9315000000142,0.52,51.8736363636365,53.710496927349546,1,1907081,0.0,1.0,1488.0315000000146,0.2,4899.54,1908017,5092.78,4899.54,2,2026-01-26 08:44:00,2026-01-27 22:14:00,2026-01-27 22:14:00,2026-01-26 08:00:00,2250.0,10,50.279999999999745,103.07999999999993,49.899999999999636,0.08603151615461467,0.08668666597703477,0.17771800972380236,0.38000000000010914,0.7557677008753203,partial_close,8,0,London,0
1907125,1910837,1,5092.88,5550.2,4899.54,5550.3,0.009999999999999997,452.10959999999955,-5.210399999999998,483.3599999999997,103.07999999999993,1910836,5,8348,8347,580.0200000000004,1990.0411000000138,0.52,51.8736363636365,53.710496927349546,5,1907081,1.0,1.0,1434.8515000000143,0.2,5550.3,1908017,5092.78,4899.54,0,2026-01-26 08:44:00,2026-01-29 01:39:00,2026-01-29 01:38:00,2026-01-26 08:00:00,3895.0,17,483.35999999999956,103.0799999999999,457.31999999999954,0.7794724319851026,0.8333505741181325,0.1777180097238023,31.250400000000013,6.465243296921558,SL_trailing,8,0,London,0
1923900,1924070,1,5078.58,5028.48,4998.69,4998.69,0.01,-50.100000000000364,0.0,40.23000000000047,60.57999999999993,1923980,15,8421,8416,239.67000000000098,1939.9411000000134,0.51,66.57636363636352,24.224396862593462,1,1922961,0.0,1.0,1990.0411000000138,0.2,4998.69,1924070,5078.48,4985.75,2,2026-02-11 12:40:00,2026-02-11 15:30:00,2026-02-11 14:00:00,2026-02-10 20:00:00,170.0,1,40.23000000000047,60.57999999999993,-50.100000000000364,-0.20903742646138507,0.16785580172737644,0.2527642174656806,90.33000000000084,224.53392990305687,partial_loss,12,2,London,4
1923900,1925612,1,5078.58,4998.589999999999,4998.69,4998.69,0.019999999999999997,-165.19040000000135,-5.210399999999999,40.23000000000047,95.5,1923980,1,8421,8416,239.67000000000098,1774.750700000012,0.51,66.57636363636352,24.224396862593462,1,1922961,0.0,1.0,1748.9411000000134,0.2,4998.69,1925612,5078.48,4985.75,0,2026-02-11 12:40:00,2026-02-12 18:13:00,2026-02-11 14:00:00,2026-02-10 20:00:00,1773.0,8,80.46000000000093,190.99999999999997,-159.98000000000135,-0.6892410397630102,0.3357116034547528,0.7969291108607635,245.65040000000226,305.3074819786222,SL_initial,12,2,London,4
1931776,1933655,1,5010.910000000001,5060.81,4840.1,4840.1,0.01,49.899999999999636,0.0,52.789999999999054,48.27000000000044,1933655,14,8456,8452,512.4300000000012,1824.6507000000117,0.52,49.165000000000006,30.731186684503122,1,1931076,0.0,1.0,1774.750700000012,0.2,4840.1,1932249,5010.81,4840.1,2,2026-02-19 08:41:00,2026-02-20 17:01:00,2026-02-20 17:01:00,2026-02-18 20:00:00,1940.0,9,52.789999999999054,48.27000000000044,49.899999999999636,0.09737915422594212,0.1030189489296078,0.09419823195363332,2.889999999999418,5.474521689712956,partial_close,8,3,London,3
1931776,1938209,1,5010.910000000001,5157.799999999999,4840.1,5011.01,0.019999999999999997,280.75399999999695,-13.025999999999998,238.66999999999916,48.27000000000044,1935467,8,8456,8452,512.4300000000012,2105.4047000000087,0.52,49.165000000000006,30.731186684503122,2,1931076,1.0,1.0,1728.1107000000109,0.2,5011.01,1932249,5010.81,4840.1,0,2026-02-19 08:41:00,2026-02-26 01:00:00,2026-02-24 01:15:00,2026-02-18 20:00:00,9619.0,29,477.33999999999827,96.54000000000086,293.77999999999696,0.5478875163436885,0.9315223542727732,0.1883964639072666,196.58600000000132,41.18364268655508,MA18_exit,8,3,London,3
1940869,1940967,1,5257.5,5372.099999999999,5129.5,5129.5,0.02,229.1999999999989,0.0,120.88000000000011,3.199999999999818,1940967,14,8495,8494,512.0,2334.6047000000076,0.51,44.034090909091034,18.37630374405437,1,1940728,0.0,1.0,2105.4047000000087,0.2,5129.5,1940886,5257.4,5129.5,3,2026-02-27 22:21:00,2026-03-02 01:00:00,2026-03-02 01:00:00,2026-02-27 20:00:00,3039.0,2,241.76000000000022,6.399999999999636,229.1999999999989,0.44765624999999787,0.4721875000000004,0.01249999999999929,12.56000000000131,5.1952349437464,partial_close,22,4,Sydney,0
1940869,1942970,1,5257.5,5257.5,5129.5,5257.6,0.02,-5.2104,-5.2104,161.3800000000001,11.899999999999636,1941466,2,8495,8494,512.0,2329.3943000000077,0.51,44.034090909091034,18.37630374405437,2,1940728,1.0,1.0,2310.8047000000083,0.2,5257.6,1942970,5257.4,5129.5,0,2026-02-27 22:21:00,2026-03-03 11:25:00,2026-03-02 09:20:00,2026-02-27 20:00:00,5104.0,10,322.7600000000002,23.799999999999272,0.0,-0.0101765625,0.6303906250000004,0.04648437499999858,327.9704000000002,101.61432643450242,SL_breakeven,22,4,Sydney,0
1957794,1957880,-1,4973.4,4923.5,5044.35,5044.35,0.02,99.79999999999927,0.0,50.98999999999978,7.630000000001019,1957880,14,8571,8566,283.8000000000029,2429.194300000007,0.51,42.78227272727277,40.059988264177264,1,1956919,0.0,1.0,2329.3943000000077,0.2,5044.35,1957794,4973.5,5044.35,3,2026-03-18 12:35:00,2026-03-18 14:01:00,2026-03-18 14:01:00,2026-03-17 20:00:00,86.0,1,101.97999999999956,15.260000000002037,99.79999999999927,0.3516560958421362,0.35933756166313785,0.05377026074701156,2.180000000000291,2.1376740537363212,partial_close,12,2,London,4
1957794,1958905,-1,4973.4,4773.780000000001,5044.35,4773.68,0.02,400.427399999998,1.1874,225.3799999999992,7.630000000001019,1958892,5,8571,8566,283.8000000000029,2829.621700000005,0.51,42.78227272727277,40.059988264177264,5,1956919,1.0,1.0,2413.9343000000054,0.2,4773.68,1957794,4973.5,5044.35,0,2026-03-18 12:35:00,2026-03-19 09:06:00,2026-03-19 08:53:00,2026-03-17 20:00:00,1231.0,6,450.7599999999984,15.260000000002037,399.23999999999796,1.4109492600422617,1.5883016208597385,0.05377026074701156,50.33260000000041,11.166163812228367,SL_trailing,12,2,London,4
1959099,1959202,-1,4686.54,4636.64,5016.06,5016.06,0.02,99.79999999999927,0.0,58.80000000000018,14.430000000000291,1959202,14,8577,8576,1647.6000000000022,2929.4217000000044,0.51,53.02590909090916,51.62305599135496,1,1959079,0.0,1.0,2829.621700000005,0.2,5016.06,1959112,4686.64,5016.06,4,2026-03-19 12:20:00,2026-03-19 14:03:00,2026-03-19 14:03:00,2026-03-19 12:00:00,103.0,1,117.60000000000036,28.860000000000582,99.79999999999927,0.060572954600630696,0.07137654770575395,0.017516387472687876,17.80000000000109,15.13605442176959,partial_close,12,3,London,0
1959099,1959901,-1,4686.54,4686.54,5016.06,4686.44,0.030000000000000002,0.5937,0.5937,183.92000000000007,14.430000000000291,1959261,2,8577,8576,1647.6000000000022,2930.0154000000043,0.51,53.02590909090916,51.62305599135496,2,1959079,1.0,1.0,2886.1317000000035,0.2,4686.44,1959112,4686.64,5016.06,0,2026-03-19 12:20:00,2026-03-20 03:42:00,2026-03-19 15:02:00,2026-03-19 12:00:00,922.0,4,551.7600000000002,43.29000000000087,0.0,0.0003603423160961394,0.3348871085214855,0.026274581209031814,551.1663000000002,99.8923988690735,SL_breakeven,12,3,London,0
1960639,1960663,-1,4612.5199999999995,4562.62,4735.84,4735.84,0.02,99.79999999999927,0.0,51.779999999999745,10.410000000000764,1960663,14,8584,8583,616.6000000000031,3029.8154000000036,0.51,66.58090909090912,42.77571394118788,1,1960639,0.0,1.0,2930.0154000000043,0.2,4735.84,1960646,4612.62,4735.84,4,2026-03-20 16:00:00,2026-03-20 16:24:00,2026-03-20 16:24:00,2026-03-20 16:00:00,24.0,1,103.55999999999949,20.820000000001528,99.79999999999927,0.16185533571196686,0.16795329224780892,0.033765812520274774,3.7600000000002183,3.630745461568402,partial_close,16,4,London/NY,0
1960639,1961494,-1,4612.5199999999995,4310.31,4735.84,4310.21,0.030000000000000002,907.2236999999975,0.5937,342.03999999999905,10.410000000000764,1961486,5,8584,8583,616.6000000000031,3937.039100000001,0.51,66.58090909090912,42.77571394118788,5,1960639,1.0,1.0,2998.585400000001,0.2,4310.21,1960646,4612.62,4735.84,0,2026-03-20 16:00:00,2026-03-23 08:15:00,2026-03-23 08:07:00,2026-03-20 16:00:00,3855.0,5,1026.1199999999972,31.230000000002295,906.6299999999975,1.471332630554643,1.6641582873824068,0.05064871878041216,118.89629999999966,11.586978131212721,SL_trailing,16,4,London/NY,0
1966060,1966273,-1,4416.24,4366.34,4602.12,4602.12,0.03,149.6999999999989,0.0,52.25,5.720000000000255,1966273,14,8608,8607,1301.160000000001,4086.7391,0.51,102.10863636363617,25.815015925392387,1,1965919,0.0,1.0,3937.039100000001,0.2,4602.12,1966060,4416.34,4602.12,6,2026-03-26 18:21:00,2026-03-26 21:54:00,2026-03-26 21:54:00,2026-03-26 16:00:00,213.0,2,156.75,17.160000000000764,149.6999999999989,0.11505118509637462,0.12046942728027289,0.013188232039104146,7.050000000001091,4.497607655503089,partial_close,18,3,NewYork,0
1966060,1966734,-1,4416.24,4466.34,4602.12,4602.12,0.02,-100.20000000000073,0.0,64.72999999999956,50.58000000000084,1966285,15,8608,8607,1301.160000000001,3986.539099999999,0.51,102.10863636363617,25.815015925392387,1,1965919,0.0,1.0,4086.7391,0.2,4602.12,1966734,4416.34,4602.12,6,2026-03-26 18:21:00,2026-03-27 07:35:00,2026-03-26 22:06:00,2026-03-26 16:00:00,794.0,4,129.45999999999913,101.16000000000167,-100.20000000000073,-0.07700820806050036,0.09949583448615007,0.0777460112514999,229.65999999999985,177.39842422369952,partial_loss,18,3,NewYork,0
1966060,1967479,-1,4416.24,4486.990000000001,4602.12,4602.12,0.020000000000000007,-140.7084000000019,0.7916000000000001,64.72999999999956,139.23000000000047,1966285,8,8608,8607,1301.160000000001,3845.8306999999973,0.51,102.10863636363617,25.815015925392387,1,1965919,0.0,1.0,3708.079099999998,0.2,4602.12,1967322,4416.34,4602.12,0,2026-03-26 18:21:00,2026-03-27 20:00:00,2026-03-26 22:06:00,2026-03-26 16:00:00,1539.0,8,129.45999999999918,278.46000000000106,-141.50000000000188,-0.10814073595868438,0.09949583448615011,0.2140090380890904,270.16840000000104,208.68870693650763,MA18_exit,18,3,NewYork,0
1974325,1975212,-1,4651.45,4683.130000000001,4699.64,4699.64,0.07,-220.37470000000843,1.3853,34.909999999998945,39.48000000000047,1974788,8,8645,8644,337.3300000000036,3625.4559999999888,0.51,67.49499999999993,24.021594860783857,1,1974313,0.0,1.0,3569.470699999994,0.2,4699.64,1975175,4651.55,4699.64,0,2026-04-06 20:12:00,2026-04-07 12:00:00,2026-04-07 04:56:00,2026-04-06 20:00:00,948.0,5,244.36999999999264,276.3600000000033,-221.76000000000843,-0.6532911392405243,0.7244241543888478,0.8192571072836698,464.7447000000011,190.1807505012952,MA18_exit,20,0,NewYork,0
1991161,1992284,-1,4723.589999999999,4673.69,4772.16,4772.16,0.03,149.6999999999989,0.0,50.13999999999942,30.520000000000437,1992284,14,8718,8716,339.9900000000044,3775.1559999999877,0.54,38.76136363636363,17.996133386626184,1,1990861,0.0,1.0,3625.4559999999888,0.2,4772.16,1991272,4723.69,4772.16,6,2026-04-23 02:01:00,2026-04-23 20:44:00,2026-04-23 20:44:00,2026-04-22 20:00:00,1123.0,6,150.41999999999825,91.56000000000131,149.6999999999989,0.440307067854928,0.44242477719931855,0.26930203829524435,0.7199999999993452,0.4786597526920313,partial_close,2,3,Asia,1
1991161,1993619,-1,4723.589999999999,4727.27,4772.16,4772.16,0.04000000000000001,-13.928400000004805,0.7916000000000001,65.58999999999924,30.520000000000437,1992870,8,8718,8716,339.9900000000044,3761.227599999983,0.54,38.76136363636363,17.996133386626184,1,1990861,0.0,1.0,3653.075999999986,0.2,4772.16,1991272,4723.69,4772.16,0,2026-04-23 02:01:00,2026-04-24 20:00:00,2026-04-24 07:31:00,2026-04-22 20:00:00,2519.0,12,262.359999999997,122.08000000000177,-14.720000000004806,-0.04096708726728617,0.7716697549927751,0.3590693843936592,276.2884000000018,105.30888855008574,MA18_exit,2,3,Asia,1
1995477,1995843,-1,4666.96,4617.06,4740.0,4740.0,0.03,149.6999999999989,0.0,50.60999999999967,13.180000000000291,1995843,14,8737,8734,511.2799999999998,3910.927599999982,0.52,35.79318181818181,23.866432991105018,1,1994998,0.0,1.0,3761.227599999983,0.2,4740.0,1995494,4667.06,4740.0,6,2026-04-28 05:00:00,2026-04-28 11:06:00,2026-04-28 11:06:00,2026-04-27 20:00:00,366.0,2,151.82999999999902,39.54000000000087,149.6999999999989,0.2927945548427456,0.2969605695509292,0.07733531528712426,2.130000000000109,1.4028848053745129,partial_close,5,1,Asia,2
1995477,1998655,-1,4666.96,4616.77,4740.0,4666.86,0.04000000000000001,203.92639999999844,3.1664000000000003,156.5699999999997,13.180000000000291,1997561,8,8737,8734,511.2799999999998,4114.85399999998,0.52,35.79318181818181,23.866432991105018,2,1994998,1.0,1.0,3858.2075999999806,0.2,4666.86,1995494,4667.06,4740.0,0,2026-04-28 05:00:00,2026-04-30 12:00:00,2026-04-29 16:45:00,2026-04-27 20:00:00,3300.0,15,626.279999999999,52.72000000000117,200.75999999999843,0.3988546393365641,1.224925676732904,0.10311375371616568,422.3536000000005,67.43846202976324,MA18_exit,5,1,Asia,2
2001794,2003037,-1,4525.75,4575.85,4660.06,4660.06,0.04,-200.40000000000146,0.0,24.579999999999927,51.13000000000011,2001843,15,8764,8763,1074.4800000000032,3914.453999999979,0.51,41.02045454545458,21.618029607709406,1,2001653,0.0,1.0,4114.85399999998,0.2,4660.06,2003037,4525.85,4660.06,7,2026-05-04 18:21:00,2026-05-05 16:05:00,2026-05-04 19:10:00,2026-05-04 16:00:00,1304.0,7,98.31999999999971,204.52000000000044,-200.40000000000146,-0.18650882287246004,0.0915047278683637,0.1903432357977811,298.72000000000116,303.8242473555757,partial_loss,18,0,NewYork,0
2001794,2003691,-1,4525.75,4619.06,4660.06,4660.06,0.04,-370.8652000000016,2.3748,24.579999999999927,94.57999999999993,2001843,8,8764,8763,1074.4800000000032,3543.5887999999773,0.51,41.02045454545458,21.618029607709406,1,2001653,0.0,1.0,3536.133999999979,0.2,4660.06,2003690,4525.85,4660.06,0,2026-05-04 18:21:00,2026-05-06 04:00:00,2026-05-04 19:10:00,2026-05-04 16:00:00,2019.0,10,98.31999999999971,378.3199999999997,-373.2400000000016,-0.3451578437942079,0.0915047278683637,0.3520958975504417,469.1852000000013,477.2021969080581,MA18_exit,18,0,NewYork,0
2007199,2007648,1,4734.450000000001,4681.16,4675.65,4675.65,0.03,-159.87000000000262,0.0,14.789999999999054,56.11000000000058,2007229,15,8788,8786,411.6000000000077,3383.7187999999746,0.51,37.52863636363641,42.59575728592268,1,2006929,0.0,1.0,3543.5887999999773,0.2,4675.65,2007648,4734.35,4675.65,6,2026-05-08 16:30:00,2026-05-11 01:00:00,2026-05-08 17:00:00,2026-05-08 12:00:00,3390.0,3,44.36999999999716,168.33000000000175,-159.87000000000262,-0.38841107871720026,0.10779883381923307,0.4089650145772561,204.23999999999978,460.3110209601371,partial_loss,16,4,London/NY,1
2007199,2007788,1,4734.450000000001,4675.549999999999,4675.65,4675.65,0.04000000000000001,-241.67880000000588,-6.078800000000001,14.789999999999054,58.80000000000109,2007229,1,8788,8786,411.6000000000077,3142.0399999999686,0.51,37.52863636363641,42.59575728592268,1,2006929,0.0,1.0,3148.5187999999703,0.2,4675.65,2007788,4734.35,4675.65,0,2026-05-08 16:30:00,2026-05-11 03:20:00,2026-05-08 17:00:00,2026-05-08 12:00:00,3530.0,3,59.15999999999623,235.20000000000442,-235.60000000000588,-0.5871690962099159,0.14373177842564414,0.5714285714285715,300.8388000000021,508.5172413793463,SL_initial,16,4,London/NY,1
2013585,2013781,-1,4604.0199999999995,4554.12,4718.57,4718.57,0.03,149.6999999999989,0.0,50.66999999999916,1.270000000001346,2013781,14,8816,8815,687.3000000000011,3291.7399999999675,0.52,35.84363636363646,38.86745334104555,1,2013584,0.0,1.0,3142.0399999999686,0.2,4718.57,2013585,4604.12,4718.57,5,2026-05-15 08:01:00,2026-05-15 11:17:00,2026-05-15 11:17:00,2026-05-15 08:00:00,196.0,1,152.0099999999975,3.810000000004038,149.6999999999989,0.21780881711043018,0.22116979484940674,0.005543430816243317,2.309999999998581,1.51963686599475,partial_close,8,4,London,0
2013585,2018441,-1,4604.0199999999995,4534.880000000001,4718.57,4603.92,0.03,209.20109999999553,1.7811,150.34999999999945,1.270000000001346,2017609,8,8816,8815,687.3000000000011,3500.941099999963,0.52,35.84363636363646,38.86745334104555,2,2013584,1.0,1.0,3287.9299999999635,0.2,4603.92,2013585,4604.12,4718.57,0,2026-05-15 08:01:00,2026-05-20 20:00:00,2026-05-20 06:08:00,2026-05-15 08:00:00,7919.0,22,451.04999999999836,3.810000000004038,207.41999999999553,0.3043810563072824,0.6562636403317295,0.005543430816243317,241.84890000000283,53.619088792817585,MA18_exit,8,4,London,0
2023341,2024803,-1,4519.71,4469.81,4580.23,4580.23,0.03,149.6999999999989,0.0,57.399999999999636,21.18000000000029,2024803,14,8859,8858,423.63999999999675,3650.641099999962,0.51,28.95681818181819,19.314909314865474,1,2023327,0.0,1.0,3500.941099999963,0.2,4580.23,2023437,4519.81,4580.23,6,2026-05-26 12:14:00,2026-05-27 13:39:00,2026-05-27 13:39:00,2026-05-26 12:00:00,1525.0,7,172.1999999999989,63.54000000000087,149.6999999999989,0.3533660655273347,0.40647719762062184,0.149985837031445,22.5,13.066202090592418,partial_close,12,1,London,0
2023341,2025873,-1,4519.71,4381.150000000001,4580.23,4381.05,0.04000000000000001,558.000099999998,3.7601000000000004,153.13999999999942,21.18000000000029,2025803,5,8859,8858,423.63999999999675,4208.64119999996,0.51,28.95681818181819,19.314909314865474,5,2023327,1.0,1.0,3565.921099999961,0.2,4381.05,2023437,4519.81,4580.23,0,2026-05-26 12:14:00,2026-05-28 08:30:00,2026-05-28 07:20:00,2026-05-26 12:00:00,2656.0,12,612.5599999999978,84.72000000000118,554.2399999999981,1.317156311962993,1.4459446700028384,0.1999811160419267,54.55989999999974,8.906866266161673,SL_trailing,12,1,London,0
2031389,2032738,-1,4462.879999999999,4481.470000000001,4541.38,4541.38,0.08,-143.97040000001573,4.7496,38.63999999999942,21.480000000001382,2032334,8,8894,8893,628.0000000000073,4064.6707999999444,0.52,34.26636363636374,24.10662091797544,1,2031359,0.0,1.0,4036.801199999949,0.2,4541.38,2032721,4462.98,4541.38,0,2026-06-03 08:30:00,2026-06-04 08:00:00,2026-06-04 01:16:00,2026-06-03 08:00:00,1410.0,7,309.11999999999534,171.84000000001106,-148.72000000001572,-0.22925222929938543,0.4922292993630442,0.2736305732484221,453.0904000000111,146.57427536232464,MA18_exit,8,2,London,0
2034192,2034644,-1,4434.879999999999,4384.98,4515.18,4515.18,0.04,199.59999999999854,0.0,51.1299999999992,41.280000000000655,2034644,14,8906,8905,642.4000000000087,4264.270799999943,0.51,33.47318181818202,25.263853498892495,1,2034117,0.0,1.0,4064.6707999999444,0.2,4515.18,2034557,4434.98,4515.18,7,2026-06-05 09:15:00,2026-06-05 16:47:00,2026-06-05 16:47:00,2026-06-05 08:00:00,452.0,3,204.5199999999968,165.12000000000262,199.59999999999854,0.3107098381070919,0.31836861768367686,0.25703611457036174,4.919999999998254,2.405632700957525,partial_close,9,4,London,0
2034192,2037520,-1,4434.879999999999,4280.75,4515.18,4280.65,0.04,618.1031999999968,1.5832,171.5099999999993,41.280000000000655,2037513,5,8906,8905,642.4000000000087,4882.37399999994,0.51,33.47318181818202,25.263853498892495,5,2034117,1.0,1.0,4099.15079999994,0.2,4280.65,2034557,4434.98,4515.18,0,2026-06-05 09:15:00,2026-06-09 18:45:00,2026-06-09 18:38:00,2026-06-05 08:00:00,6330.0,15,686.0399999999972,165.12000000000262,616.5199999999968,0.9621780821917628,1.0679327521793087,0.25703611457036174,67.9368000000004,9.902746195557208,SL_trailing,9,4,London,0
2037885,2038057,-1,4236.139999999999,4186.24,4346.62,4346.62,0.04,199.59999999999854,0.0,51.17999999999938,11.260000000000218,2038057,14,8922,8920,994.3200000000043,5081.973999999938,0.55,43.66818181818185,35.19969703917319,1,2037595,0.0,1.0,4882.37399999994,0.2,4346.62,2037899,4236.24,4346.62,8,2026-06-10 01:51:00,2026-06-10 04:43:00,2026-06-10 04:43:00,2026-06-09 20:00:00,172.0,2,204.71999999999753,45.04000000000087,199.59999999999854,0.20074020436076684,0.20588945208785567,0.04529728859924439,5.119999999998981,2.500976944118329,partial_close,1,2,Asia,1
2037885,2040592,-1,4236.139999999999,4212.150000000001,4346.62,4236.04,0.049999999999999996,123.90799999999435,3.9579999999999993,212.01999999999953,11.260000000000218,2039287,8,8922,8920,994.3200000000043,5205.881999999932,0.55,43.66818181818185,35.19969703917319,2,2037595,1.0,1.0,5025.673999999937,0.2,4236.04,2037899,4236.24,4346.62,0,2026-06-10 01:51:00,2026-06-12 01:00:00,2026-06-11 02:14:00,2026-06-09 20:00:00,2829.0,13,1060.0999999999976,56.300000000001084,119.94999999999435,0.12461581784535543,1.0661557647437376,0.05662161074905548,936.1920000000033,88.31166871049952,MA18_exit,1,2,Asia,1
2046574,2046884,-1,4306.549999999999,4256.65,4382.12,4382.12,0.05,249.49999999999818,0.0,50.05999999999949,4.210000000000946,2046884,14,8960,8959,755.7000000000062,5455.3819999999305,0.52,40.597272727272745,17.88758710904392,1,2046528,0.0,1.0,5205.881999999932,0.2,4382.12,2046574,4306.65,4382.12,9,2026-06-18 08:46:00,2026-06-18 13:56:00,2026-06-18 13:56:00,2026-06-18 08:00:00,310.0,2,250.29999999999745,21.05000000000473,249.49999999999818,0.3301574698954561,0.3312160910414125,0.02785496890300987,0.7999999999992724,0.3196164602474153,partial_close,8,3,London,0
2046574,2050671,-1,4306.549999999999,4112.490000000001,4382.12,4112.39,0.05,973.2684999999929,2.9685,215.4999999999991,4.210000000000946,2050612,5,8960,8959,755.7000000000062,6428.650499999923,0.52,40.597272727272745,17.88758710904392,5,2046528,1.0,1.0,5434.331999999926,0.2,4112.39,2046574,4306.65,4382.12,0,2026-06-18 08:46:00,2026-06-23 12:06:00,2026-06-23 11:07:00,2026-06-18 08:00:00,7400.0,19,1077.4999999999955,21.05000000000473,970.2999999999929,1.287903268492768,1.4258303559613426,0.02785496890300987,104.2315000000026,9.673457076566407,SL_trailing,8,3,London,0
2051417,2051667,-1,4103.62,4053.72,4198.44,4198.44,0.06,299.40000000000055,0.0,51.159999999999854,8.86999999999989,2051667,14,8981,8978,1137.8399999999965,6728.050499999924,0.55,41.71409090909099,35.05170347876088,1,2050905,0.0,1.0,6428.650499999923,0.2,4198.44,2051512,4103.72,4198.44,11,2026-06-24 01:33:00,2026-06-24 05:43:00,2026-06-24 05:43:00,2026-06-23 16:00:00,250.0,2,306.9599999999991,53.219999999999345,299.40000000000055,0.2631301413203978,0.26977430921746476,0.046772832735709334,7.559999999998581,2.462861610632852,partial_close,1,2,Asia,2
2051417,2055042,-1,4103.62,4059.9100000000003,4198.44,4103.52,0.06,267.0095999999975,4.7496,144.40999999999985,8.86999999999989,2052588,8,8981,8978,1137.8399999999965,6995.0600999999215,0.55,41.71409090909099,35.05170347876088,2,2050905,1.0,1.0,6674.8304999999245,0.2,4103.52,2051512,4103.72,4198.44,0,2026-06-24 01:33:00,2026-06-26 16:00:00,2026-06-24 21:04:00,2026-06-23 16:00:00,3747.0,17,866.4599999999991,53.219999999999345,262.2599999999975,0.23466357308584537,0.7614954650917544,0.046772832735709334,599.4504000000017,69.18385153382756,MA18_exit,1,2,Asia,2
2065551,2065652,-1,4091.7400000000002,4041.84,4168.2,4168.2,0.06,299.40000000000055,0.0,50.090000000000146,15.419999999999618,2065652,14,9042,9039,993.9799999999946,7294.460099999922,0.51,34.54636363636347,20.699025772115785,1,2064934,0.0,1.0,6995.0600999999215,0.2,4168.2,2065551,4091.84,4168.2,12,2026-07-08 11:17:00,2026-07-08 12:58:00,2026-07-08 12:58:00,2026-07-08 01:00:00,101.0,2,300.5400000000009,92.51999999999771,299.40000000000055,0.30121330409062774,0.302360208454901,0.0930803436688849,1.1400000000003274,0.37931722898792974,partial_close,11,2,London,2
2065551,2066183,-1,4091.7400000000002,4091.74,4168.2,4091.64,0.07,3.1832314562052492e-12,0.0,69.71000000000004,15.419999999999618,2065986,2,9042,9039,993.9799999999946,7294.460099999926,0.51,34.54636363636347,20.699025772115785,2,2064934,1.0,1.0,7186.520099999924,0.2,4091.64,2065551,4091.84,4168.2,0,2026-07-08 11:17:00,2026-07-08 21:49:00,2026-07-08 18:32:00,2026-07-08 01:00:00,632.0,4,487.9700000000003,107.93999999999734,3.1832314562052492e-12,3.2025105698356775e-15,0.4909253707318085,0.10859373428036573,487.9699999999971,99.99999999999936,SL_breakeven,11,2,London,2
2066622,2066855,-1,4059.28,4109.380000000001,4133.69,4133.69,0.07,-350.7000000000058,0.0,4.7800000000002,51.04999999999973,2066635,15,9047,9045,1041.7399999999916,6943.7600999999195,0.52,35.15318181818159,27.919379873664866,1,2066313,0.0,1.0,7294.460099999926,0.2,4133.69,2066855,4059.38,4133.69,13,2026-07-09 06:09:00,2026-07-09 10:02:00,2026-07-09 06:22:00,2026-07-09 01:00:00,233.0,2,33.4600000000014,357.34999999999815,-350.7000000000058,-0.3366482999596911,0.03211933879855019,0.34303185055772173,384.1600000000072,1148.117154811689,partial_loss,6,3,Asia,1
2066622,2067277,-1,4059.28,4133.79,4133.69,4133.69,0.07,-521.5699999999983,0.0,4.7800000000002,75.91999999999962,2066635,1,9047,9045,1041.7399999999916,6422.190099999922,0.52,35.15318181818159,27.919379873664866,1,2066313,0.0,1.0,6412.320099999923,0.2,4133.69,2067277,4059.38,4133.69,0,2026-07-09 06:09:00,2026-07-09 17:04:00,2026-07-09 06:22:00,2026-07-09 01:00:00,655.0,4,33.4600000000014,531.4399999999973,-521.5699999999983,-0.5006719526945328,0.03211933879855019,0.5101464856874092,555.0299999999997,1658.7866108785909,SL_initial,6,3,Asia,1
2069555,2070184,-1,4049.98,4000.08,4120.77,4120.77,0.06,299.40000000000055,0.0,56.66999999999962,31.070000000000164,2070184,14,9060,9059,849.480000000005,6721.590099999922,0.51,37.46318181818182,24.975469691104067,1,2069491,0.0,1.0,6422.190099999922,0.2,4120.77,2069694,4050.08,4120.77,11,2026-07-13 09:04:00,2026-07-13 19:33:00,2026-07-13 19:33:00,2026-07-13 08:00:00,629.0,3,340.0199999999977,186.42000000000098,299.40000000000055,0.3524509111456406,0.40026839949144855,0.21945189998587358,40.61999999999716,11.94635609669944,partial_close,9,0,London,0
2069555,2071323,-1,4049.98,4100.08,4120.77,4120.77,0.03,-150.29999999999973,0.0,66.16999999999962,51.309999999999945,2070577,15,9060,9059,849.480000000005,6571.290099999922,0.51,37.46318181818182,24.975469691104067,1,2069491,0.0,1.0,6721.590099999921,0.2,4120.77,2071323,4050.08,4120.77,11,2026-07-13 09:04:00,2026-07-14 15:33:00,2026-07-14 03:07:00,2026-07-13 08:00:00,1829.0,8,198.50999999999885,153.92999999999984,-150.29999999999973,-0.17693177002401334,0.23368413617742345,0.18120497245373515,348.8099999999986,175.71406982016046,partial_loss,9,0,London,0
2069555,2071350,-1,4049.98,4076.51,4120.77,4120.77,0.03,-78.4026000000006,1.1874,66.16999999999962,51.309999999999945,2070577,8,9060,9059,849.480000000005,6492.887499999922,0.51,37.46318181818182,24.975469691104067,1,2069491,0.0,1.0,6417.360099999922,0.2,4120.77,2071323,4050.08,4120.77,0,2026-07-13 09:04:00,2026-07-14 16:00:00,2026-07-14 03:07:00,2026-07-13 08:00:00,1856.0,9,198.50999999999885,153.92999999999984,-79.5900000000006,-0.0922948156519284,0.23368413617742345,0.18120497245373515,276.91259999999943,139.4955417863085,MA18_exit,9,0,London,0
2072260,2072729,-1,4027.6800000000003,4068.71,4100.78,4100.78,0.12,-492.35999999999694,0.0,10.010000000000218,44.090000000000146,2072443,8,9072,9071,877.1999999999935,6000.527499999925,0.52,34.18863636363645,24.966592250449555,1,2072249,0.0,1.0,5963.80749999992,0.2,4100.78,2072727,4027.78,4100.78,0,2026-07-15 08:11:00,2026-07-15 16:00:00,2026-07-15 11:14:00,2026-07-15 08:00:00,469.0,3,120.12000000000262,529.0800000000017,-492.35999999999694,-0.561285909712723,0.1369357045143679,0.6031463748290079,612.4799999999996,509.8901098900984,MA18_exit,8,2,London,0
2074013,2074503,-1,4022.64,3972.74,4080.94,4080.94,0.06,299.40000000000055,0.0,52.26999999999953,20.93000000000029,2074503,14,9079,9078,699.6000000000022,6299.927499999925,0.51,36.10000000000007,18.79126404519765,1,2073868,0.0,1.0,6000.527499999925,0.2,4080.94,2074053,4022.74,4080.94,11,2026-07-16 14:25:00,2026-07-16 22:35:00,2026-07-16 22:35:00,2026-07-16 12:00:00,490.0,3,313.61999999999716,125.58000000000175,299.40000000000055,0.42795883361921044,0.4482847341337853,0.17950257289880125,14.219999999996617,4.534149607804587,partial_close,14,3,London/NY,0
2074013,2076386,-1,4022.64,4019.3399999999997,4080.94,4080.94,0.06,22.174800000001092,2.3748,62.649999999999636,20.93000000000029,2075488,8,9079,9078,699.6000000000022,6322.102299999926,0.51,36.10000000000007,18.79126404519765,1,2073868,0.0,1.0,6174.3474999999235,0.2,4080.94,2074053,4022.74,4080.94,0,2026-07-16 14:25:00,2026-07-20 08:00:00,2026-07-17 16:01:00,2026-07-16 12:00:00,5375.0,12,375.8999999999978,125.58000000000175,19.80000000000109,0.03169639794168242,0.5373070325900466,0.17950257289880125,353.72519999999673,94.10087789305635,MA18_exit,14,3,London/NY,0
2081666,2082861,-1,4039.58,4089.68,4165.77,4165.77,0.06,-300.59999999999945,0.0,17.40000000000009,58.17000000000007,2081959,15,9113,9110,1514.280000000006,6021.502299999926,0.52,28.476818181818132,39.699715819408254,1,2081243,0.0,1.0,6322.102299999926,0.2,4165.77,2082861,4039.68,4165.77,11,2026-07-24 04:04:00,2026-07-27 01:00:00,2026-07-24 08:57:00,2026-07-23 20:00:00,4136.0,6,104.40000000000055,349.02000000000044,-300.59999999999945,-0.1985101830572934,0.06894365639115628,0.23048577541801982,405.0,387.9310344827566,partial_loss,4,4,Asia,2
2081666,2083041,-1,4039.58,4100.85,4165.77,4165.77,0.06,-365.2452000000026,2.3748,17.40000000000009,77.09999999999945,2081959,8,9113,9110,1514.280000000006,5656.257099999923,0.52,28.476818181818132,39.699715819408254,1,2081243,0.0,1.0,5558.90229999993,0.2,4165.77,2082995,4039.68,4165.77,0,2026-07-24 04:04:00,2026-07-27 04:00:00,2026-07-24 08:57:00,2026-07-23 20:00:00,4316.0,7,104.40000000000055,462.5999999999967,-367.6200000000026,-0.24120057056819158,0.06894365639115628,0.3054917188366715,469.6452000000032,449.85172413793174,MA18_exit,4,4,Asia,2
2085803,2086819,-1,4011.2400000000002,4061.34,4116.15,4116.15,0.05,-250.49999999999955,0.0,15.070000000000164,73.92999999999984,2086592,15,9131,9128,1154.0099999999934,5405.757099999924,0.52,26.249090909090867,48.085280864147855,1,2085380,0.0,1.0,5656.257099999924,0.2,4116.15,2086819,4011.34,4116.15,10,2026-07-29 04:04:00,2026-07-29 21:00:00,2026-07-29 17:13:00,2026-07-28 20:00:00,1016.0,5,75.35000000000082,369.6499999999992,-250.49999999999955,-0.2170691761769837,0.06529406157659054,0.3203178481988902,325.85000000000036,432.4485733244815,partial_loss,4,2,Asia,2
2085803,2086880,-1,4011.2400000000002,4116.25,4116.15,4116.15,0.06,-630.0599999999986,0.0,15.070000000000164,105.0300000000002,2086592,1,9131,9128,1154.0099999999934,4775.697099999926,0.52,26.249090909090867,48.085280864147855,1,2085380,0.0,1.0,4775.577099999923,0.2,4116.15,2086880,4011.34,4116.15,0,2026-07-29 04:04:00,2026-07-29 22:01:00,2026-07-29 17:13:00,2026-07-28 20:00:00,1077.0,5,90.42000000000098,630.1800000000012,-630.0599999999986,-0.5459744716250311,0.07835287389190865,0.5460784568591301,720.4799999999996,796.8148639681395,SL_initial,4,2,Asia,2
2093737,2095907,1,4265.02,4314.92,4018.92,4018.92,0.04,199.59999999999854,0.0,51.55999999999949,41.79000000000087,2095907,14,9165,9164,2214.9000000000033,4975.297099999924,0.51,34.040909090909075,33.51828207332163,1,2093654,0.0,1.0,4775.697099999926,0.2,4018.92,2094998,4264.92,4018.92,8,2026-08-05 21:23:00,2026-08-07 11:35:00,2026-08-07 11:35:00,2026-08-05 20:00:00,2292.0,10,206.23999999999796,167.1600000000035,199.59999999999854,0.0901169353018187,0.09311481330985492,0.07547067587701622,6.639999999999418,3.2195500387895093,partial_close,21,2,NewYork,0
2093737,2100294,1,4265.02,4420.98,4018.92,4421.08,0.049999999999999996,735.5115999999955,-44.288399999999996,173.07999999999993,41.79000000000087,2100292,5,9165,9164,2214.9000000000033,5710.80869999992,0.51,34.040909090909075,33.51828207332163,5,2093654,1.0,1.0,4766.34709999992,0.2,4421.08,2094998,4264.92,4018.92,0,2026-08-05 21:23:00,2026-08-12 15:45:00,2026-08-12 15:43:00,2026-08-05 20:00:00,9742.0,29,865.3999999999995,208.95000000000434,779.7999999999955,0.33207440516501624,0.3907174138787296,0.09433834484627027,129.88840000000403,15.009059394500126,SL_trailing,21,2,NewYork,0
2100309,2101251,1,4438.200000000001,4388.1,4360.1,4360.1,0.05,-250.50000000000182,0.0,11.259999999999309,50.55000000000109,2100942,15,9194,9193,859.100000000004,5460.308699999918,0.51,36.859545454545405,41.68397092815786,1,2100309,0.0,1.0,5710.80869999992,0.2,4360.1,2101251,4438.1,4360.1,10,2026-08-12 16:00:00,2026-08-13 08:43:00,2026-08-13 03:34:00,2026-08-12 16:00:00,1003.0,5,56.299999999996544,252.75000000000546,-250.50000000000182,-0.29158421604004264,0.0655336980561009,0.2942032359445982,306.79999999999836,544.9378330373307,partial_loss,16,2,London/NY,0
2100309,2101448,1,4438.200000000001,4375.7,4360.1,4360.1,0.06,-403.65720000000545,-28.6572,11.259999999999309,74.30000000000109,2100942,8,9194,9193,859.100000000004,5056.651499999913,0.51,36.859545454545405,41.68397092815786,1,2100309,0.0,1.0,5014.508699999911,0.2,4360.1,2101399,4438.1,4360.1,0,2026-08-12 16:00:00,2026-08-13 12:00:00,2026-08-13 03:34:00,2026-08-12 16:00:00,1200.0,6,67.55999999999585,445.80000000000655,-375.00000000000546,-0.46986055174019736,0.07864043766732108,0.5189151437550977,471.2172000000013,697.4795737123005,MA18_exit,16,2,London/NY,0
2104503,2105944,1,4416.33,4366.759999999999,4366.86,4366.86,0.1,-504.3840000000062,-8.684000000000001,19.56999999999971,52.970000000000255,2105111,1,9212,9209,494.70000000000255,4552.267499999906,0.51,34.6913636363636,29.7416293671263,1,2103966,0.0,1.0,4526.95149999991,0.2,4366.86,2105944,4416.23,4310.38,0,2026-08-17 16:57:00,2026-08-18 17:59:00,2026-08-18 04:06:00,2026-08-17 08:00:00,1502.0,7,195.6999999999971,529.7000000000025,-495.7000000000062,-1.0195755003032214,0.3955932888619286,1.0707499494643213,700.0840000000032,357.73326520184656,SL_initial,16,0,London/NY,2
2107445,2109537,1,4499.22,4549.12,4323.92,4323.92,0.04,199.59999999999854,0.0,52.61999999999989,48.86000000000058,2109537,14,9225,9224,1577.7000000000016,4751.867499999905,0.51,36.09045454545449,26.94527706776896,1,2107444,0.0,1.0,4552.267499999906,0.2,4323.92,2108530,4499.12,4323.92,8,2026-08-19 20:01:00,2026-08-21 08:55:00,2026-08-21 08:55:00,2026-08-19 20:00:00,2214.0,10,210.47999999999956,195.44000000000233,199.59999999999854,0.12651327882360291,0.13340939342080202,0.1238765291246765,10.880000000001019,5.169137210186736,partial_close,20,2,NewYork,0
2107445,2111385,1,4499.22,4661.65,4323.92,4661.75,0.049999999999999996,776.5455999999967,-35.6044,181.4399999999996,48.86000000000058,2111376,5,9225,9224,1577.7000000000016,5528.4130999999015,0.51,36.09045454545449,26.94527706776896,5,2107444,1.0,1.0,4507.567499999902,0.2,4661.75,2108530,4499.12,4323.92,0,2026-08-19 20:01:00,2026-08-24 16:44:00,2026-08-24 16:35:00,2026-08-19 20:00:00,7003.0,18,907.1999999999979,244.30000000000288,812.1499999999967,0.49220105216454074,0.5750142612663985,0.1548456614058456,130.65440000000115,14.40194003527353,SL_trailing,20,2,NewYork,0
2111930,2112104,1,4680.76,4630.66,4450.36,4450.36,0.05,-250.50000000000182,0.0,15.88000000000011,50.30000000000018,2111982,15,9244,9242,2534.400000000006,5277.9130999999,0.54,42.6213636363636,49.42248719531465,1,2111581,0.0,1.0,5528.4130999999015,0.2,4450.36,2112104,4680.66,4450.36,10,2026-08-25 02:50:00,2026-08-25 05:44:00,2026-08-25 03:42:00,2026-08-24 20:00:00,174.0,2,79.40000000000055,251.5000000000009,-250.50000000000182,-0.0988399621212126,0.03132891414141428,0.09923453282828296,329.90000000000236,415.4911838790933,partial_loss,2,1,Asia,1
2111930,2113859,1,4680.76,4628.299999999999,4450.36,4450.36,0.06,-319.97040000000567,-5.2104,15.88000000000011,75.94999999999982,2111982,8,9244,9242,2534.400000000006,4957.942699999894,0.54,42.6213636363636,49.42248719531465,1,2111581,0.0,1.0,4822.213099999901,0.2,4450.36,2112767,4680.66,4450.36,0,2026-08-25 02:50:00,2026-08-26 12:00:00,2026-08-25 03:42:00,2026-08-24 20:00:00,1990.0,10,95.28000000000065,455.6999999999989,-314.7600000000057,-0.1262509469696989,0.03759469696969714,0.17980587121212036,415.2504000000063,435.82115869017997,MA18_exit,2,1,Asia,1
2122310,2122368,1,4443.56,4493.46,4282.04,4282.04,0.04,199.59999999999854,0.0,50.61999999999989,6.020000000000437,2122368,14,9289,9288,1453.680000000004,5157.542699999893,0.51,38.03727272727288,35.7123196730857,1,2122133,0.0,1.0,4957.942699999894,0.2,4282.04,2122333,4443.46,4282.04,8,2026-09-03 14:57:00,2026-09-03 15:55:00,2026-09-03 15:55:00,2026-09-03 12:00:00,58.0,1,202.47999999999956,24.080000000001746,199.59999999999854,0.1373066974850022,0.13928787628638972,0.016564856089374334,2.8800000000010186,1.4223627024896408,partial_close,14,3,London/NY,0
2122310,2123722,1,4443.56,4393.46,4282.04,4282.04,0.02,-100.20000000000073,0.0,67.07999999999993,54.410000000000764,2122512,15,9289,9288,1453.680000000004,5057.342699999892,0.51,38.03727272727288,35.7123196730857,1,2122133,0.0,1.0,5157.542699999893,0.2,4282.04,2123722,4443.46,4282.04,8,2026-09-03 14:57:00,2026-09-04 15:30:00,2026-09-03 18:19:00,2026-09-03 12:00:00,1473.0,7,134.15999999999985,108.82000000000153,-100.20000000000073,-0.06892851246491694,0.09228991249793592,0.07485829068295721,234.36000000000058,174.68694096601135,partial_loss,14,3,London/NY,0
2122310,2123752,1,4443.56,4393.259999999999,4282.04,4282.04,0.029999999999999995,-155.24200000000326,-4.342,67.07999999999993,69.41000000000076,2122512,8,9289,9288,1453.680000000004,4902.100699999889,0.51,38.03727272727288,35.7123196730857,1,2122133,0.0,1.0,4849.11269999989,0.2,4282.04,2123724,4443.46,4282.04,0,2026-09-03 14:57:00,2026-09-04 16:00:00,2026-09-03 18:19:00,2026-09-03 12:00:00,1503.0,8,201.23999999999975,208.23000000000226,-150.90000000000325,-0.1067924164878122,0.13843486874690386,0.14324335479610484,356.48200000000304,177.1427151659727,MA18_exit,14,3,London/NY,0
2128518,2128878,1,4421.52,4394.46,4374.46,4374.46,0.09,-243.5400000000036,0.0,13.589999999999236,29.220000000000255,2128698,8,9317,9315,423.5400000000036,4658.560699999885,0.52,37.2977272727272,25.064772152859803,1,2128218,0.0,1.0,4639.120699999887,0.2,4374.46,2128866,4421.42,4340.96,0,2026-09-10 06:00:00,2026-09-10 12:00:00,2026-09-10 09:00:00,2026-09-10 01:00:00,360.0,3,122.30999999999312,262.9800000000023,-243.5400000000036,-0.5750106247343852,0.288780280492969,0.6209094772630686,365.8499999999967,299.11699779250864,MA18_exit,6,3,Asia,1
2141568,2144319,-1,4294.36,4284.6900000000005,4370.96,4370.96,0.09,94.15439999999246,7.1244,49.92999999999938,21.69000000000051,2142754,10,9374,9373,689.4000000000033,4752.715099999878,0.51,31.31045454545442,23.61079804050375,1,2141526,0.0,1.0,4463.350699999881,0.2,4370.96,2144172,4294.46,4370.96,0,2026-09-23 16:42:00,2026-09-25 16:37:00,2026-09-24 13:30:00,2026-09-23 16:00:00,2875.0,13,449.36999999999443,195.21000000000458,87.02999999999247,0.1365744125326255,0.6518276762401977,0.2831592689295092,355.215600000002,79.04746645303568,end_of_test,16,2,London/NY,0
